URL,PAGE_TYPE,PRODUCT_COUNT,PRODUCT_COUNT_GROUP,INCOMING_HTML_PAGES,INCOMING_SOURCE_URLS,PARENT_URL,CATEGORY_URL,REACHABLE_FROM_HOME,IN_SITEMAP,INDEXABILITY,RECOMMENDED_INTERNAL_LINK_SOURCES,PRIORITY,TITLE,GENERATED_BY
/20-godishnina-ot-svatba-podarak/,intent_landing,0,0,0,,/bulgarski-podaratsi/,/bulgarski-podaratsi/,NO,YES,INDEX,Keep in sitemap; add products manually; do not promote prominently until content exists,MONITOR,Подарък за 20 години от сватбата | Българитъм,src/pages/[...slug].astro or dedicated route
/balgarski-maratonki/,intent_landing,0,0,0,,/bulgarski-drehi/obuvki/,/k/aksesoari/,NO,YES,INDEX,Keep in sitemap; add products manually; do not promote prominently until content exists,MONITOR,Български маратонки – модели и идеи | Българитъм,src/pages/[...slug].astro or dedicated route
/balgarsko-damsko-belo-pamuk/,intent_landing,0,0,0,,/k/belio/,/bulgarski-drehi/,NO,YES,INDEX,Keep in sitemap; add products manually; do not promote prominently until content exists,MONITOR,Българско дамско бельо от памук – модели и идеи | Българитъм,src/pages/[...slug].astro or dedicated route
/balni-rokli/,intent_landing,0,0,0,,/k/damsko-obleklo/,/bulgarski-drehi/,NO,YES,INDEX,Keep in sitemap; add products manually; do not promote prominently until content exists,MONITOR,Бални рокли – модели и идеи | Българитъм,src/pages/[...slug].astro or dedicated route
/bizhuta-ot-kehlibar/,intent_landing,0,0,0,,/k/bijuta/,/k/aksesoari/,NO,YES,INDEX,Keep in sitemap; add products manually; do not promote prominently until content exists,MONITOR,Бижута с кехлибар – материал и детайли | Българитъм,src/pages/[...slug].astro or dedicated route
/bizhuta-po-porachka/,intent_landing,0,0,26,/p/damsko-kolie-ot-koprina-i-med/; /p/golemi-obeci-balerina-ramonna/; /p/golemi-obeci-s-cvetya-amalfi/; /p/grivna-pearls/; /p/kabala-obetsi-halki-sheva-brachot/; /p/kabala-obetsi-s-kultivirani-beli-perli/; /p/kabbalah-obetsi-ot-srebro/; /p/kabbalah-obetsi-srebro-s-tsirkoni/; /p/kaso-srebarno-kolie-s-perla/; /p/kolie-pearls/; /p/kolie-rose-aura/; /p/mazhka-grivna-ot-med-spokoystvie-1-5-sm/; /p/mazhka-grivna-ot-med-tiha-sila/; /p/obeci-dobrudzhanski-region/; /p/obeci-peperudi-on-a-date/; /p/obeci-sofiyski-region/; /p/oksidirani-srebarni-obetsi-krila-na-angel/; /p/pearls-cascade-trireden-gerdan-ot-perli/; /p/srebaren-medalion-vechna-pregrydka/; /p/srebarna-tvarda-grivna-melted/; /p/srebarni-obeci-s-krag-i-visiasht-element/; /p/srebarni-obeci-tiara/; /p/srebarno-kolie-shisharka/; /p/srebarno-kolie-zhalad/; /p/tanka-zlatna-verizhka-14-karata/; /p/zlaten-medalion-nova/,/k/bijuta/,/k/aksesoari/,YES,YES,INDEX,Keep in sitemap; add products manually; do not promote prominently until content exists,MONITOR,Бижута по поръчка | Българитъм,src/pages/[...slug].astro or dedicated route
/bizhuta-s-cheren-turmalin/,intent_landing,0,0,0,,/k/bijuta/,/k/aksesoari/,NO,YES,INDEX,Keep in sitemap; add products manually; do not promote prominently until content exists,MONITOR,Бижута с черен турмалин – материал и детайли | Българитъм,src/pages/[...slug].astro or dedicated route
/bizhuta-s-diamanti/,intent_landing,0,0,0,,/k/bijuta/,/k/aksesoari/,NO,YES,INDEX,Keep in sitemap; add products manually; do not promote prominently until content exists,MONITOR,Бижута с диаманти – материал и детайли | Българитъм,src/pages/[...slug].astro or dedicated route
/bizhuta-s-izumrud/,intent_landing,0,0,0,,/k/bijuta/,/k/aksesoari/,NO,YES,INDEX,Keep in sitemap; add products manually; do not promote prominently until content exists,MONITOR,Бижута с изумруд – материал и детайли | Българитъм,src/pages/[...slug].astro or dedicated route
/bizhuta-s-labradorit/,intent_landing,0,0,0,,/k/bijuta/,/k/aksesoari/,NO,YES,INDEX,Keep in sitemap; add products manually; do not promote prominently until content exists,MONITOR,Бижута с лабрадорит – материал и детайли | Българитъм,src/pages/[...slug].astro or dedicated route
/bizhuta-s-moysanit/,intent_landing,0,0,0,,/k/bijuta/,/k/aksesoari/,NO,YES,INDEX,Keep in sitemap; add products manually; do not promote prominently until content exists,MONITOR,Бижута с мойсанит – материал и детайли | Българитъм,src/pages/[...slug].astro or dedicated route
/bizhuta-s-rubin/,intent_landing,0,0,0,,/k/bijuta/,/k/aksesoari/,NO,YES,INDEX,Keep in sitemap; add products manually; do not promote prominently until content exists,MONITOR,Бижута с рубин – материал и детайли | Българитъм,src/pages/[...slug].astro or dedicated route
/bizhuta-s-tigrovo-oko/,intent_landing,0,0,0,,/k/bijuta/,/k/aksesoari/,NO,YES,INDEX,Keep in sitemap; add products manually; do not promote prominently until content exists,MONITOR,Бижута с тигрово око – материал и детайли | Българитъм,src/pages/[...slug].astro or dedicated route
/bizhuta-s-tsitrin/,intent_landing,0,0,0,,/k/bijuta/,/k/aksesoari/,NO,YES,INDEX,Keep in sitemap; add products manually; do not promote prominently until content exists,MONITOR,Бижута с цитрин – материал и детайли | Българитъм,src/pages/[...slug].astro or dedicated route
/boho-roklya/,intent_landing,0,0,0,,/k/damsko-obleklo/,/bulgarski-drehi/,NO,YES,INDEX,Keep in sitemap; add products manually; do not promote prominently until content exists,MONITOR,Бохо рокли – модели и идеи | Българитъм,src/pages/[...slug].astro or dedicated route
/bulgarski-boti/,intent_landing,0,0,0,,/bulgarski-drehi/obuvki/,/k/aksesoari/,NO,YES,INDEX,Keep in sitemap; add products manually; do not promote prominently until content exists,MONITOR,Български боти – модели и идеи | Българитъм,src/pages/[...slug].astro or dedicated route
/bulgarski-brandove-za-drehi/,intent_landing,0,0,2,/bulgarski-brandove-za-drehi/; /bulgarski-brandove/,/,/,YES,YES,INDEX,Keep in sitemap; add products manually; do not promote prominently until content exists,MONITOR,Български брандове за дрехи и модни марки | Българитъм,src/pages/[...slug].astro or dedicated route
/bulgarski-brandove/,intent_landing,0,0,924,/; /20-godishnina-ot-svatba-podarak/; /balgarski-maratonki/; /balgarsko-damsko-belo-pamuk/; /balni-rokli/; /beli-rokli/; /bezhovi-rokli/; /bizhuta-ot-kehlibar/; /bizhuta-ot-meditsinska-stomana/; /bizhuta-po-porachka/; /bizhuta-s-cheren-turmalin/; /bizhuta-s-diamanti/; /bizhuta-s-hematit/; /bizhuta-s-izumrud/; /bizhuta-s-labradorit/; /bizhuta-s-moysanit/; /bizhuta-s-perli/; /bizhuta-s-rubin/; /bizhuta-s-tigrovo-oko/; /bizhuta-s-tsitrin/; /blog/; /boho-roklya/; /brand/160-candles/; /brand/2-leta/; /brand/addict-boutique/; /brand/affect/; /brand/alleexxa/; /brand/alteya-organics/; /brand/amalina/; /brand/amira-perfumes/; /brand/armodini/; /brand/art-tochka/; /brand/aurababy/; /brand/aurora/; /brand/avenew/; /brand/axtracts/; /brand/ballhole/; /brand/bebeshki-spomeni/; /brand/belong/; /brand/benepura/; /brand/bohosi/; /brand/bolgeva/; /brand/boriana-sport/; /brand/cherryme/; /brand/code-moda/; /brand/comerse/; /brand/crafts-of-space/; /brand/cveta-todorova/; /brand/cyxo/; /brand/daniel-fashion/; … +874 more,/,/,YES,YES,INDEX,Keep in sitemap; add products manually; do not promote prominently until content exists,MONITOR,Български брандове – каталог на родни марки | Българитъм,src/pages/[...slug].astro or dedicated route
/bulgarski-domashni-chehli/,intent_landing,0,0,0,,/bulgarski-drehi/obuvki/,/k/aksesoari/,NO,YES,INDEX,Keep in sitemap; add products manually; do not promote prominently until content exists,MONITOR,Български домашни чехли – модели и идеи | Българитъм,src/pages/[...slug].astro or dedicated route
/bulgarski-drehi/obuvki/,clothing_landing,0,0,7,/balgarski-maratonki/; /bulgarski-boti/; /bulgarski-domashni-chehli/; /bulgarski-drehi/obuvki/; /bulgarski-mazhki-obuvki-estestvena-kozha/; /bulgarski-obuvki-estestvena-kozha/; /bulgarski-sandali-estestvena-kozha/,/bulgarski-drehi/obuvki/,/k/aksesoari/,NO,YES,INDEX,Keep in sitemap; add products manually; do not promote prominently until content exists,MONITOR,Български обувки от локални марки | Българитъм,src/pages/bulgarski-drehi/[slug].astro
/bulgarski-kozeni-yaketa/,intent_landing,0,0,0,,/k/damsko-obleklo/,/bulgarski-drehi/,NO,YES,INDEX,Keep in sitemap; add products manually; do not promote prominently until content exists,MONITOR,Български кожени якета – модели и идеи | Българитъм,src/pages/[...slug].astro or dedicated route
/bulgarski-letni-rokli/,intent_landing,0,0,0,,/k/damsko-obleklo/,/bulgarski-drehi/,NO,YES,INDEX,Keep in sitemap; add products manually; do not promote prominently until content exists,MONITOR,Български летни рокли – модели и идеи | Българитъм,src/pages/[...slug].astro or dedicated route
/bulgarski-mazhki-obuvki-estestvena-kozha/,intent_landing,0,0,0,,/bulgarski-drehi/obuvki/,/k/aksesoari/,NO,YES,INDEX,Keep in sitemap; add products manually; do not promote prominently until content exists,MONITOR,Български мъжки обувки от естествена кожа | Българитъм,src/pages/[...slug].astro or dedicated route
/bulgarski-mazhki-obuvki/,intent_landing,0,0,0,,/k/mazhko-obleklo/,/bulgarski-drehi/,NO,YES,INDEX,Keep in sitemap; add products manually; do not promote prominently until content exists,MONITOR,Български мъжки обувки | Българитъм,src/pages/[...slug].astro or dedicated route
/bulgarski-mazhki-puloveri/,intent_landing,0,0,0,,/k/mazhko-obleklo/,/bulgarski-drehi/,NO,YES,INDEX,Keep in sitemap; add products manually; do not promote prominently until content exists,MONITOR,Български мъжки пуловери | Българитъм,src/pages/[...slug].astro or dedicated route
/bulgarski-mazhki-yaketa/,intent_landing,0,0,0,,/k/mazhko-obleklo/,/bulgarski-drehi/,NO,YES,INDEX,Keep in sitemap; add products manually; do not promote prominently until content exists,MONITOR,Български мъжки якета | Българитъм,src/pages/[...slug].astro or dedicated route
/bulgarski-mazhki-zimni-yaketa/,intent_landing,0,0,0,,/k/mazhko-obleklo/,/bulgarski-drehi/,NO,YES,INDEX,Keep in sitemap; add products manually; do not promote prominently until content exists,MONITOR,Български мъжки зимни якета – модели и идеи | Българитъм,src/pages/[...slug].astro or dedicated route
/bulgarski-obuvki-estestvena-kozha/,intent_landing,0,0,0,,/bulgarski-drehi/obuvki/,/k/aksesoari/,NO,YES,INDEX,Keep in sitemap; add products manually; do not promote prominently until content exists,MONITOR,Български обувки от естествена кожа | Българитъм,src/pages/[...slug].astro or dedicated route
/bulgarski-sandali-estestvena-kozha/,intent_landing,0,0,0,,/bulgarski-drehi/obuvki/,/k/aksesoari/,NO,YES,INDEX,Keep in sitemap; add products manually; do not promote prominently until content exists,MONITOR,Български сандали от естествена кожа | Българитъм,src/pages/[...slug].astro or dedicated route
/bulgarsko-mazhko-belyo/,intent_landing,0,0,0,,/k/belio/,/bulgarski-drehi/,NO,YES,INDEX,Keep in sitemap; add products manually; do not promote prominently until content exists,MONITOR,Българско мъжко бельо – модели и идеи | Българитъм,src/pages/[...slug].astro or dedicated route
/cherna-riza/,intent_landing,0,0,0,,/k/damsko-obleklo/,/bulgarski-drehi/,NO,YES,INDEX,Keep in sitemap; add products manually; do not promote prominently until content exists,MONITOR,Черни ризи – модели и идеи | Българитъм,src/pages/[...slug].astro or dedicated route
/chervena-roklya/,intent_landing,0,0,0,,/k/damsko-obleklo/,/bulgarski-drehi/,NO,YES,INDEX,Keep in sitemap; add products manually; do not promote prominently until content exists,MONITOR,Червени рокли – модели и идеи | Българитъм,src/pages/[...slug].astro or dedicated route
/damski-bluzi-s-dalag-rakav/,intent_landing,0,0,0,,/k/damsko-obleklo/,/bulgarski-drehi/,NO,YES,INDEX,Keep in sitemap; add products manually; do not promote prominently until content exists,MONITOR,Дамски блузи с дълъг ръкав – модели и идеи | Българитъм,src/pages/[...slug].astro or dedicated route
/damski-bluzi-s-kas-rakav/,intent_landing,0,0,0,,/k/damsko-obleklo/,/bulgarski-drehi/,NO,YES,INDEX,Keep in sitemap; add products manually; do not promote prominently until content exists,MONITOR,Дамски блузи с къс ръкав – модели и идеи | Българитъм,src/pages/[...slug].astro or dedicated route
/damski-rokli-s-dalag-rakav/,intent_landing,0,0,0,,/k/damsko-obleklo/,/bulgarski-drehi/,NO,YES,INDEX,Keep in sitemap; add products manually; do not promote prominently until content exists,MONITOR,Дамски рокли с дълъг ръкав – модели и идеи | Българитъм,src/pages/[...slug].astro or dedicated route
/damski-rokli-s-kas-rakav/,intent_landing,0,0,0,,/k/damsko-obleklo/,/bulgarski-drehi/,NO,YES,INDEX,Keep in sitemap; add products manually; do not promote prominently until content exists,MONITOR,Дамски рокли с къс ръкав – модели и идеи | Българитъм,src/pages/[...slug].astro or dedicated route
/esenni-rokli/,intent_landing,0,0,0,,/k/damsko-obleklo/,/bulgarski-drehi/,NO,YES,INDEX,Keep in sitemap; add products manually; do not promote prominently until content exists,MONITOR,Есенни рокли – модели и идеи | Българитъм,src/pages/[...slug].astro or dedicated route
/godezhen-prasten-s-diamant/,intent_landing,0,0,0,,/k/bijuta/,/k/aksesoari/,NO,YES,INDEX,Keep in sitemap; add products manually; do not promote prominently until content exists,MONITOR,Годежни пръстени с диамант – материал и детайли | Българитъм,src/pages/[...slug].astro or dedicated route
/grivna-cherven-konets/,intent_landing,0,0,0,,/k/bijuta/,/k/aksesoari/,NO,YES,INDEX,Keep in sitemap; add products manually; do not promote prominently until content exists,MONITOR,Гривни с червен конец – материал и детайли | Българитъм,src/pages/[...slug].astro or dedicated route
/grivna-s-bukva/,intent_landing,0,0,0,,/k/bijuta/,/k/aksesoari/,NO,YES,INDEX,Keep in sitemap; add products manually; do not promote prominently until content exists,MONITOR,Гривни с буква – материал и детайли | Българитъм,src/pages/[...slug].astro or dedicated route
/grivna-s-ime/,intent_landing,0,0,0,,/k/bijuta/,/k/aksesoari/,NO,YES,INDEX,Keep in sitemap; add products manually; do not promote prominently until content exists,MONITOR,Гривни с име – материал и детайли | Българитъм,src/pages/[...slug].astro or dedicated route
/grivna-s-krast/,intent_landing,0,0,0,,/k/bijuta/,/k/aksesoari/,NO,YES,INDEX,Keep in sitemap; add products manually; do not promote prominently until content exists,MONITOR,Гривни с кръст – материал и детайли | Българитъм,src/pages/[...slug].astro or dedicated route
/grivni-ot-meditsinska-stomana/,intent_landing,0,0,0,,/k/bijuta/,/k/aksesoari/,NO,YES,INDEX,Keep in sitemap; add products manually; do not promote prominently until content exists,MONITOR,Гривни от медицинска стомана | Българитъм,src/pages/[...slug].astro or dedicated route
/hematit-grivna/,intent_landing,0,0,0,,/k/bijuta/,/k/aksesoari/,NO,YES,INDEX,Keep in sitemap; add products manually; do not promote prominently until content exists,MONITOR,Гривни с хематит – материал и детайли | Българитъм,src/pages/[...slug].astro or dedicated route
/k/aksesoari-za-domashni-lyubimci/,taxonomy_landing,0,0,0,,/k/domashni-lyubimci/,/k/domashni-lyubimci/,NO,YES,INDEX,Keep in sitemap; add products manually; do not promote prominently until content exists,MONITOR,Аксесоари | Домашни любимци | Българитъм,src/pages/k/[slug].astro
/k/banya/,taxonomy_landing,0,0,0,,/k/za-doma/,/k/za-doma/,NO,YES,INDEX,Keep in sitemap; add products manually; do not promote prominently until content exists,MONITOR,Баня | Дом и интериор | Българитъм,src/pages/k/[slug].astro
/k/belio/,taxonomy_landing,0,0,3,/balgarsko-damsko-belo-pamuk/; /bulgarski-drehi/pizhami/; /bulgarsko-mazhko-belyo/,/bulgarski-drehi/,/bulgarski-drehi/,YES,YES,INDEX,Keep in sitemap; add products manually; do not promote prominently until content exists,MONITOR,Българско бельо – модели и идеи | Българитъм,src/pages/k/[slug].astro
/k/chai-i-bilki/,taxonomy_landing,0,0,0,,/k/zdrave-i-grizha/,/k/zdrave-i-grizha/,NO,YES,INDEX,Keep in sitemap; add products manually; do not promote prominently until content exists,MONITOR,Чай и билки | Здраве и грижа | Българитъм,src/pages/k/[slug].astro
/k/detski-aksesoari/,taxonomy_landing,0,0,0,,/k/deca/,/k/deca/,NO,NO,INDEX,Keep in sitemap; add products manually; do not promote prominently until content exists,MONITOR,Детски мебели и текстил | Деца | Българитъм,src/pages/k/[slug].astro
/k/detski-knigi/,taxonomy_landing,0,0,0,,/k/deca/,/k/deca/,NO,YES,INDEX,Keep in sitemap; add products manually; do not promote prominently until content exists,MONITOR,Детски книги | Деца | Българитъм,src/pages/k/[slug].astro
/k/detski-mebeli-i-tekstil/,taxonomy_landing,0,0,0,,/k/deca/,/k/deca/,NO,YES,INDEX,Keep in sitemap; add products manually; do not promote prominently until content exists,MONITOR,Детски мебели и текстил | Деца | Българитъм,src/pages/k/[slug].astro
/k/hrana-i-napitki/,taxonomy_landing,0,0,4,/k/napitki/; /p/cheresha/; /p/kaisiya/; /p/malina-500-ml-spetsialna-seriya/,/,/,YES,YES,INDEX,Keep in sitemap; add products manually; do not promote prominently until content exists,MONITOR,Храна и напитки | Български продукти | Българитъм,src/pages/k/[slug].astro
/k/igri/,taxonomy_landing,0,0,0,,/k/zabavlenie/,/k/zabavlenie/,NO,YES,INDEX,Keep in sitemap; add products manually; do not promote prominently until content exists,MONITOR,Игри | Забавление | Българитъм,src/pages/k/[slug].astro
/k/knigi/,taxonomy_landing,0,0,1,/bulgarski-detski-knigi/,/k/zabavlenie/,/k/zabavlenie/,NO,YES,INDEX,Keep in sitemap; add products manually; do not promote prominently until content exists,MONITOR,Книги | Забавление | Българитъм,src/pages/k/[slug].astro
/k/kozmetika-za-deca/,taxonomy_landing,0,0,1,/bulgarska-bebeshka-kozmetika/,/k/deca/,/k/deca/,NO,YES,INDEX,Keep in sitemap; add products manually; do not promote prominently until content exists,MONITOR,Козметика за деца | Деца | Българитъм,src/pages/k/[slug].astro
/k/kozmetika-za-mazhe/,taxonomy_landing,0,0,0,,/k/kozmetika/,/k/kozmetika/,NO,YES,INDEX,Keep in sitemap; add products manually; do not promote prominently until content exists,MONITOR,За мъже | Козметика | Българитъм,src/pages/k/[slug].astro
/k/napitki/,taxonomy_landing,0,0,0,,/k/hrana-i-napitki/,/k/hrana-i-napitki/,NO,YES,INDEX,Keep in sitemap; add products manually; do not promote prominently until content exists,MONITOR,Напитки | Храна и напитки | Българитъм,src/pages/k/[slug].astro
/k/sport/,taxonomy_landing,0,0,0,,/k/zdrave-i-grizha/,/k/zdrave-i-grizha/,NO,YES,INDEX,Keep in sitemap; add products manually; do not promote prominently until content exists,MONITOR,Спорт | Здраве и грижа | Българитъм,src/pages/k/[slug].astro
/k/zabavlenie/,taxonomy_landing,0,0,4,/bulgarski-detski-knigi/; /bulgarski-suveniri/; /k/igri/; /k/knigi/,/,/,NO,YES,INDEX,Keep in sitemap; add products manually; do not promote prominently until content exists,MONITOR,Забавление | Български продукти | Българитъм,src/pages/k/[slug].astro
/kafyava-roklya/,intent_landing,0,0,0,,/k/damsko-obleklo/,/bulgarski-drehi/,NO,YES,INDEX,Keep in sitemap; add products manually; do not promote prominently until content exists,MONITOR,Кафяви рокли – модели и идеи | Българитъм,src/pages/[...slug].astro or dedicated route
/koleden-podarak-za-mazh/,intent_landing,0,0,0,,/bulgarski-podaratsi/za-mazh/,/bulgarski-podaratsi/,NO,YES,INDEX,Keep in sitemap; add products manually; do not promote prominently until content exists,MONITOR,Коледен подарък за мъж – идеи за подарък | Българитъм,src/pages/[...slug].astro or dedicated route
/kolieta-ot-meditsinska-stomana/,intent_landing,0,0,0,,/k/bijuta/,/k/aksesoari/,NO,YES,INDEX,Keep in sitemap; add products manually; do not promote prominently until content exists,MONITOR,Колиета от медицинска стомана | Българитъм,src/pages/[...slug].astro or dedicated route
/kozmetika-za-dehidratirana-kozha/,intent_landing,0,0,0,,/k/kozmetika-lice/,/k/kozmetika/,NO,YES,INDEX,Keep in sitemap; add products manually; do not promote prominently until content exists,MONITOR,Козметика за дехидратирана кожа | Българитъм,src/pages/[...slug].astro or dedicated route
/kozmetika-za-suha-kosa/,intent_landing,0,0,0,,/k/kozmetika-kosa/,/k/kozmetika/,NO,YES,INDEX,Keep in sitemap; add products manually; do not promote prominently until content exists,MONITOR,Козметика за суха коса – грижа и състав | Българитъм,src/pages/[...slug].astro or dedicated route
/kutiya-za-bizhuta/,intent_landing,0,0,0,,/k/bijuta/,/k/aksesoari/,NO,YES,INDEX,Keep in sitemap; add products manually; do not promote prominently until content exists,MONITOR,Кутия за бижута | Българитъм,src/pages/[...slug].astro or dedicated route
/originalen-podarak-za-10-godishno-momche/,intent_landing,0,0,0,,/bulgarski-podaratsi/za-dete/,/bulgarski-podaratsi/,NO,YES,INDEX,Keep in sitemap; add products manually; do not promote prominently until content exists,MONITOR,Подарък за 10-годишно момче – идеи за подарък | Българитъм,src/pages/[...slug].astro or dedicated route
/originalen-podarak-za-10-godishno-momiche/,intent_landing,0,0,0,,/bulgarski-podaratsi/za-dete/,/bulgarski-podaratsi/,NO,YES,INDEX,Keep in sitemap; add products manually; do not promote prominently until content exists,MONITOR,Подарък за 10-годишно момиче – идеи за подарък | Българитъм,src/pages/[...slug].astro or dedicated route
/originalen-podarak-za-9-godishno-momiche/,intent_landing,0,0,0,,/bulgarski-podaratsi/za-dete/,/bulgarski-podaratsi/,NO,YES,INDEX,Keep in sitemap; add products manually; do not promote prominently until content exists,MONITOR,Подарък за 9-годишно момиче – идеи за подарък | Българитъм,src/pages/[...slug].astro or dedicated route
/originalen-podarak-za-momiche-na-7-godini/,intent_landing,0,0,0,,/bulgarski-podaratsi/za-dete/,/bulgarski-podaratsi/,NO,YES,INDEX,Keep in sitemap; add products manually; do not promote prominently until content exists,MONITOR,Подарък за 7-годишно момиче – идеи за подарък | Българитъм,src/pages/[...slug].astro or dedicated route
/podarak-za-10-godishnina-ot-svatba/,intent_landing,0,0,0,,/bulgarski-podaratsi/,/bulgarski-podaratsi/,NO,YES,INDEX,Keep in sitemap; add products manually; do not promote prominently until content exists,MONITOR,Подарък за 10 години от сватбата | Българитъм,src/pages/[...slug].astro or dedicated route
/podarak-za-25-godishen-mazh/,intent_landing,0,0,0,,/bulgarski-podaratsi/za-mazh/,/bulgarski-podaratsi/,NO,YES,INDEX,Keep in sitemap; add products manually; do not promote prominently until content exists,MONITOR,Подарък за 25-годишен мъж – идеи за подарък | Българитъм,src/pages/[...slug].astro or dedicated route
/podarak-za-30-godishen-yubiley-zhena/,intent_landing,0,0,0,,/bulgarski-podaratsi/za-zhena/,/bulgarski-podaratsi/,NO,YES,INDEX,Keep in sitemap; add products manually; do not promote prominently until content exists,MONITOR,Подарък за 30-годишна жена – идеи за подарък | Българитъм,src/pages/[...slug].astro or dedicated route
/podarak-za-4-godishno-momche/,intent_landing,0,0,0,,/bulgarski-podaratsi/za-dete/,/bulgarski-podaratsi/,NO,YES,INDEX,Keep in sitemap; add products manually; do not promote prominently until content exists,MONITOR,Подарък за 4-годишно момче – идеи за подарък | Българитъм,src/pages/[...slug].astro or dedicated route
/podarak-za-40-godishnina-na-mazh/,intent_landing,0,0,0,,/bulgarski-podaratsi/za-mazh/,/bulgarski-podaratsi/,NO,YES,INDEX,Keep in sitemap; add products manually; do not promote prominently until content exists,MONITOR,Подарък за 40-годишен мъж – идеи за подарък | Българитъм,src/pages/[...slug].astro or dedicated route
/podarak-za-40-godishnina-ot-svatba/,intent_landing,0,0,0,,/bulgarski-podaratsi/,/bulgarski-podaratsi/,NO,YES,INDEX,Keep in sitemap; add products manually; do not promote prominently until content exists,MONITOR,Подарък за 40 години от сватбата | Българитъм,src/pages/[...slug].astro or dedicated route
/podarak-za-60-godishen-yubiley-mazh/,intent_landing,0,0,0,,/bulgarski-podaratsi/za-mazh/,/bulgarski-podaratsi/,NO,YES,INDEX,Keep in sitemap; add products manually; do not promote prominently until content exists,MONITOR,Подарък за 60-годишен мъж – идеи за подарък | Българитъм,src/pages/[...slug].astro or dedicated route
/podarak-za-70-godishen-yubiley-na-zhena/,intent_landing,0,0,0,,/bulgarski-podaratsi/za-zhena/,/bulgarski-podaratsi/,NO,YES,INDEX,Keep in sitemap; add products manually; do not promote prominently until content exists,MONITOR,Подарък за 70-годишна жена – идеи за подарък | Българитъм,src/pages/[...slug].astro or dedicated route
/podarak-za-70-godishnina-na-mazh/,intent_landing,0,0,0,,/bulgarski-podaratsi/za-mazh/,/bulgarski-podaratsi/,NO,YES,INDEX,Keep in sitemap; add products manually; do not promote prominently until content exists,MONITOR,Подарък за 70-годишен мъж – идеи за подарък | Българитъм,src/pages/[...slug].astro or dedicated route
/podarak-za-8-mart-za-uchitelka/,intent_landing,0,0,0,,/bulgarski-podaratsi/za-zhena/,/bulgarski-podaratsi/,NO,YES,INDEX,Keep in sitemap; add products manually; do not promote prominently until content exists,MONITOR,Подарък за учителка за 8 март – идеи за подарък | Българитъм,src/pages/[...slug].astro or dedicated route
/podarak-za-80-godishen-yubiley-zhena/,intent_landing,0,0,0,,/bulgarski-podaratsi/za-zhena/,/bulgarski-podaratsi/,NO,YES,INDEX,Keep in sitemap; add products manually; do not promote prominently until content exists,MONITOR,Подарък за 80-годишна жена – идеи за подарък | Българитъм,src/pages/[...slug].astro or dedicated route
/podarak-za-80-godishnina-na-mazh/,intent_landing,0,0,0,,/bulgarski-podaratsi/za-mazh/,/bulgarski-podaratsi/,NO,YES,INDEX,Keep in sitemap; add products manually; do not promote prominently until content exists,MONITOR,Подарък за 80-годишен мъж – идеи за подарък | Българитъм,src/pages/[...slug].astro or dedicated route
/podarak-za-dete-na-1-godina/,intent_landing,0,0,0,,/bulgarski-podaratsi/za-dete/,/bulgarski-podaratsi/,NO,YES,INDEX,Keep in sitemap; add products manually; do not promote prominently until content exists,MONITOR,Подарък за дете на 1 година – идеи за подарък | Българитъм,src/pages/[...slug].astro or dedicated route
/podarak-za-dete-na-10-godini/,intent_landing,0,0,0,,/bulgarski-podaratsi/za-dete/,/bulgarski-podaratsi/,NO,YES,INDEX,Keep in sitemap; add products manually; do not promote prominently until content exists,MONITOR,Подарък за дете на 10 години – идеи за подарък | Българитъм,src/pages/[...slug].astro or dedicated route
/podarak-za-dete-na-2-godini/,intent_landing,0,0,0,,/bulgarski-podaratsi/za-dete/,/bulgarski-podaratsi/,NO,YES,INDEX,Keep in sitemap; add products manually; do not promote prominently until content exists,MONITOR,Подарък за дете на 2 години – идеи за подарък | Българитъм,src/pages/[...slug].astro or dedicated route
/podarak-za-dete-na-3-godini/,intent_landing,0,0,0,,/bulgarski-podaratsi/za-dete/,/bulgarski-podaratsi/,NO,YES,INDEX,Keep in sitemap; add products manually; do not promote prominently until content exists,MONITOR,Подарък за дете на 3 години – идеи за подарък | Българитъм,src/pages/[...slug].astro or dedicated route
/podarak-za-dete-na-4-godini/,intent_landing,0,0,0,,/bulgarski-podaratsi/za-dete/,/bulgarski-podaratsi/,NO,YES,INDEX,Keep in sitemap; add products manually; do not promote prominently until content exists,MONITOR,Подарък за дете на 4 години – идеи за подарък | Българитъм,src/pages/[...slug].astro or dedicated route
/podarak-za-dete-na-7-godini/,intent_landing,0,0,0,,/bulgarski-podaratsi/za-dete/,/bulgarski-podaratsi/,NO,YES,INDEX,Keep in sitemap; add products manually; do not promote prominently until content exists,MONITOR,Подарък за дете на 7 години – идеи за подарък | Българитъм,src/pages/[...slug].astro or dedicated route
/podarak-za-dete-na-9-godini/,intent_landing,0,0,0,,/bulgarski-podaratsi/za-dete/,/bulgarski-podaratsi/,NO,YES,INDEX,Keep in sitemap; add products manually; do not promote prominently until content exists,MONITOR,Подарък за дете на 9 години – идеи за подарък | Българитъм,src/pages/[...slug].astro or dedicated route
/podarak-za-godishnina-ot-svatba/,intent_landing,0,0,0,,/bulgarski-podaratsi/,/bulgarski-podaratsi/,NO,YES,INDEX,Keep in sitemap; add products manually; do not promote prominently until content exists,MONITOR,Подарък за годишнина от сватба | Българитъм,src/pages/[...slug].astro or dedicated route
/podarak-za-lovets-mazh/,intent_landing,0,0,0,,/bulgarski-podaratsi/za-mazh/,/bulgarski-podaratsi/,NO,YES,INDEX,Keep in sitemap; add products manually; do not promote prominently until content exists,MONITOR,Подарък за ловец – идеи за подарък | Българитъм,src/pages/[...slug].astro or dedicated route
/podarak-za-mazh-na-50/,intent_landing,0,0,0,,/bulgarski-podaratsi/za-mazh/,/bulgarski-podaratsi/,NO,YES,INDEX,Keep in sitemap; add products manually; do not promote prominently until content exists,MONITOR,Подарък за 50-годишен мъж – идеи за подарък | Българитъм,src/pages/[...slug].astro or dedicated route
/podarak-za-mazh-ribar/,intent_landing,0,0,0,,/bulgarski-podaratsi/za-mazh/,/bulgarski-podaratsi/,NO,YES,INDEX,Keep in sitemap; add products manually; do not promote prominently until content exists,MONITOR,Подарък за рибар – идеи за подарък | Българитъм,src/pages/[...slug].astro or dedicated route
/podarak-za-mazh-za-diplomirane/,intent_landing,0,0,0,,/bulgarski-podaratsi/za-mazh/,/bulgarski-podaratsi/,NO,YES,INDEX,Keep in sitemap; add products manually; do not promote prominently until content exists,MONITOR,Подарък за дипломиране на мъж – идеи за подарък | Българитъм,src/pages/[...slug].astro or dedicated route
/podarak-za-parva-godishnina-ot-svatba/,intent_landing,0,0,0,,/bulgarski-podaratsi/,/bulgarski-podaratsi/,NO,YES,INDEX,Keep in sitemap; add products manually; do not promote prominently until content exists,MONITOR,Подарък за първа годишнина от сватба | Българитъм,src/pages/[...slug].astro or dedicated route
/podarak-za-pensionirane-na-mazh/,intent_landing,0,0,0,,/bulgarski-podaratsi/za-mazh/,/bulgarski-podaratsi/,NO,YES,INDEX,Keep in sitemap; add products manually; do not promote prominently until content exists,MONITOR,Подарък за пенсиониране на мъж | Българитъм,src/pages/[...slug].astro or dedicated route
/podarak-za-pensionirane-na-zhena/,intent_landing,0,0,0,,/bulgarski-podaratsi/za-zhena/,/bulgarski-podaratsi/,NO,YES,INDEX,Keep in sitemap; add products manually; do not promote prominently until content exists,MONITOR,Подарък за пенсиониране на жена | Българитъм,src/pages/[...slug].astro or dedicated route
/podarak-za-perlena-svatba/,intent_landing,0,0,0,,/bulgarski-podaratsi/,/bulgarski-podaratsi/,NO,YES,INDEX,Keep in sitemap; add products manually; do not promote prominently until content exists,MONITOR,Подарък за перлена сватба – идеи за подарък | Българитъм,src/pages/[...slug].astro or dedicated route
/podarak-za-srebarna-svatba/,intent_landing,0,0,0,,/bulgarski-podaratsi/,/bulgarski-podaratsi/,NO,YES,INDEX,Keep in sitemap; add products manually; do not promote prominently until content exists,MONITOR,Подарък за сребърна сватба – идеи за подарък | Българитъм,src/pages/[...slug].astro or dedicated route
/podarak-za-zhena-na-50/,intent_landing,0,0,0,,/bulgarski-podaratsi/za-zhena/,/bulgarski-podaratsi/,NO,YES,INDEX,Keep in sitemap; add products manually; do not promote prominently until content exists,MONITOR,Подарък за 50-годишна жена – идеи за подарък | Българитъм,src/pages/[...slug].astro or dedicated route
/podarak-za-zhena-na-60/,intent_landing,0,0,0,,/bulgarski-podaratsi/za-zhena/,/bulgarski-podaratsi/,NO,YES,INDEX,Keep in sitemap; add products manually; do not promote prominently until content exists,MONITOR,Подарък за 60-годишна жена – идеи за подарък | Българитъм,src/pages/[...slug].astro or dedicated route
/podarak-za-zhena-za-diplomirane/,intent_landing,0,0,0,,/bulgarski-podaratsi/za-zhena/,/bulgarski-podaratsi/,NO,YES,INDEX,Keep in sitemap; add products manually; do not promote prominently until content exists,MONITOR,Подарък за дипломиране на жена | Българитъм,src/pages/[...slug].astro or dedicated route
/podarak-za-zlatna-svatba/,intent_landing,0,0,0,,/bulgarski-podaratsi/,/bulgarski-podaratsi/,NO,YES,INDEX,Keep in sitemap; add products manually; do not promote prominently until content exists,MONITOR,Подарък за златна сватба – идеи за подарък | Българитъм,src/pages/[...slug].astro or dedicated route
/prasteni-ot-meditsinska-stomana/,intent_landing,0,0,0,,/k/bijuta/,/k/aksesoari/,NO,YES,INDEX,Keep in sitemap; add products manually; do not promote prominently until content exists,MONITOR,Пръстени от медицинска стомана | Българитъм,src/pages/[...slug].astro or dedicated route
/prasteni-srebro/,intent_landing,0,0,0,,/k/bijuta/,/k/aksesoari/,NO,YES,INDEX,Keep in sitemap; add products manually; do not promote prominently until content exists,MONITOR,Пръстени от сребро – материал и детайли | Българитъм,src/pages/[...slug].astro or dedicated route
/prehodni-damski-yaketa/,intent_landing,0,0,0,,/k/damsko-obleklo/,/bulgarski-drehi/,NO,YES,INDEX,Keep in sitemap; add products manually; do not promote prominently until content exists,MONITOR,Преходни дамски якета – модели и идеи | Българитъм,src/pages/[...slug].astro or dedicated route
/sportni-rokli/,intent_landing,0,0,0,,/k/damsko-obleklo/,/bulgarski-drehi/,NO,YES,INDEX,Keep in sitemap; add products manually; do not promote prominently until content exists,MONITOR,Спортни рокли – модели и идеи | Българитъм,src/pages/[...slug].astro or dedicated route
/srebarni-rokli/,intent_landing,0,0,0,,/k/damsko-obleklo/,/bulgarski-drehi/,NO,YES,INDEX,Keep in sitemap; add products manually; do not promote prominently until content exists,MONITOR,Сребристи рокли – модели и идеи | Българитъм,src/pages/[...slug].astro or dedicated route
/svetlosinya-roklya/,intent_landing,0,0,0,,/k/damsko-obleklo/,/bulgarski-drehi/,NO,YES,INDEX,Keep in sitemap; add products manually; do not promote prominently until content exists,MONITOR,Светлосини рокли – модели и идеи | Българитъм,src/pages/[...slug].astro or dedicated route
/tamnosinya-roklya/,intent_landing,0,0,0,,/k/damsko-obleklo/,/bulgarski-drehi/,NO,YES,INDEX,Keep in sitemap; add products manually; do not promote prominently until content exists,MONITOR,Тъмносини рокли – модели и идеи | Българитъм,src/pages/[...slug].astro or dedicated route
/tigrovo-oko-grivna/,intent_landing,0,0,0,,/k/bijuta/,/k/aksesoari/,NO,YES,INDEX,Keep in sitemap; add products manually; do not promote prominently until content exists,MONITOR,Гривни с тигрово око – материал и детайли | Българитъм,src/pages/[...slug].astro or dedicated route
/tsitrin-grivna/,intent_landing,0,0,0,,/k/bijuta/,/k/aksesoari/,NO,YES,INDEX,Keep in sitemap; add products manually; do not promote prominently until content exists,MONITOR,Гривни с цитрин – материал и детайли | Българитъм,src/pages/[...slug].astro or dedicated route
/vecherna-roklya/,intent_landing,0,0,0,,/k/damsko-obleklo/,/bulgarski-drehi/,NO,YES,INDEX,Keep in sitemap; add products manually; do not promote prominently until content exists,MONITOR,Вечерни рокли – модели и идеи | Българитъм,src/pages/[...slug].astro or dedicated route
/zeleno-palto/,intent_landing,0,0,0,,/k/damsko-obleklo/,/bulgarski-drehi/,NO,YES,INDEX,Keep in sitemap; add products manually; do not promote prominently until content exists,MONITOR,Зелени палта – модели и идеи | Българитъм,src/pages/[...slug].astro or dedicated route
/zhalta-roklya/,intent_landing,0,0,0,,/k/damsko-obleklo/,/bulgarski-drehi/,NO,YES,INDEX,Keep in sitemap; add products manually; do not promote prominently until content exists,MONITOR,Жълти рокли – модели и идеи | Българитъм,src/pages/[...slug].astro or dedicated route
/zlaten-prasten-s-diamant/,intent_landing,0,0,0,,/k/bijuta/,/k/aksesoari/,NO,YES,INDEX,Keep in sitemap; add products manually; do not promote prominently until content exists,MONITOR,Златни пръстени с диамант – материал и детайли | Българитъм,src/pages/[...slug].astro or dedicated route
/zlaten-prasten-s-rubin/,intent_landing,0,0,0,,/k/bijuta/,/k/aksesoari/,NO,YES,INDEX,Keep in sitemap; add products manually; do not promote prominently until content exists,MONITOR,Златни пръстени с рубин – материал и детайли | Българитъм,src/pages/[...slug].astro or dedicated route
/zlatista-roklya/,intent_landing,0,0,0,,/k/damsko-obleklo/,/bulgarski-drehi/,NO,YES,INDEX,Keep in sitemap; add products manually; do not promote prominently until content exists,MONITOR,Златисти рокли – модели и идеи | Българитъм,src/pages/[...slug].astro or dedicated route
/zlatna-grivna/,intent_landing,0,0,0,,/k/bijuta/,/k/aksesoari/,NO,YES,INDEX,Keep in sitemap; add products manually; do not promote prominently until content exists,MONITOR,Златни гривни – материал и детайли | Българитъм,src/pages/[...slug].astro or dedicated route
/zlatna-obetsa/,intent_landing,0,0,0,,/k/bijuta/,/k/aksesoari/,NO,YES,INDEX,Keep in sitemap; add products manually; do not promote prominently until content exists,MONITOR,Златни обеци – материал и детайли | Българитъм,src/pages/[...slug].astro or dedicated route
/zlatni-obetsi-s-diamanti/,intent_landing,0,0,0,,/k/bijuta/,/k/aksesoari/,NO,YES,INDEX,Keep in sitemap; add products manually; do not promote prominently until content exists,MONITOR,Златни обеци с диаманти – материал и детайли | Българитъм,src/pages/[...slug].astro or dedicated route
/zlatno-kolie-s-diamant/,intent_landing,0,0,0,,/k/bijuta/,/k/aksesoari/,NO,YES,INDEX,Keep in sitemap; add products manually; do not promote prominently until content exists,MONITOR,Златни колиета с диамант – материал и детайли | Българитъм,src/pages/[...slug].astro or dedicated route
/zlatno-kolie-s-perla/,intent_landing,0,0,0,,/k/bijuta/,/k/aksesoari/,NO,YES,INDEX,Keep in sitemap; add products manually; do not promote prominently until content exists,MONITOR,Златни колиета с перла – материал и детайли | Българитъм,src/pages/[...slug].astro or dedicated route
/bizhuta-s-hematit/,intent_landing,1,1,0,,/k/bijuta/,/k/aksesoari/,NO,YES,INDEX,Add a contextual child link from /k/bijuta/ and links from matching product pages,P1,Бижута с хематит – материал и детайли | Българитъм,src/pages/[...slug].astro or dedicated route
/bulgarska-bio-kozmetika/,intent_landing,1,1,0,,/,/,NO,YES,INDEX,Add a contextual child link from / and links from matching product pages,P1,Българска био козметика | Българитъм,src/pages/[...slug].astro or dedicated route
/bulgarska-kozmetika-s-roza/,intent_landing,1,1,3,/k/kozmetika/; /kozmetika-s-shafran/; /naturalna-bulgarska-kozmetika/,/k/kozmetika/,/k/kozmetika/,YES,YES,INDEX,Maintain semantic parent/product links; no forced expansion,P3,Българска козметика с розово масло | Българитъм,src/pages/[...slug].astro or dedicated route
/damska-lenena-riza/,intent_landing,1,1,0,,/k/damsko-obleklo/,/bulgarski-drehi/,NO,YES,INDEX,Add a contextual child link from /k/damsko-obleklo/ and links from matching product pages,P1,Дамски ленени ризи – модели и идеи | Българитъм,src/pages/[...slug].astro or dedicated route
/dankova-roklya/,intent_landing,1,1,0,,/k/damsko-obleklo/,/bulgarski-drehi/,NO,YES,INDEX,Add a contextual child link from /k/damsko-obleklo/ and links from matching product pages,P1,Дънкови рокли – модели и идеи | Българитъм,src/pages/[...slug].astro or dedicated route
/grivna-srebro/,intent_landing,1,1,0,,/k/bijuta/,/k/aksesoari/,NO,YES,INDEX,Add a contextual child link from /k/bijuta/ and links from matching product pages,P1,Гривни от сребро – материал и детайли | Българитъм,src/pages/[...slug].astro or dedicated route
/kozmetika-za-mazna-kozha/,intent_landing,1,1,6,/k/kozmetika-lice/; /kozmetika-za-chuvstvitelna-kozha/; /kozmetika-za-dehidratirana-kozha/; /kozmetika-za-hidratatsiya/; /kozmetika-za-protiv-brachki/; /kozmetika-za-suha-kozha/,/k/kozmetika-lice/,/k/kozmetika/,YES,YES,INDEX,Maintain semantic parent/product links; no forced expansion,P3,Козметика за мазна кожа – грижа и състав | Българитъм,src/pages/[...slug].astro or dedicated route
/luksozen-podarak-za-uchitelka/,intent_landing,1,1,0,,/bulgarski-podaratsi/za-zhena/,/bulgarski-podaratsi/,NO,YES,INDEX,Add a contextual child link from /bulgarski-podaratsi/za-zhena/ and links from matching product pages,P1,Подарък за учителка – идеи за подарък | Българитъм,src/pages/[...slug].astro or dedicated route
/originalen-podarak-za-momche-na-14-godini/,intent_landing,1,1,16,/bulgarski-podaratsi/za-dete/; /k/za-dete/; /originalen-podarak-za-10-godishno-momche/; /originalen-podarak-za-10-godishno-momiche/; /originalen-podarak-za-9-godishno-momiche/; /originalen-podarak-za-momiche-na-14-godini/; /originalen-podarak-za-momiche-na-7-godini/; /podarak-za-4-godishno-momche/; /podarak-za-dete-na-1-godina/; /podarak-za-dete-na-10-godini/; /podarak-za-dete-na-14-godini/; /podarak-za-dete-na-2-godini/; /podarak-za-dete-na-3-godini/; /podarak-za-dete-na-4-godini/; /podarak-za-dete-na-7-godini/; /podarak-za-dete-na-9-godini/,/bulgarski-podaratsi/za-dete/,/bulgarski-podaratsi/,YES,YES,INDEX,Maintain semantic parent/product links; no forced expansion,P3,Подарък за 14-годишно момче – идеи за подарък | Българитъм,src/pages/[...slug].astro or dedicated route
/originalen-podarak-za-momiche-na-14-godini/,intent_landing,1,1,16,/bulgarski-podaratsi/za-dete/; /k/za-dete/; /originalen-podarak-za-10-godishno-momche/; /originalen-podarak-za-10-godishno-momiche/; /originalen-podarak-za-9-godishno-momiche/; /originalen-podarak-za-momche-na-14-godini/; /originalen-podarak-za-momiche-na-7-godini/; /podarak-za-4-godishno-momche/; /podarak-za-dete-na-1-godina/; /podarak-za-dete-na-10-godini/; /podarak-za-dete-na-14-godini/; /podarak-za-dete-na-2-godini/; /podarak-za-dete-na-3-godini/; /podarak-za-dete-na-4-godini/; /podarak-za-dete-na-7-godini/; /podarak-za-dete-na-9-godini/,/bulgarski-podaratsi/za-dete/,/bulgarski-podaratsi/,YES,YES,INDEX,Maintain semantic parent/product links; no forced expansion,P3,Подарък за 14-годишно момиче – идеи за подарък | Българитъм,src/pages/[...slug].astro or dedicated route
/podarak-za-20-godishen-mazh/,intent_landing,1,1,0,,/bulgarski-podaratsi/za-mazh/,/bulgarski-podaratsi/,NO,YES,INDEX,Add a contextual child link from /bulgarski-podaratsi/za-mazh/ and links from matching product pages,P1,Подарък за 20-годишен мъж – идеи за подарък | Българитъм,src/pages/[...slug].astro or dedicated route
/podarak-za-30-godishnina-na-mazh/,intent_landing,1,1,0,,/bulgarski-podaratsi/za-mazh/,/bulgarski-podaratsi/,NO,YES,INDEX,Add a contextual child link from /bulgarski-podaratsi/za-mazh/ and links from matching product pages,P1,Подарък за 30-годишен мъж – идеи за подарък | Българитъм,src/pages/[...slug].astro or dedicated route
/podarak-za-dete-na-14-godini/,intent_landing,1,1,16,/bulgarski-podaratsi/za-dete/; /k/za-dete/; /originalen-podarak-za-10-godishno-momche/; /originalen-podarak-za-10-godishno-momiche/; /originalen-podarak-za-9-godishno-momiche/; /originalen-podarak-za-momche-na-14-godini/; /originalen-podarak-za-momiche-na-14-godini/; /originalen-podarak-za-momiche-na-7-godini/; /podarak-za-4-godishno-momche/; /podarak-za-dete-na-1-godina/; /podarak-za-dete-na-10-godini/; /podarak-za-dete-na-2-godini/; /podarak-za-dete-na-3-godini/; /podarak-za-dete-na-4-godini/; /podarak-za-dete-na-7-godini/; /podarak-za-dete-na-9-godini/,/bulgarski-podaratsi/za-dete/,/bulgarski-podaratsi/,YES,YES,INDEX,Maintain semantic parent/product links; no forced expansion,P3,Подарък за дете на 14 години – идеи за подарък | Българитъм,src/pages/[...slug].astro or dedicated route
/podarak-za-kulinar-mazh/,intent_landing,1,1,24,/bulgarski-podaratsi/za-mazh/; /k/podaraci-za-nego/; /k/za-mazh/; /koleden-podarak-za-mazh/; /personaliziran-podarak-za-mazh/; /podarak-za-20-godishen-mazh/; /podarak-za-25-godishen-mazh/; /podarak-za-30-godishnina-na-mazh/; /podarak-za-40-godishnina-na-mazh/; /podarak-za-60-godishen-yubiley-mazh/; /podarak-za-70-godishnina-na-mazh/; /podarak-za-80-godishnina-na-mazh/; /podarak-za-lovets-mazh/; /podarak-za-mazh-na-50/; /podarak-za-mazh-ribar/; /podarak-za-mazh-sportist/; /podarak-za-mazh-za-diplomirane/; /podarak-za-mazh-za-imen-den/; /podarak-za-mazh-za-rozhden-den/; /podarak-za-mazh-za-sveti-valentin/; /podarak-za-pensionirane-na-mazh/; /praktichen-podarak-za-mazh/; /romantichen-podarak-za-mazh/; /zabaven-podarak-za-mazh/,/bulgarski-podaratsi/za-mazh/,/bulgarski-podaratsi/,YES,YES,INDEX,Maintain semantic parent/product links; no forced expansion,P3,"Подарък за мъж, който обича да готви | Българитъм",src/pages/[...slug].astro or dedicated route
/podarak-za-zhena-za-8-mart/,intent_landing,1,1,0,,/bulgarski-podaratsi/za-zhena/,/bulgarski-podaratsi/,NO,YES,INDEX,Add a contextual child link from /bulgarski-podaratsi/za-zhena/ and links from matching product pages,P1,Подарък за жена за 8 март – идеи за подарък | Българитъм,src/pages/[...slug].astro or dedicated route
/praktichen-podarak-za-mazh/,intent_landing,1,1,0,,/bulgarski-podaratsi/za-mazh/,/bulgarski-podaratsi/,NO,YES,INDEX,Add a contextual child link from /bulgarski-podaratsi/za-mazh/ and links from matching product pages,P1,Практичен подарък за мъж – идеи за подарък | Българитъм,src/pages/[...slug].astro or dedicated route
/rozova-riza/,intent_landing,1,1,0,,/k/damsko-obleklo/,/bulgarski-drehi/,NO,YES,INDEX,Add a contextual child link from /k/damsko-obleklo/ and links from matching product pages,P1,Розови ризи – модели и идеи | Българитъм,src/pages/[...slug].astro or dedicated route
/sinya-roklya/,intent_landing,1,1,0,,/k/damsko-obleklo/,/bulgarski-drehi/,NO,YES,INDEX,Add a contextual child link from /k/damsko-obleklo/ and links from matching product pages,P1,Сини рокли – модели и идеи | Българитъм,src/pages/[...slug].astro or dedicated route
/zelena-roklya/,intent_landing,1,1,0,,/k/damsko-obleklo/,/bulgarski-drehi/,NO,YES,INDEX,Add a contextual child link from /k/damsko-obleklo/ and links from matching product pages,P1,Зелени рокли – модели и идеи | Българитъм,src/pages/[...slug].astro or dedicated route
/bezhovi-rokli/,intent_landing,2,2,0,,/k/damsko-obleklo/,/bulgarski-drehi/,NO,YES,INDEX,Add a contextual child link from /k/damsko-obleklo/ and links from matching product pages,P1,Бежови рокли – модели и идеи | Българитъм,src/pages/[...slug].astro or dedicated route
/bulgarski-detski-knigi/,intent_landing,2,2,1,/k/knigi/,/k/knigi/,/k/zabavlenie/,NO,YES,INDEX,"Strengthen from /k/knigi/, one relevant sibling hub, and matching product pages",P2,Български детски книги – за деца и семейства | Българитъм,src/pages/[...slug].astro or dedicated route
/bulgarski-ezhednevni-rokli/,intent_landing,2,2,0,,/k/damsko-obleklo/,/bulgarski-drehi/,NO,YES,INDEX,Add a contextual child link from /k/damsko-obleklo/ and links from matching product pages,P1,Български ежедневни рокли – модели и идеи | Българитъм,src/pages/[...slug].astro or dedicated route
/bulgarski-oficialni-rokli/,intent_landing,2,2,0,,/k/damsko-obleklo/,/bulgarski-drehi/,NO,YES,INDEX,Add a contextual child link from /k/damsko-obleklo/ and links from matching product pages,P1,Български официални рокли – модели и идеи | Българитъм,src/pages/[...slug].astro or dedicated route
/byala-damska-riza/,intent_landing,2,2,0,,/k/damsko-obleklo/,/bulgarski-drehi/,NO,YES,INDEX,Add a contextual child link from /k/damsko-obleklo/ and links from matching product pages,P1,Бели дамски ризи – модели и идеи | Българитъм,src/pages/[...slug].astro or dedicated route
/cherno-palto/,intent_landing,2,2,0,,/k/damsko-obleklo/,/bulgarski-drehi/,NO,YES,INDEX,Add a contextual child link from /k/damsko-obleklo/ and links from matching product pages,P1,Черни палта – модели и идеи | Българитъм,src/pages/[...slug].astro or dedicated route
/godezhni-prasteni/,intent_landing,2,2,0,,/k/bijuta/,/k/aksesoari/,NO,YES,INDEX,Add a contextual child link from /k/bijuta/ and links from matching product pages,P1,Годежни пръстени – материал и детайли | Българитъм,src/pages/[...slug].astro or dedicated route
/k/grim/,taxonomy_landing,2,2,22,/brand/nl-beauty/; /bulgarska-kozmetika-s-roza/; /k/grim/; /k/kozmetika-kosa/; /k/kozmetika-lice/; /k/kozmetika-tyalo/; /k/kozmetika-za-mazhe/; /k/kozmetika/; /kozmetika-s-shafran/; /kozmetika-za-chuvstvitelna-kozha/; /kozmetika-za-dehidratirana-kozha/; /kozmetika-za-hidratatsiya/; /kozmetika-za-kosopad/; /kozmetika-za-mazna-kosa/; /kozmetika-za-mazna-kozha/; /kozmetika-za-protiv-brachki/; /kozmetika-za-suha-kosa/; /kozmetika-za-suha-kozha/; /kozmetika-za-uvredena-kosa/; /naturalna-bulgarska-kozmetika/; /p/trio-stik-senki-za-ochi/; /p/trio-techno-matovo-chervilo/,/k/kozmetika/,/k/kozmetika/,YES,YES,INDEX,Maintain semantic parent/product links; no forced expansion,P3,Български грим от локални марки | Българитъм,src/pages/k/[slug].astro
/kafyavo-palto/,intent_landing,2,2,0,,/k/damsko-obleklo/,/bulgarski-drehi/,NO,YES,INDEX,Add a contextual child link from /k/damsko-obleklo/ and links from matching product pages,P1,Кафяви палта – модели и идеи | Българитъм,src/pages/[...slug].astro or dedicated route
/kozmetika-za-mazna-kosa/,intent_landing,2,2,4,/k/kozmetika-kosa/; /kozmetika-za-kosopad/; /kozmetika-za-suha-kosa/; /kozmetika-za-uvredena-kosa/,/k/kozmetika-kosa/,/k/kozmetika/,YES,YES,INDEX,Maintain semantic parent/product links; no forced expansion,P3,Козметика за мазна коса – грижа и състав | Българитъм,src/pages/[...slug].astro or dedicated route
/kozmetika-za-uvredena-kosa/,intent_landing,2,2,4,/k/kozmetika-kosa/; /kozmetika-za-kosopad/; /kozmetika-za-mazna-kosa/; /kozmetika-za-suha-kosa/,/k/kozmetika-kosa/,/k/kozmetika/,YES,YES,INDEX,Maintain semantic parent/product links; no forced expansion,P3,Козметика за увредена коса – грижа и състав | Българитъм,src/pages/[...slug].astro or dedicated route
/lenena-roklya/,intent_landing,2,2,0,,/k/damsko-obleklo/,/bulgarski-drehi/,NO,YES,INDEX,Add a contextual child link from /k/damsko-obleklo/ and links from matching product pages,P1,Ленени рокли – модели и идеи | Българитъм,src/pages/[...slug].astro or dedicated route
/rozovi-rokli/,intent_landing,2,2,0,,/k/damsko-obleklo/,/bulgarski-drehi/,NO,YES,INDEX,Add a contextual child link from /k/damsko-obleklo/ and links from matching product pages,P1,Розови рокли – модели и идеи | Българитъм,src/pages/[...slug].astro or dedicated route
/zlatni-kolieta/,intent_landing,2,2,0,,/k/bijuta/,/k/aksesoari/,NO,YES,INDEX,Add a contextual child link from /k/bijuta/ and links from matching product pages,P1,Златни колиета – материал и детайли | Българитъм,src/pages/[...slug].astro or dedicated route
/beli-rokli/,intent_landing,3,3,43,/balni-rokli/; /bezhovi-rokli/; /boho-roklya/; /bulgarski-damski-pizhami/; /bulgarski-damski-sportni-ekipi/; /bulgarski-drehi/rokli/; /bulgarski-ezhednevni-rokli/; /bulgarski-kozeni-yaketa/; /bulgarski-letni-rokli/; /bulgarski-oficialni-rokli/; /bulgarski-palta-ot-valna/; /byala-damska-riza/; /cherna-riza/; /cherna-roklya/; /cherno-palto/; /chervena-roklya/; /damska-lenena-riza/; /damska-pizhama-pamuk/; /damski-bluzi-s-dalag-rakav/; /damski-bluzi-s-kas-rakav/; /damski-rokli-s-dalag-rakav/; /damski-rokli-s-kas-rakav/; /dankova-roklya/; /esenni-rokli/; /k/damsko-obleklo/; /kafyava-roklya/; /kafyavo-palto/; /lenena-roklya/; /pamuchni-rokli/; /prehodni-damski-yaketa/; /roklya-saten/; /rozova-riza/; /rozovi-rokli/; /sinya-roklya/; /sportni-rokli/; /srebarni-rokli/; /svetlosinya-roklya/; /tamnosinya-roklya/; /vecherna-roklya/; /zelena-roklya/; /zeleno-palto/; /zhalta-roklya/; /zlatista-roklya/,/k/damsko-obleklo/,/bulgarski-drehi/,YES,YES,INDEX,Maintain semantic parent/product links; no forced expansion,P3,Бели рокли – модели и идеи | Българитъм,src/pages/[...slug].astro or dedicated route
/bizhuta-ot-meditsinska-stomana/,intent_landing,3,3,46,/bizhuta-ot-kehlibar/; /bizhuta-po-porachka/; /bizhuta-s-cheren-turmalin/; /bizhuta-s-diamanti/; /bizhuta-s-hematit/; /bizhuta-s-izumrud/; /bizhuta-s-labradorit/; /bizhuta-s-moysanit/; /bizhuta-s-perli/; /bizhuta-s-rubin/; /bizhuta-s-tigrovo-oko/; /bizhuta-s-tsitrin/; /godezhen-prasten-s-diamant/; /godezhni-prasteni/; /grivna-cherven-konets/; /grivna-s-bukva/; /grivna-s-ime/; /grivna-s-krast/; /grivna-srebro/; /grivni-ot-meditsinska-stomana/; /hematit-grivna/; /k/bijuta/; /k/srebarni-bijuta/; /kolieta-ot-meditsinska-stomana/; /kutiya-za-bizhuta/; /mazhki-bizhuta/; /obetsi-ot-meditsinska-stomana/; /obetsi-ot-srebro/; /pozlateni-bizhuta/; /prasteni-ot-meditsinska-stomana/; /prasteni-srebro/; /rachno-izraboteni-bizhuta/; /rachno-izraboteni-grivni/; /rachno-izraboteni-obetsi/; /srebarni-kolieta/; /tigrovo-oko-grivna/; /tsitrin-grivna/; /zlaten-prasten-s-diamant/; /zlaten-prasten-s-rubin/; /zlaten-prasten/; /zlatna-grivna/; /zlatna-obetsa/; /zlatni-kolieta/; /zlatni-obetsi-s-diamanti/; /zlatno-kolie-s-diamant/; /zlatno-kolie-s-perla/,/k/bijuta/,/k/aksesoari/,YES,YES,INDEX,Maintain semantic parent/product links; no forced expansion,P3,Бижута от медицинска стомана | Българитъм,src/pages/[...slug].astro or dedicated route
/cherna-roklya/,intent_landing,3,3,0,,/k/damsko-obleklo/,/bulgarski-drehi/,NO,YES,INDEX,Add a contextual child link from /k/damsko-obleklo/ and links from matching product pages,P1,Черни рокли – модели и идеи | Българитъм,src/pages/[...slug].astro or dedicated route
/k/grizha-za-domashni-lyubimci/,taxonomy_landing,3,3,7,/brand/amira-perfumes/; /k/aksesoari-za-domashni-lyubimci/; /k/domashni-lyubimci/; /k/grizha-za-domashni-lyubimci/; /p/parfum-za-domashen-lyubimec-miss-puppy/; /p/parfum-za-domashen-lyubimec-mr-puppy/; /p/set-mehlemi-za-domashni-lyubimci/,/k/domashni-lyubimci/,/k/domashni-lyubimci/,YES,YES,INDEX,Maintain semantic parent/product links; no forced expansion,P3,Всички продукти | Домашни любимци | Българитъм,src/pages/k/[slug].astro
/k/kolani/,taxonomy_landing,3,3,64,/balgarski-maratonki/; /bizhuta-ot-kehlibar/; /bizhuta-ot-meditsinska-stomana/; /bizhuta-po-porachka/; /bizhuta-s-cheren-turmalin/; /bizhuta-s-diamanti/; /bizhuta-s-hematit/; /bizhuta-s-izumrud/; /bizhuta-s-labradorit/; /bizhuta-s-moysanit/; /bizhuta-s-perli/; /bizhuta-s-rubin/; /bizhuta-s-tigrovo-oko/; /bizhuta-s-tsitrin/; /brand/alleexxa/; /bulgarski-boti/; /bulgarski-domashni-chehli/; /bulgarski-drehi/chanti/; /bulgarski-drehi/damski-chanti/; /bulgarski-drehi/obuvki/; /bulgarski-mazhki-obuvki-estestvena-kozha/; /bulgarski-obuvki-estestvena-kozha/; /bulgarski-sandali-estestvena-kozha/; /godezhen-prasten-s-diamant/; /godezhni-prasteni/; /grivna-cherven-konets/; /grivna-s-bukva/; /grivna-s-ime/; /grivna-s-krast/; /grivna-srebro/; /grivni-ot-meditsinska-stomana/; /hematit-grivna/; /k/aksesoari/; /k/bijuta/; /k/chanti/; /k/kolani/; /k/srebarni-bijuta/; /k/za-glava/; /kolieta-ot-meditsinska-stomana/; /kutiya-za-bizhuta/; /mazhki-bizhuta/; /obetsi-ot-meditsinska-stomana/; /obetsi-ot-srebro/; /p/kozhen-harnes-wings/; /p/kozhen-kolan-alien/; /p/kozhen-kolan-decima/; /pozlateni-bizhuta/; /prasteni-ot-meditsinska-stomana/; /prasteni-srebro/; /rachno-izraboteni-bizhuta/; … +14 more,/k/aksesoari/,/k/aksesoari/,YES,YES,INDEX,Maintain semantic parent/product links; no forced expansion,P3,Български колани от локални марки | Българитъм,src/pages/k/[slug].astro
/k/za-glava/,taxonomy_landing,3,3,64,/balgarski-maratonki/; /bizhuta-ot-kehlibar/; /bizhuta-ot-meditsinska-stomana/; /bizhuta-po-porachka/; /bizhuta-s-cheren-turmalin/; /bizhuta-s-diamanti/; /bizhuta-s-hematit/; /bizhuta-s-izumrud/; /bizhuta-s-labradorit/; /bizhuta-s-moysanit/; /bizhuta-s-perli/; /bizhuta-s-rubin/; /bizhuta-s-tigrovo-oko/; /bizhuta-s-tsitrin/; /brand/forget-me-not/; /bulgarski-boti/; /bulgarski-domashni-chehli/; /bulgarski-drehi/chanti/; /bulgarski-drehi/damski-chanti/; /bulgarski-drehi/obuvki/; /bulgarski-mazhki-obuvki-estestvena-kozha/; /bulgarski-obuvki-estestvena-kozha/; /bulgarski-sandali-estestvena-kozha/; /godezhen-prasten-s-diamant/; /godezhni-prasteni/; /grivna-cherven-konets/; /grivna-s-bukva/; /grivna-s-ime/; /grivna-s-krast/; /grivna-srebro/; /grivni-ot-meditsinska-stomana/; /hematit-grivna/; /k/aksesoari/; /k/bijuta/; /k/chanti/; /k/kolani/; /k/srebarni-bijuta/; /k/za-glava/; /kolieta-ot-meditsinska-stomana/; /kutiya-za-bizhuta/; /mazhki-bizhuta/; /obetsi-ot-meditsinska-stomana/; /obetsi-ot-srebro/; /p/diadema-s-cvetya-marisa/; /p/lenta-za-glava-mint/; /p/skranchi-za-kosa-v-cheren-tsvyat/; /pozlateni-bizhuta/; /prasteni-ot-meditsinska-stomana/; /prasteni-srebro/; /rachno-izraboteni-bizhuta/; … +14 more,/k/aksesoari/,/k/aksesoari/,YES,YES,INDEX,Maintain semantic parent/product links; no forced expansion,P3,Български аксесоари за коса | Българитъм,src/pages/k/[slug].astro
/koleden-podarak-za-zhena/,intent_landing,3,3,22,/bulgarski-podaratsi/za-zhena/; /k/podaraci-za-jena/; /k/za-zhena/; /luksozen-podarak-za-uchitelka/; /personaliziran-podarak-za-zhena/; /podarak-za-30-godishen-yubiley-zhena/; /podarak-za-70-godishen-yubiley-na-zhena/; /podarak-za-8-mart-za-uchitelka/; /podarak-za-80-godishen-yubiley-zhena/; /podarak-za-imen-den-na-zhena/; /podarak-za-pensionirane-na-zhena/; /podarak-za-rozhden-den-na-zhena/; /podarak-za-sveti-valentin-za-zhena/; /podarak-za-zhena-na-50/; /podarak-za-zhena-na-60/; /podarak-za-zhena-sportist/; /podarak-za-zhena-za-8-mart/; /podarak-za-zhena-za-diplomirane/; /podarak-za-zhena-za-rozhden-den/; /praktichen-podarak-za-zhena/; /romantichen-podarak-za-zhena/; /zabaven-podarak-za-zhena/,/bulgarski-podaratsi/za-zhena/,/bulgarski-podaratsi/,YES,YES,INDEX,Maintain semantic parent/product links; no forced expansion,P3,Коледен подарък за жена – идеи за подарък | Българитъм,src/pages/[...slug].astro or dedicated route
/kozmetika-za-kosopad/,intent_landing,3,3,4,/k/kozmetika-kosa/; /kozmetika-za-mazna-kosa/; /kozmetika-za-suha-kosa/; /kozmetika-za-uvredena-kosa/,/k/kozmetika-kosa/,/k/kozmetika/,YES,YES,INDEX,Maintain semantic parent/product links; no forced expansion,P3,Козметика за косопад – грижа и състав | Българитъм,src/pages/[...slug].astro or dedicated route
/kozmetika-za-protiv-brachki/,intent_landing,3,3,6,/k/kozmetika-lice/; /kozmetika-za-chuvstvitelna-kozha/; /kozmetika-za-dehidratirana-kozha/; /kozmetika-za-hidratatsiya/; /kozmetika-za-mazna-kozha/; /kozmetika-za-suha-kozha/,/k/kozmetika-lice/,/k/kozmetika/,YES,YES,INDEX,Maintain semantic parent/product links; no forced expansion,P3,Козметика против бръчки – грижа и състав | Българитъм,src/pages/[...slug].astro or dedicated route
/obetsi-ot-meditsinska-stomana/,intent_landing,3,3,0,,/k/bijuta/,/k/aksesoari/,NO,YES,INDEX,Add a contextual child link from /k/bijuta/ and links from matching product pages,P1,Обеци от медицинска стомана | Българитъм,src/pages/[...slug].astro or dedicated route
/podarak-za-mazh-sportist/,intent_landing,3,3,24,/bulgarski-podaratsi/za-mazh/; /k/podaraci-za-nego/; /k/za-mazh/; /koleden-podarak-za-mazh/; /personaliziran-podarak-za-mazh/; /podarak-za-20-godishen-mazh/; /podarak-za-25-godishen-mazh/; /podarak-za-30-godishnina-na-mazh/; /podarak-za-40-godishnina-na-mazh/; /podarak-za-60-godishen-yubiley-mazh/; /podarak-za-70-godishnina-na-mazh/; /podarak-za-80-godishnina-na-mazh/; /podarak-za-kulinar-mazh/; /podarak-za-lovets-mazh/; /podarak-za-mazh-na-50/; /podarak-za-mazh-ribar/; /podarak-za-mazh-za-diplomirane/; /podarak-za-mazh-za-imen-den/; /podarak-za-mazh-za-rozhden-den/; /podarak-za-mazh-za-sveti-valentin/; /podarak-za-pensionirane-na-mazh/; /praktichen-podarak-za-mazh/; /romantichen-podarak-za-mazh/; /zabaven-podarak-za-mazh/,/bulgarski-podaratsi/za-mazh/,/bulgarski-podaratsi/,YES,YES,INDEX,Maintain semantic parent/product links; no forced expansion,P3,Подарък за спортуващ мъж – идеи за подарък | Българитъм,src/pages/[...slug].astro or dedicated route
/k/pochistvane/,taxonomy_landing,4,4-5,17,/brand/amalina/; /brand/nuance/; /bulgarski-sveshti/; /bulgarsko-spalno-belyo/; /k/banya/; /k/dekor/; /k/dekoraciq-za-doma/; /k/dom-i-interior/; /k/domashen-tekstil/; /k/kuhnya/; /k/pochistvane/; /k/za-doma/; /p/biorazgradimo-vero-za-sadove/; /p/naturalen-preparat-za-sadomialna-mashina/; /p/promo-komplekt-prah-za-prane-i-sadomialna/; /p/sprei-za-prozortsi-violetka/; /rachno-izraboteni-sveshti/,/k/za-doma/,/k/za-doma/,YES,YES,INDEX,Maintain semantic parent/product links; no forced expansion,P3,Почистване | Дом и интериор | Българитъм,src/pages/k/[slug].astro
/kozmetika-za-chuvstvitelna-kozha/,intent_landing,4,4-5,6,/k/kozmetika-lice/; /kozmetika-za-dehidratirana-kozha/; /kozmetika-za-hidratatsiya/; /kozmetika-za-mazna-kozha/; /kozmetika-za-protiv-brachki/; /kozmetika-za-suha-kozha/,/k/kozmetika-lice/,/k/kozmetika/,YES,YES,INDEX,Maintain semantic parent/product links; no forced expansion,P3,Козметика за чувствителна кожа – грижа и състав | Българитъм,src/pages/[...slug].astro or dedicated route
/kozmetika-za-suha-kozha/,intent_landing,4,4-5,6,/k/kozmetika-lice/; /kozmetika-za-chuvstvitelna-kozha/; /kozmetika-za-dehidratirana-kozha/; /kozmetika-za-hidratatsiya/; /kozmetika-za-mazna-kozha/; /kozmetika-za-protiv-brachki/,/k/kozmetika-lice/,/k/kozmetika/,YES,YES,INDEX,Maintain semantic parent/product links; no forced expansion,P3,Козметика за суха кожа – грижа и състав | Българитъм,src/pages/[...slug].astro or dedicated route
/mazhki-leneni-rizi/,intent_landing,4,4-5,7,/bulgarski-mazhki-antsuzi/; /bulgarski-mazhki-obuvki/; /bulgarski-mazhki-pizhami/; /bulgarski-mazhki-puloveri/; /bulgarski-mazhki-yaketa/; /bulgarski-mazhki-zimni-yaketa/; /k/mazhko-obleklo/,/k/mazhko-obleklo/,/bulgarski-drehi/,YES,YES,INDEX,Maintain semantic parent/product links; no forced expansion,P3,Мъжки ленени ризи – модели и идеи | Българитъм,src/pages/[...slug].astro or dedicated route
/pamuchni-rokli/,intent_landing,4,4-5,43,/balni-rokli/; /beli-rokli/; /bezhovi-rokli/; /boho-roklya/; /bulgarski-damski-pizhami/; /bulgarski-damski-sportni-ekipi/; /bulgarski-drehi/rokli/; /bulgarski-ezhednevni-rokli/; /bulgarski-kozeni-yaketa/; /bulgarski-letni-rokli/; /bulgarski-oficialni-rokli/; /bulgarski-palta-ot-valna/; /byala-damska-riza/; /cherna-riza/; /cherna-roklya/; /cherno-palto/; /chervena-roklya/; /damska-lenena-riza/; /damska-pizhama-pamuk/; /damski-bluzi-s-dalag-rakav/; /damski-bluzi-s-kas-rakav/; /damski-rokli-s-dalag-rakav/; /damski-rokli-s-kas-rakav/; /dankova-roklya/; /esenni-rokli/; /k/damsko-obleklo/; /kafyava-roklya/; /kafyavo-palto/; /lenena-roklya/; /prehodni-damski-yaketa/; /roklya-saten/; /rozova-riza/; /rozovi-rokli/; /sinya-roklya/; /sportni-rokli/; /srebarni-rokli/; /svetlosinya-roklya/; /tamnosinya-roklya/; /vecherna-roklya/; /zelena-roklya/; /zeleno-palto/; /zhalta-roklya/; /zlatista-roklya/,/k/damsko-obleklo/,/bulgarski-drehi/,YES,YES,INDEX,Maintain semantic parent/product links; no forced expansion,P3,Памучни рокли – модели и идеи | Българитъм,src/pages/[...slug].astro or dedicated route
/podarak-za-mazh-za-imen-den/,intent_landing,4,4-5,24,/bulgarski-podaratsi/za-mazh/; /k/podaraci-za-nego/; /k/za-mazh/; /koleden-podarak-za-mazh/; /personaliziran-podarak-za-mazh/; /podarak-za-20-godishen-mazh/; /podarak-za-25-godishen-mazh/; /podarak-za-30-godishnina-na-mazh/; /podarak-za-40-godishnina-na-mazh/; /podarak-za-60-godishen-yubiley-mazh/; /podarak-za-70-godishnina-na-mazh/; /podarak-za-80-godishnina-na-mazh/; /podarak-za-kulinar-mazh/; /podarak-za-lovets-mazh/; /podarak-za-mazh-na-50/; /podarak-za-mazh-ribar/; /podarak-za-mazh-sportist/; /podarak-za-mazh-za-diplomirane/; /podarak-za-mazh-za-rozhden-den/; /podarak-za-mazh-za-sveti-valentin/; /podarak-za-pensionirane-na-mazh/; /praktichen-podarak-za-mazh/; /romantichen-podarak-za-mazh/; /zabaven-podarak-za-mazh/,/bulgarski-podaratsi/za-mazh/,/bulgarski-podaratsi/,YES,YES,INDEX,Maintain semantic parent/product links; no forced expansion,P3,Подарък за имен ден на мъж – идеи за подарък | Българитъм,src/pages/[...slug].astro or dedicated route
/podarak-za-zhena-sportist/,intent_landing,4,4-5,0,,/bulgarski-podaratsi/za-zhena/,/bulgarski-podaratsi/,NO,YES,INDEX,Add a contextual child link from /bulgarski-podaratsi/za-zhena/ and links from matching product pages,P1,Подарък за спортуваща жена – идеи за подарък | Българитъм,src/pages/[...slug].astro or dedicated route
/roklya-saten/,intent_landing,4,4-5,43,/balni-rokli/; /beli-rokli/; /bezhovi-rokli/; /boho-roklya/; /bulgarski-damski-pizhami/; /bulgarski-damski-sportni-ekipi/; /bulgarski-drehi/rokli/; /bulgarski-ezhednevni-rokli/; /bulgarski-kozeni-yaketa/; /bulgarski-letni-rokli/; /bulgarski-oficialni-rokli/; /bulgarski-palta-ot-valna/; /byala-damska-riza/; /cherna-riza/; /cherna-roklya/; /cherno-palto/; /chervena-roklya/; /damska-lenena-riza/; /damska-pizhama-pamuk/; /damski-bluzi-s-dalag-rakav/; /damski-bluzi-s-kas-rakav/; /damski-rokli-s-dalag-rakav/; /damski-rokli-s-kas-rakav/; /dankova-roklya/; /esenni-rokli/; /k/damsko-obleklo/; /kafyava-roklya/; /kafyavo-palto/; /lenena-roklya/; /pamuchni-rokli/; /prehodni-damski-yaketa/; /rozova-riza/; /rozovi-rokli/; /sinya-roklya/; /sportni-rokli/; /srebarni-rokli/; /svetlosinya-roklya/; /tamnosinya-roklya/; /vecherna-roklya/; /zelena-roklya/; /zeleno-palto/; /zhalta-roklya/; /zlatista-roklya/,/k/damsko-obleklo/,/bulgarski-drehi/,YES,YES,INDEX,Maintain semantic parent/product links; no forced expansion,P3,Сатенени рокли – модели и идеи | Българитъм,src/pages/[...slug].astro or dedicated route
/srebarni-kolieta/,intent_landing,4,4-5,0,,/k/bijuta/,/k/aksesoari/,NO,YES,INDEX,Add a contextual child link from /k/bijuta/ and links from matching product pages,P1,Колиета от сребро – материал и детайли | Българитъм,src/pages/[...slug].astro or dedicated route
/zlaten-prasten/,intent_landing,4,4-5,0,,/k/bijuta/,/k/aksesoari/,NO,YES,INDEX,Add a contextual child link from /k/bijuta/ and links from matching product pages,P1,Златни пръстени – материал и детайли | Българитъм,src/pages/[...slug].astro or dedicated route
/bulgarska-bebeshka-kozmetika/,intent_landing,5,4-5,1,/k/kozmetika-za-deca/,/k/kozmetika-za-deca/,/k/deca/,NO,YES,INDEX,"Strengthen from /k/kozmetika-za-deca/, one relevant sibling hub, and matching product pages",P2,Българска бебешка козметика – грижа и състав | Българитъм,src/pages/[...slug].astro or dedicated route
/podarak-za-izpisvane-na-bebe/,intent_landing,5,4-5,8,/bulgarski-podaratsi/za-bebe/; /k/podaraci-za-bebe/; /k/za-bebe/; /personaliziran-podarak-za-bebe/; /podarak-za-bebe-momche/; /podarak-za-bebe-momiche/; /podarak-za-novorodeno/; /podaratsi-za-pogacha-na-momche/,/bulgarski-podaratsi/za-bebe/,/bulgarski-podaratsi/,YES,YES,INDEX,Maintain semantic parent/product links; no forced expansion,P3,Подарък за изписване – идеи за подарък | Българитъм,src/pages/[...slug].astro or dedicated route
/podaratsi-za-pogacha-na-momche/,intent_landing,5,4-5,8,/bulgarski-podaratsi/za-bebe/; /k/podaraci-za-bebe/; /k/za-bebe/; /personaliziran-podarak-za-bebe/; /podarak-za-bebe-momche/; /podarak-za-bebe-momiche/; /podarak-za-izpisvane-na-bebe/; /podarak-za-novorodeno/,/bulgarski-podaratsi/za-bebe/,/bulgarski-podaratsi/,YES,YES,INDEX,Maintain semantic parent/product links; no forced expansion,P3,Подарък за погача – идеи за подарък | Българитъм,src/pages/[...slug].astro or dedicated route
/praktichen-podarak-za-zhena/,intent_landing,5,4-5,0,,/bulgarski-podaratsi/za-zhena/,/bulgarski-podaratsi/,NO,YES,INDEX,Add a contextual child link from /bulgarski-podaratsi/za-zhena/ and links from matching product pages,P1,Практичен подарък за жена – идеи за подарък | Българитъм,src/pages/[...slug].astro or dedicated route
/romantichen-podarak-za-mazh/,intent_landing,5,4-5,24,/bulgarski-podaratsi/za-mazh/; /k/podaraci-za-nego/; /k/za-mazh/; /koleden-podarak-za-mazh/; /personaliziran-podarak-za-mazh/; /podarak-za-20-godishen-mazh/; /podarak-za-25-godishen-mazh/; /podarak-za-30-godishnina-na-mazh/; /podarak-za-40-godishnina-na-mazh/; /podarak-za-60-godishen-yubiley-mazh/; /podarak-za-70-godishnina-na-mazh/; /podarak-za-80-godishnina-na-mazh/; /podarak-za-kulinar-mazh/; /podarak-za-lovets-mazh/; /podarak-za-mazh-na-50/; /podarak-za-mazh-ribar/; /podarak-za-mazh-sportist/; /podarak-za-mazh-za-diplomirane/; /podarak-za-mazh-za-imen-den/; /podarak-za-mazh-za-rozhden-den/; /podarak-za-mazh-za-sveti-valentin/; /podarak-za-pensionirane-na-mazh/; /praktichen-podarak-za-mazh/; /zabaven-podarak-za-mazh/,/bulgarski-podaratsi/za-mazh/,/bulgarski-podaratsi/,YES,YES,INDEX,Maintain semantic parent/product links; no forced expansion,P3,Романтичен подарък за мъж – идеи за подарък | Българитъм,src/pages/[...slug].astro or dedicated route
/bulgarski-drehi/chanti/,clothing_landing,6,6-10,2,/bulgarski-drehi/damski-chanti/; /k/chanti/,/k/chanti/,/k/aksesoari/,YES,YES,INDEX,Maintain semantic parent/product links; no forced expansion,P2,Български чанти от локални марки | Българитъм,src/pages/bulgarski-drehi/[slug].astro
/kozmetika-s-shafran/,intent_landing,6,6-10,3,/bulgarska-kozmetika-s-roza/; /k/kozmetika/; /naturalna-bulgarska-kozmetika/,/k/kozmetika/,/k/kozmetika/,YES,YES,INDEX,Maintain semantic parent/product links; no forced expansion,P3,Козметика с шафран – грижа и състав | Българитъм,src/pages/[...slug].astro or dedicated route
/pozlateni-bizhuta/,intent_landing,6,6-10,46,/bizhuta-ot-kehlibar/; /bizhuta-ot-meditsinska-stomana/; /bizhuta-po-porachka/; /bizhuta-s-cheren-turmalin/; /bizhuta-s-diamanti/; /bizhuta-s-hematit/; /bizhuta-s-izumrud/; /bizhuta-s-labradorit/; /bizhuta-s-moysanit/; /bizhuta-s-perli/; /bizhuta-s-rubin/; /bizhuta-s-tigrovo-oko/; /bizhuta-s-tsitrin/; /godezhen-prasten-s-diamant/; /godezhni-prasteni/; /grivna-cherven-konets/; /grivna-s-bukva/; /grivna-s-ime/; /grivna-s-krast/; /grivna-srebro/; /grivni-ot-meditsinska-stomana/; /hematit-grivna/; /k/bijuta/; /k/srebarni-bijuta/; /kolieta-ot-meditsinska-stomana/; /kutiya-za-bizhuta/; /mazhki-bizhuta/; /obetsi-ot-meditsinska-stomana/; /obetsi-ot-srebro/; /prasteni-ot-meditsinska-stomana/; /prasteni-srebro/; /rachno-izraboteni-bizhuta/; /rachno-izraboteni-grivni/; /rachno-izraboteni-obetsi/; /srebarni-kolieta/; /tigrovo-oko-grivna/; /tsitrin-grivna/; /zlaten-prasten-s-diamant/; /zlaten-prasten-s-rubin/; /zlaten-prasten/; /zlatna-grivna/; /zlatna-obetsa/; /zlatni-kolieta/; /zlatni-obetsi-s-diamanti/; /zlatno-kolie-s-diamant/; /zlatno-kolie-s-perla/,/k/bijuta/,/k/aksesoari/,YES,YES,INDEX,Maintain semantic parent/product links; no forced expansion,P3,Български позлатени бижута от локални марки | Българитъм,src/pages/[...slug].astro or dedicated route
/bulgarski-drehi/damski-chanti/,clothing_landing,7,6-10,10,/brand/alleexxa/; /bulgarski-drehi/chanti/; /k/chanti/; /p/chanta-100-valna-1/; /p/chanta-ot-manista-camellia/; /p/chanta-ot-manista-love/; /p/chanta-ot-perli-cherry-blossom-pink/; /p/chanta-za-sport-jungle/; /p/rodopska-chanta-100-valna/; /p/sportswear-grey-sporten-sak/,/k/chanti/,/k/aksesoari/,YES,YES,INDEX,Maintain semantic parent/product links; no forced expansion,P3,Български дамски чанти | Българитъм,src/pages/bulgarski-drehi/[slug].astro
/bulgarski-mazhki-antsuzi/,intent_landing,7,6-10,7,/bulgarski-mazhki-obuvki/; /bulgarski-mazhki-pizhami/; /bulgarski-mazhki-puloveri/; /bulgarski-mazhki-yaketa/; /bulgarski-mazhki-zimni-yaketa/; /k/mazhko-obleklo/; /mazhki-leneni-rizi/,/k/mazhko-obleklo/,/bulgarski-drehi/,YES,YES,INDEX,Maintain semantic parent/product links; no forced expansion,P3,Български мъжки анцузи | Българитъм,src/pages/[...slug].astro or dedicated route
/bulgarski-mazhki-pizhami/,intent_landing,7,6-10,16,/brand/affect/; /brand/iva-tex/; /bulgarski-mazhki-antsuzi/; /bulgarski-mazhki-obuvki/; /bulgarski-mazhki-puloveri/; /bulgarski-mazhki-yaketa/; /bulgarski-mazhki-zimni-yaketa/; /k/mazhko-obleklo/; /mazhki-leneni-rizi/; /p/domashen-mazhki-komplekt/; /p/luksozna-mazhka-pizhama-bordeaux-royale/; /p/mazhka-pizhama-off-road/; /p/mazhka-pizhama-ready-to-ride/; /p/mazhka-pizhama-s-kas-rakav-tamno-sinya/; /p/mazhka-pizhama-s-razkopchavane-svetlo-sinya/; /p/mazhki-domashen-halat/,/k/mazhko-obleklo/,/bulgarski-drehi/,YES,YES,INDEX,Maintain semantic parent/product links; no forced expansion,P3,Мъжки пижами – модели и идеи | Българитъм,src/pages/[...slug].astro or dedicated route
/k/chanti/,taxonomy_landing,7,6-10,68,/balgarski-maratonki/; /bizhuta-ot-kehlibar/; /bizhuta-ot-meditsinska-stomana/; /bizhuta-po-porachka/; /bizhuta-s-cheren-turmalin/; /bizhuta-s-diamanti/; /bizhuta-s-hematit/; /bizhuta-s-izumrud/; /bizhuta-s-labradorit/; /bizhuta-s-moysanit/; /bizhuta-s-perli/; /bizhuta-s-rubin/; /bizhuta-s-tigrovo-oko/; /bizhuta-s-tsitrin/; /brand/alleexxa/; /bulgarski-boti/; /bulgarski-domashni-chehli/; /bulgarski-drehi/chanti/; /bulgarski-drehi/damski-chanti/; /bulgarski-drehi/obuvki/; /bulgarski-mazhki-obuvki-estestvena-kozha/; /bulgarski-obuvki-estestvena-kozha/; /bulgarski-sandali-estestvena-kozha/; /godezhen-prasten-s-diamant/; /godezhni-prasteni/; /grivna-cherven-konets/; /grivna-s-bukva/; /grivna-s-ime/; /grivna-s-krast/; /grivna-srebro/; /grivni-ot-meditsinska-stomana/; /hematit-grivna/; /k/aksesoari/; /k/bijuta/; /k/chanti/; /k/kolani/; /k/srebarni-bijuta/; /k/za-glava/; /kolieta-ot-meditsinska-stomana/; /kutiya-za-bizhuta/; /mazhki-bizhuta/; /obetsi-ot-meditsinska-stomana/; /obetsi-ot-srebro/; /p/chanta-100-valna-1/; /p/chanta-ot-manista-camellia/; /p/chanta-ot-manista-love/; /p/chanta-ot-perli-cherry-blossom-pink/; /p/chanta-za-sport-jungle/; /p/rodopska-chanta-100-valna/; /p/sportswear-grey-sporten-sak/; … +18 more,/k/aksesoari/,/k/aksesoari/,YES,YES,INDEX,Maintain semantic parent/product links; no forced expansion,P3,Чанти | Аксесоари | Българитъм,src/pages/k/[slug].astro
/k/domashni-lyubimci/,taxonomy_landing,7,6-10,11,/brand/amira-perfumes/; /brand/resleep/; /k/aksesoari-za-domashni-lyubimci/; /k/grizha-za-domashni-lyubimci/; /p/dreshka-za-domashen-lyubimets-koledni-igrachki/; /p/dreshka-za-domashen-lyubimets-sinyo-kare-lakomstva/; /p/dreshka-za-domashen-lyubimets-spooky-shtampa/; /p/lyubimets-havliya-za-kuche/; /p/parfum-za-domashen-lyubimec-miss-puppy/; /p/parfum-za-domashen-lyubimec-mr-puppy/; /p/set-mehlemi-za-domashni-lyubimci/,/,/,YES,YES,INDEX,Maintain semantic parent/product links; no forced expansion,P3,Домашни любимци | Български продукти | Българитъм,src/pages/k/[slug].astro
/podarak-za-imen-den-na-zhena/,intent_landing,7,6-10,22,/bulgarski-podaratsi/za-zhena/; /k/podaraci-za-jena/; /k/za-zhena/; /koleden-podarak-za-zhena/; /luksozen-podarak-za-uchitelka/; /personaliziran-podarak-za-zhena/; /podarak-za-30-godishen-yubiley-zhena/; /podarak-za-70-godishen-yubiley-na-zhena/; /podarak-za-8-mart-za-uchitelka/; /podarak-za-80-godishen-yubiley-zhena/; /podarak-za-pensionirane-na-zhena/; /podarak-za-rozhden-den-na-zhena/; /podarak-za-sveti-valentin-za-zhena/; /podarak-za-zhena-na-50/; /podarak-za-zhena-na-60/; /podarak-za-zhena-sportist/; /podarak-za-zhena-za-8-mart/; /podarak-za-zhena-za-diplomirane/; /podarak-za-zhena-za-rozhden-den/; /praktichen-podarak-za-zhena/; /romantichen-podarak-za-zhena/; /zabaven-podarak-za-zhena/,/bulgarski-podaratsi/za-zhena/,/bulgarski-podaratsi/,YES,YES,INDEX,Maintain semantic parent/product links; no forced expansion,P3,Подарък за имен ден на жена – идеи за подарък | Българитъм,src/pages/[...slug].astro or dedicated route
/rachno-izraboteni-sveshti/,intent_landing,7,6-10,13,/brand/160-candles/; /brand/malama/; /brand/wildwick_valley/; /k/dekor/; /k/dekoraciq-za-doma/; /p/aromatna-svesht-pumpkin-pie/; /p/lavandulovi-polya/; /p/neperfektna-svesht/; /p/rozober/; /p/set-i-mama-e-chovek/; /p/sots-set-za-mladozhentsi/; /p/stara-planina/; /p/svesht-you-are-loved/,/k/dekoraciq-za-doma/,/k/za-doma/,YES,YES,INDEX,Maintain semantic parent/product links; no forced expansion,P3,Ръчно изработени свещи | Българитъм,src/pages/[...slug].astro or dedicated route
/zabaven-podarak-za-mazh/,intent_landing,7,6-10,24,/bulgarski-podaratsi/za-mazh/; /k/podaraci-za-nego/; /k/za-mazh/; /koleden-podarak-za-mazh/; /personaliziran-podarak-za-mazh/; /podarak-za-20-godishen-mazh/; /podarak-za-25-godishen-mazh/; /podarak-za-30-godishnina-na-mazh/; /podarak-za-40-godishnina-na-mazh/; /podarak-za-60-godishen-yubiley-mazh/; /podarak-za-70-godishnina-na-mazh/; /podarak-za-80-godishnina-na-mazh/; /podarak-za-kulinar-mazh/; /podarak-za-lovets-mazh/; /podarak-za-mazh-na-50/; /podarak-za-mazh-ribar/; /podarak-za-mazh-sportist/; /podarak-za-mazh-za-diplomirane/; /podarak-za-mazh-za-imen-den/; /podarak-za-mazh-za-rozhden-den/; /podarak-za-mazh-za-sveti-valentin/; /podarak-za-pensionirane-na-mazh/; /praktichen-podarak-za-mazh/; /romantichen-podarak-za-mazh/,/bulgarski-podaratsi/za-mazh/,/bulgarski-podaratsi/,YES,YES,INDEX,Maintain semantic parent/product links; no forced expansion,P3,Забавен подарък за мъж – идеи за подарък | Българитъм,src/pages/[...slug].astro or dedicated route
/bulgarski-palta-ot-valna/,intent_landing,8,6-10,43,/balni-rokli/; /beli-rokli/; /bezhovi-rokli/; /boho-roklya/; /bulgarski-damski-pizhami/; /bulgarski-damski-sportni-ekipi/; /bulgarski-drehi/rokli/; /bulgarski-ezhednevni-rokli/; /bulgarski-kozeni-yaketa/; /bulgarski-letni-rokli/; /bulgarski-oficialni-rokli/; /byala-damska-riza/; /cherna-riza/; /cherna-roklya/; /cherno-palto/; /chervena-roklya/; /damska-lenena-riza/; /damska-pizhama-pamuk/; /damski-bluzi-s-dalag-rakav/; /damski-bluzi-s-kas-rakav/; /damski-rokli-s-dalag-rakav/; /damski-rokli-s-kas-rakav/; /dankova-roklya/; /esenni-rokli/; /k/damsko-obleklo/; /kafyava-roklya/; /kafyavo-palto/; /lenena-roklya/; /pamuchni-rokli/; /prehodni-damski-yaketa/; /roklya-saten/; /rozova-riza/; /rozovi-rokli/; /sinya-roklya/; /sportni-rokli/; /srebarni-rokli/; /svetlosinya-roklya/; /tamnosinya-roklya/; /vecherna-roklya/; /zelena-roklya/; /zeleno-palto/; /zhalta-roklya/; /zlatista-roklya/,/k/damsko-obleklo/,/bulgarski-drehi/,YES,YES,INDEX,Maintain semantic parent/product links; no forced expansion,P3,Български палта от вълна – модели и идеи | Българитъм,src/pages/[...slug].astro or dedicated route
/bulgarski-sveshti/,intent_landing,8,6-10,2,/k/dom-i-interior/; /k/za-doma/,/k/za-doma/,/k/za-doma/,YES,YES,INDEX,Maintain semantic parent/product links; no forced expansion,P2,Български свещи – за дома | Българитъм,src/pages/[...slug].astro or dedicated route
/k/detsko-obleklo/,taxonomy_landing,8,6-10,20,/brand/addict-boutique/; /brand/malea/; /brand/resleep/; /bulgarska-bebeshka-kozmetika/; /bulgarski-detski-igrachki/; /k/deca/; /k/detski-aksesoari/; /k/detski-igrachki/; /k/detski-knigi/; /k/detski-mebeli-i-tekstil/; /k/detsko-obleklo/; /k/kozmetika-za-deca/; /p/detska-lyatna-pizhama-la-dolce-vita/; /p/detska-pizhama-snowflake/; /p/detska-pizhama-zimna-prikazka/; /p/detska-roklichka-v-zlatisto/; /p/komplekt-2-br-beli-detski-teniski/; /p/komplekt-2-br-detski-sportni-pantaloni-za-momche/; /p/roklya-kristi-rozovi-tsvetya/; /p/zhiletka-karl-bezhov/,/k/deca/,/k/deca/,YES,YES,INDEX,Maintain semantic parent/product links; no forced expansion,P3,Облекло | Деца | Българитъм,src/pages/k/[slug].astro
/k/kozmetika-kosa/,taxonomy_landing,8,6-10,31,/brand/benepura/; /brand/saff/; /brand/sapunena-rabotilnitsa/; /brand/witchcraft-botanicals/; /bulgarska-kozmetika-s-roza/; /k/grim/; /k/kozmetika-kosa/; /k/kozmetika-lice/; /k/kozmetika-tyalo/; /k/kozmetika-za-mazhe/; /k/kozmetika/; /kozmetika-s-shafran/; /kozmetika-za-chuvstvitelna-kozha/; /kozmetika-za-dehidratirana-kozha/; /kozmetika-za-hidratatsiya/; /kozmetika-za-kosopad/; /kozmetika-za-mazna-kosa/; /kozmetika-za-mazna-kozha/; /kozmetika-za-protiv-brachki/; /kozmetika-za-suha-kosa/; /kozmetika-za-suha-kozha/; /kozmetika-za-uvredena-kosa/; /naturalna-bulgarska-kozmetika/; /p/bio-slanchevo-shampoanovo-blokche/; /p/golden-nectar-hair-mask/; /p/golden-nectar-shampoo/; /p/happyhair-shampoan-pri-mazna-kosa-i-skalp/; /p/happyhair-stimulirasht-shampoan-pri-kosopad/; /p/serum-za-kosa-s-maslo-ot-rozmarin-i-arganovo-maslo-30-ml/; /p/shampoan-protiv-kosopad/; /p/tvard-shampoan-s-byal-lupin-kofein-i-konopeno-maslo/,/k/kozmetika/,/k/kozmetika/,YES,YES,INDEX,Maintain semantic parent/product links; no forced expansion,P3,Българска козметика за коса – грижа и състав | Българитъм,src/pages/k/[slug].astro
/bulgarski-detski-igrachki/,intent_landing,9,6-10,1,/k/detski-igrachki/,/k/detski-igrachki/,/k/deca/,YES,YES,INDEX,"Strengthen from /k/detski-igrachki/, one relevant sibling hub, and matching product pages",P1,Български детски играчки – за деца и семейства | Българитъм,src/pages/[...slug].astro or dedicated route
/k/detski-igrachki/,taxonomy_landing,9,6-10,22,/brand/armodini/; /brand/david-toys/; /brand/izdatelstvo-marmot/; /brand/wooden-magic/; /bulgarska-bebeshka-kozmetika/; /bulgarski-detski-igrachki/; /k/deca/; /k/detski-aksesoari/; /k/detski-igrachki/; /k/detski-knigi/; /k/detski-mebeli-i-tekstil/; /k/detsko-obleklo/; /k/kozmetika-za-deca/; /p/darveni-karti-nauchi-cifrite-10-br/; /p/detska-rabotilnica/; /p/kartoneno-kolelo-emotsi-o-metar-na-inspektor-krok/; /p/kashtichka-za-risuvane-i-igra-paint-n-wipe/; /p/malki-doktori-darven-komplekt/; /p/palen-komplekt-336-dumi-s-chetyashto-ustroystvo/; /p/pazarski-shtand/; /p/rachno-izraboteno-meche-ot-umaleli-dreshki/; /p/tablo-na-uspeha/,/k/deca/,/k/deca/,YES,YES,INDEX,Maintain semantic parent/product links; no forced expansion,P3,Играчки | Деца | Българитъм,src/pages/k/[slug].astro
/kozmetika-za-hidratatsiya/,intent_landing,9,6-10,6,/k/kozmetika-lice/; /kozmetika-za-chuvstvitelna-kozha/; /kozmetika-za-dehidratirana-kozha/; /kozmetika-za-mazna-kozha/; /kozmetika-za-protiv-brachki/; /kozmetika-za-suha-kozha/,/k/kozmetika-lice/,/k/kozmetika/,YES,YES,INDEX,Maintain semantic parent/product links; no forced expansion,P3,Козметика за хидратация – грижа и състав | Българитъм,src/pages/[...slug].astro or dedicated route
/obetsi-ot-srebro/,intent_landing,9,6-10,46,/bizhuta-ot-kehlibar/; /bizhuta-ot-meditsinska-stomana/; /bizhuta-po-porachka/; /bizhuta-s-cheren-turmalin/; /bizhuta-s-diamanti/; /bizhuta-s-hematit/; /bizhuta-s-izumrud/; /bizhuta-s-labradorit/; /bizhuta-s-moysanit/; /bizhuta-s-perli/; /bizhuta-s-rubin/; /bizhuta-s-tigrovo-oko/; /bizhuta-s-tsitrin/; /godezhen-prasten-s-diamant/; /godezhni-prasteni/; /grivna-cherven-konets/; /grivna-s-bukva/; /grivna-s-ime/; /grivna-s-krast/; /grivna-srebro/; /grivni-ot-meditsinska-stomana/; /hematit-grivna/; /k/bijuta/; /k/srebarni-bijuta/; /kolieta-ot-meditsinska-stomana/; /kutiya-za-bizhuta/; /mazhki-bizhuta/; /obetsi-ot-meditsinska-stomana/; /pozlateni-bizhuta/; /prasteni-ot-meditsinska-stomana/; /prasteni-srebro/; /rachno-izraboteni-bizhuta/; /rachno-izraboteni-grivni/; /rachno-izraboteni-obetsi/; /srebarni-kolieta/; /tigrovo-oko-grivna/; /tsitrin-grivna/; /zlaten-prasten-s-diamant/; /zlaten-prasten-s-rubin/; /zlaten-prasten/; /zlatna-grivna/; /zlatna-obetsa/; /zlatni-kolieta/; /zlatni-obetsi-s-diamanti/; /zlatno-kolie-s-diamant/; /zlatno-kolie-s-perla/,/k/bijuta/,/k/aksesoari/,YES,YES,INDEX,Maintain semantic parent/product links; no forced expansion,P3,Обеци от сребро – материал и детайли | Българитъм,src/pages/[...slug].astro or dedicated route
/personaliziran-podarak-za-mazh/,intent_landing,9,6-10,24,/bulgarski-podaratsi/za-mazh/; /k/podaraci-za-nego/; /k/za-mazh/; /koleden-podarak-za-mazh/; /podarak-za-20-godishen-mazh/; /podarak-za-25-godishen-mazh/; /podarak-za-30-godishnina-na-mazh/; /podarak-za-40-godishnina-na-mazh/; /podarak-za-60-godishen-yubiley-mazh/; /podarak-za-70-godishnina-na-mazh/; /podarak-za-80-godishnina-na-mazh/; /podarak-za-kulinar-mazh/; /podarak-za-lovets-mazh/; /podarak-za-mazh-na-50/; /podarak-za-mazh-ribar/; /podarak-za-mazh-sportist/; /podarak-za-mazh-za-diplomirane/; /podarak-za-mazh-za-imen-den/; /podarak-za-mazh-za-rozhden-den/; /podarak-za-mazh-za-sveti-valentin/; /podarak-za-pensionirane-na-mazh/; /praktichen-podarak-za-mazh/; /romantichen-podarak-za-mazh/; /zabaven-podarak-za-mazh/,/bulgarski-podaratsi/za-mazh/,/bulgarski-podaratsi/,YES,YES,INDEX,Maintain semantic parent/product links; no forced expansion,P3,Персонализиран подарък за мъж – идеи за подарък | Българитъм,src/pages/[...slug].astro or dedicated route
/rachno-izraboteni-grivni/,intent_landing,9,6-10,55,/bizhuta-ot-kehlibar/; /bizhuta-ot-meditsinska-stomana/; /bizhuta-po-porachka/; /bizhuta-s-cheren-turmalin/; /bizhuta-s-diamanti/; /bizhuta-s-hematit/; /bizhuta-s-izumrud/; /bizhuta-s-labradorit/; /bizhuta-s-moysanit/; /bizhuta-s-perli/; /bizhuta-s-rubin/; /bizhuta-s-tigrovo-oko/; /bizhuta-s-tsitrin/; /godezhen-prasten-s-diamant/; /godezhni-prasteni/; /grivna-cherven-konets/; /grivna-s-bukva/; /grivna-s-ime/; /grivna-s-krast/; /grivna-srebro/; /grivni-ot-meditsinska-stomana/; /hematit-grivna/; /k/bijuta/; /k/srebarni-bijuta/; /kolieta-ot-meditsinska-stomana/; /kutiya-za-bizhuta/; /mazhki-bizhuta/; /obetsi-ot-meditsinska-stomana/; /obetsi-ot-srebro/; /p/grivna-pearls/; /p/mazhka-grivna-ot-med-spokoystvie-1-5-sm/; /p/mazhka-grivna-ot-med-spokoystvie/; /p/mazhka-grivna-ot-med-svarog/; /p/mazhka-grivna-ot-med-tiha-sila/; /p/mazhka-srebarna-grivna-143b/; /p/mazhka-srebarna-grivna-568b/; /p/shadow-mazhka-grivna/; /p/srebarna-tvarda-grivna-melted/; /pozlateni-bizhuta/; /prasteni-ot-meditsinska-stomana/; /prasteni-srebro/; /rachno-izraboteni-bizhuta/; /rachno-izraboteni-obetsi/; /srebarni-kolieta/; /tigrovo-oko-grivna/; /tsitrin-grivna/; /zlaten-prasten-s-diamant/; /zlaten-prasten-s-rubin/; /zlaten-prasten/; /zlatna-grivna/; … +5 more,/k/bijuta/,/k/aksesoari/,YES,YES,INDEX,Maintain semantic parent/product links; no forced expansion,P3,Ръчно изработени гривни | Българитъм,src/pages/[...slug].astro or dedicated route
/damska-pizhama-pamuk/,intent_landing,10,6-10,43,/balni-rokli/; /beli-rokli/; /bezhovi-rokli/; /boho-roklya/; /bulgarski-damski-pizhami/; /bulgarski-damski-sportni-ekipi/; /bulgarski-drehi/rokli/; /bulgarski-ezhednevni-rokli/; /bulgarski-kozeni-yaketa/; /bulgarski-letni-rokli/; /bulgarski-oficialni-rokli/; /bulgarski-palta-ot-valna/; /byala-damska-riza/; /cherna-riza/; /cherna-roklya/; /cherno-palto/; /chervena-roklya/; /damska-lenena-riza/; /damski-bluzi-s-dalag-rakav/; /damski-bluzi-s-kas-rakav/; /damski-rokli-s-dalag-rakav/; /damski-rokli-s-kas-rakav/; /dankova-roklya/; /esenni-rokli/; /k/damsko-obleklo/; /kafyava-roklya/; /kafyavo-palto/; /lenena-roklya/; /pamuchni-rokli/; /prehodni-damski-yaketa/; /roklya-saten/; /rozova-riza/; /rozovi-rokli/; /sinya-roklya/; /sportni-rokli/; /srebarni-rokli/; /svetlosinya-roklya/; /tamnosinya-roklya/; /vecherna-roklya/; /zelena-roklya/; /zeleno-palto/; /zhalta-roklya/; /zlatista-roklya/,/k/damsko-obleklo/,/bulgarski-drehi/,YES,YES,INDEX,Maintain semantic parent/product links; no forced expansion,P3,Дамски памучни пижами – модели и идеи | Българитъм,src/pages/[...slug].astro or dedicated route
/podarak-za-krashtene/,intent_landing,10,6-10,14,/20-godishnina-ot-svatba-podarak/; /bulgarski-podaratsi/; /bulgarski-podaratsi/rachno-izraboteni/; /k/bulgarski-podaratsi/; /k/idei-za-podarak/; /k/podaraci/; /podarak-za-10-godishnina-ot-svatba/; /podarak-za-40-godishnina-ot-svatba/; /podarak-za-godishnina-ot-svatba/; /podarak-za-parva-godishnina-ot-svatba/; /podarak-za-perlena-svatba/; /podarak-za-srebarna-svatba/; /podarak-za-zlatna-svatba/; /rachno-izraboteni/,/bulgarski-podaratsi/,/bulgarski-podaratsi/,YES,YES,INDEX,Maintain semantic parent/product links; no forced expansion,P3,Подарък за кръщене – идеи за подарък | Българитъм,src/pages/[...slug].astro or dedicated route
/zabaven-podarak-za-zhena/,intent_landing,10,6-10,22,/bulgarski-podaratsi/za-zhena/; /k/podaraci-za-jena/; /k/za-zhena/; /koleden-podarak-za-zhena/; /luksozen-podarak-za-uchitelka/; /personaliziran-podarak-za-zhena/; /podarak-za-30-godishen-yubiley-zhena/; /podarak-za-70-godishen-yubiley-na-zhena/; /podarak-za-8-mart-za-uchitelka/; /podarak-za-80-godishen-yubiley-zhena/; /podarak-za-imen-den-na-zhena/; /podarak-za-pensionirane-na-zhena/; /podarak-za-rozhden-den-na-zhena/; /podarak-za-sveti-valentin-za-zhena/; /podarak-za-zhena-na-50/; /podarak-za-zhena-na-60/; /podarak-za-zhena-sportist/; /podarak-za-zhena-za-8-mart/; /podarak-za-zhena-za-diplomirane/; /podarak-za-zhena-za-rozhden-den/; /praktichen-podarak-za-zhena/; /romantichen-podarak-za-zhena/,/bulgarski-podaratsi/za-zhena/,/bulgarski-podaratsi/,YES,YES,INDEX,Maintain semantic parent/product links; no forced expansion,P3,Забавен подарък за жена – идеи за подарък | Българитъм,src/pages/[...slug].astro or dedicated route
/bizhuta-s-perli/,intent_landing,11,11+,46,/bizhuta-ot-kehlibar/; /bizhuta-ot-meditsinska-stomana/; /bizhuta-po-porachka/; /bizhuta-s-cheren-turmalin/; /bizhuta-s-diamanti/; /bizhuta-s-hematit/; /bizhuta-s-izumrud/; /bizhuta-s-labradorit/; /bizhuta-s-moysanit/; /bizhuta-s-rubin/; /bizhuta-s-tigrovo-oko/; /bizhuta-s-tsitrin/; /godezhen-prasten-s-diamant/; /godezhni-prasteni/; /grivna-cherven-konets/; /grivna-s-bukva/; /grivna-s-ime/; /grivna-s-krast/; /grivna-srebro/; /grivni-ot-meditsinska-stomana/; /hematit-grivna/; /k/bijuta/; /k/srebarni-bijuta/; /kolieta-ot-meditsinska-stomana/; /kutiya-za-bizhuta/; /mazhki-bizhuta/; /obetsi-ot-meditsinska-stomana/; /obetsi-ot-srebro/; /pozlateni-bizhuta/; /prasteni-ot-meditsinska-stomana/; /prasteni-srebro/; /rachno-izraboteni-bizhuta/; /rachno-izraboteni-grivni/; /rachno-izraboteni-obetsi/; /srebarni-kolieta/; /tigrovo-oko-grivna/; /tsitrin-grivna/; /zlaten-prasten-s-diamant/; /zlaten-prasten-s-rubin/; /zlaten-prasten/; /zlatna-grivna/; /zlatna-obetsa/; /zlatni-kolieta/; /zlatni-obetsi-s-diamanti/; /zlatno-kolie-s-diamant/; /zlatno-kolie-s-perla/,/k/bijuta/,/k/aksesoari/,YES,YES,INDEX,Maintain semantic parent/product links; no forced expansion,P3,Бижута с перли – материал и детайли | Българитъм,src/pages/[...slug].astro or dedicated route
/podarak-za-mazh-za-sveti-valentin/,intent_landing,11,11+,24,/bulgarski-podaratsi/za-mazh/; /k/podaraci-za-nego/; /k/za-mazh/; /koleden-podarak-za-mazh/; /personaliziran-podarak-za-mazh/; /podarak-za-20-godishen-mazh/; /podarak-za-25-godishen-mazh/; /podarak-za-30-godishnina-na-mazh/; /podarak-za-40-godishnina-na-mazh/; /podarak-za-60-godishen-yubiley-mazh/; /podarak-za-70-godishnina-na-mazh/; /podarak-za-80-godishnina-na-mazh/; /podarak-za-kulinar-mazh/; /podarak-za-lovets-mazh/; /podarak-za-mazh-na-50/; /podarak-za-mazh-ribar/; /podarak-za-mazh-sportist/; /podarak-za-mazh-za-diplomirane/; /podarak-za-mazh-za-imen-den/; /podarak-za-mazh-za-rozhden-den/; /podarak-za-pensionirane-na-mazh/; /praktichen-podarak-za-mazh/; /romantichen-podarak-za-mazh/; /zabaven-podarak-za-mazh/,/bulgarski-podaratsi/za-mazh/,/bulgarski-podaratsi/,YES,YES,INDEX,Maintain semantic parent/product links; no forced expansion,P3,Подарък за мъж за Свети Валентин | Българитъм,src/pages/[...slug].astro or dedicated route
/rachno-izraboteni-obetsi/,intent_landing,11,11+,58,/bizhuta-ot-kehlibar/; /bizhuta-ot-meditsinska-stomana/; /bizhuta-po-porachka/; /bizhuta-s-cheren-turmalin/; /bizhuta-s-diamanti/; /bizhuta-s-hematit/; /bizhuta-s-izumrud/; /bizhuta-s-labradorit/; /bizhuta-s-moysanit/; /bizhuta-s-perli/; /bizhuta-s-rubin/; /bizhuta-s-tigrovo-oko/; /bizhuta-s-tsitrin/; /godezhen-prasten-s-diamant/; /godezhni-prasteni/; /grivna-cherven-konets/; /grivna-s-bukva/; /grivna-s-ime/; /grivna-s-krast/; /grivna-srebro/; /grivni-ot-meditsinska-stomana/; /hematit-grivna/; /k/bijuta/; /k/srebarni-bijuta/; /kolieta-ot-meditsinska-stomana/; /kutiya-za-bizhuta/; /mazhki-bizhuta/; /obetsi-ot-meditsinska-stomana/; /obetsi-ot-srebro/; /p/golemi-obeci-balerina-ramonna/; /p/golemi-obeci-s-cvetya-amalfi/; /p/kabala-obetsi-halki-sheva-brachot/; /p/kabala-obetsi-s-kultivirani-beli-perli/; /p/kabbalah-obetsi-ot-srebro/; /p/kabbalah-obetsi-srebro-s-tsirkoni/; /p/obeci-dobrudzhanski-region/; /p/obeci-peperudi-on-a-date/; /p/obeci-sofiyski-region/; /p/oksidirani-srebarni-obetsi-krila-na-angel/; /p/srebarni-obeci-s-krag-i-visiasht-element/; /p/srebarni-obeci-tiara/; /pozlateni-bizhuta/; /prasteni-ot-meditsinska-stomana/; /prasteni-srebro/; /rachno-izraboteni-bizhuta/; /rachno-izraboteni-grivni/; /srebarni-kolieta/; /tigrovo-oko-grivna/; /tsitrin-grivna/; /zlaten-prasten-s-diamant/; … +8 more,/k/bijuta/,/k/aksesoari/,YES,YES,INDEX,Maintain semantic parent/product links; no forced expansion,P3,Ръчно изработени обеци | Българитъм,src/pages/[...slug].astro or dedicated route
/romantichen-podarak-za-zhena/,intent_landing,11,11+,22,/bulgarski-podaratsi/za-zhena/; /k/podaraci-za-jena/; /k/za-zhena/; /koleden-podarak-za-zhena/; /luksozen-podarak-za-uchitelka/; /personaliziran-podarak-za-zhena/; /podarak-za-30-godishen-yubiley-zhena/; /podarak-za-70-godishen-yubiley-na-zhena/; /podarak-za-8-mart-za-uchitelka/; /podarak-za-80-godishen-yubiley-zhena/; /podarak-za-imen-den-na-zhena/; /podarak-za-pensionirane-na-zhena/; /podarak-za-rozhden-den-na-zhena/; /podarak-za-sveti-valentin-za-zhena/; /podarak-za-zhena-na-50/; /podarak-za-zhena-na-60/; /podarak-za-zhena-sportist/; /podarak-za-zhena-za-8-mart/; /podarak-za-zhena-za-diplomirane/; /podarak-za-zhena-za-rozhden-den/; /praktichen-podarak-za-zhena/; /zabaven-podarak-za-zhena/,/bulgarski-podaratsi/za-zhena/,/bulgarski-podaratsi/,YES,YES,INDEX,Maintain semantic parent/product links; no forced expansion,P3,Романтичен подарък за жена – идеи за подарък | Българитъм,src/pages/[...slug].astro or dedicated route
/k/kozmetika-tyalo/,taxonomy_landing,12,11+,35,/brand/nl-beauty/; /brand/nutera/; /brand/saff/; /brand/sapunena-rabotilnitsa/; /bulgarska-kozmetika-s-roza/; /k/grim/; /k/kozmetika-kosa/; /k/kozmetika-lice/; /k/kozmetika-tyalo/; /k/kozmetika-za-mazhe/; /k/kozmetika/; /kozmetika-s-shafran/; /kozmetika-za-chuvstvitelna-kozha/; /kozmetika-za-dehidratirana-kozha/; /kozmetika-za-hidratatsiya/; /kozmetika-za-kosopad/; /kozmetika-za-mazna-kosa/; /kozmetika-za-mazna-kozha/; /kozmetika-za-protiv-brachki/; /kozmetika-za-suha-kosa/; /kozmetika-za-suha-kozha/; /kozmetika-za-uvredena-kosa/; /naturalna-bulgarska-kozmetika/; /p/bio-balsam-za-sled-tatuirane-roza-20-ml/; /p/bio-dush-gel-citrus/; /p/deo-stik-vaniliya-i-laym/; /p/kutiya-aromatna-trilogiya/; /p/losion-za-tyalo-s-blestyashti-chastitsi-glow-babe/; /p/olio-za-po-barz-ten-beach-babe/; /p/sapun-cheren-piper-portokal-i-greipfrut/; /p/sapun-detoks-s-aktiven-vaglen/; /p/sapun-ilang-ilang/; /p/sos-balsam-za-ratse/; /p/vanilla-glow-shimmering-body-oil/; /p/zaharen-eksfoliant-kokos/,/k/kozmetika/,/k/kozmetika/,YES,YES,INDEX,Maintain semantic parent/product links; no forced expansion,P3,Българска козметика за тяло | Българитъм,src/pages/k/[slug].astro
/mazhki-bizhuta/,intent_landing,12,11+,61,/bizhuta-ot-kehlibar/; /bizhuta-ot-meditsinska-stomana/; /bizhuta-po-porachka/; /bizhuta-s-cheren-turmalin/; /bizhuta-s-diamanti/; /bizhuta-s-hematit/; /bizhuta-s-izumrud/; /bizhuta-s-labradorit/; /bizhuta-s-moysanit/; /bizhuta-s-perli/; /bizhuta-s-rubin/; /bizhuta-s-tigrovo-oko/; /bizhuta-s-tsitrin/; /brand/gabi-jewellery/; /brand/katano/; /brand/studio-nikolas/; /godezhen-prasten-s-diamant/; /godezhni-prasteni/; /grivna-cherven-konets/; /grivna-s-bukva/; /grivna-s-ime/; /grivna-s-krast/; /grivna-srebro/; /grivni-ot-meditsinska-stomana/; /hematit-grivna/; /k/bijuta/; /k/srebarni-bijuta/; /kolieta-ot-meditsinska-stomana/; /kutiya-za-bizhuta/; /obetsi-ot-meditsinska-stomana/; /obetsi-ot-srebro/; /p/mazhka-grivna-ot-med-spokoystvie/; /p/mazhka-grivna-ot-med-svarog/; /p/mazhka-srebarna-grivna-143b/; /p/mazhka-srebarna-grivna-568b/; /p/myzhki-srebaren-prasten-s-cherepi-1300r/; /p/prasten-srebarna-pletenitsa-s-oksidatsiya/; /p/prastenat-na-atlantida-ot-zlato/; /p/shadow-mazhka-grivna/; /p/srebaren-prasten-s-oniks-i-cherepi/; /p/srebaren-prasten-sigillum-militum-xpisti/; /p/verizhka-ot-srebro-925/; /p/vikingski-prasten-valknut/; /pozlateni-bizhuta/; /prasteni-ot-meditsinska-stomana/; /prasteni-srebro/; /rachno-izraboteni-bizhuta/; /rachno-izraboteni-grivni/; /rachno-izraboteni-obetsi/; /srebarni-kolieta/; … +11 more,/k/bijuta/,/k/aksesoari/,YES,YES,INDEX,Maintain semantic parent/product links; no forced expansion,P3,Мъжки бижута – материал и детайли | Българитъм,src/pages/[...slug].astro or dedicated route
/bulgarski-leneni-drehi/,intent_landing,13,11+,3,/bulgarski-drehi/; /k/bulgarski-drehi/; /k/obleklo/,/bulgarski-drehi/,/bulgarski-drehi/,YES,YES,INDEX,Maintain semantic parent/product links; no forced expansion,P3,Български ленени дрехи – модели и идеи | Българитъм,src/pages/[...slug].astro or dedicated route
/bulgarsko-spalno-belyo/,intent_landing,13,11+,1,/k/domashen-tekstil/,/k/domashen-tekstil/,/k/za-doma/,YES,YES,INDEX,"Strengthen from /k/domashen-tekstil/, one relevant sibling hub, and matching product pages",P1,Българско спално бельо – за дома | Българитъм,src/pages/[...slug].astro or dedicated route
/k/dobavki-i-ekstrakti/,taxonomy_landing,13,11+,23,/brand/alteya-organics/; /brand/axtracts/; /brand/innovaherb/; /brand/momvy/; /k/chai-i-bilki/; /k/dobavki-i-ekstrakti/; /k/imunitet/; /k/sport/; /k/vitamini/; /k/zdrave-i-grizha/; /p/bella-bio-hranitelna-dobavka-za-kozha/; /p/chaga-sprei-35-ml/; /p/detoxa-bio-hranitelna-dobavka/; /p/energia-bio-hranitelna-dobavka/; /p/hranitelna-dobavka-cheren-kimion-byal-tran-rozovo-maslo/; /p/kaien-piper-tinktura/; /p/korditseps-sprei-35-ml/; /p/kurkuma-i-cheren-piper-tinktura/; /p/lavska-griva-sprei-35-ml/; /p/miks-ot-gabi-sprei-35-ml/; /p/reishi-sprei-35-ml/; /p/rose-beauty-omegas-bio-omega-3-6-7-9/; /p/surov-borov-prashets-tinktura/,/k/zdrave-i-grizha/,/k/zdrave-i-grizha/,YES,YES,INDEX,Maintain semantic parent/product links; no forced expansion,P3,Добавки и екстракти | Здраве и грижа | Българитъм,src/pages/k/[slug].astro
/k/domashen-tekstil/,taxonomy_landing,13,11+,26,/brand/aurora/; /brand/nadnap/; /bulgarski-sveshti/; /bulgarsko-spalno-belyo/; /k/banya/; /k/dekor/; /k/dekoraciq-za-doma/; /k/dom-i-interior/; /k/domashen-tekstil/; /k/kuhnya/; /k/pochistvane/; /k/za-doma/; /p/ivory-botanica-dizaynerski-spalen-komplekt-ot-4-chasti/; /p/kalufka-za-vazglavnitsa-coquette/; /p/komplekt-bezhovo/; /p/komplekt-bordo/; /p/komplekt-cherno/; /p/komplekt-ot-4-chasti-secret-duo/; /p/komplekt-shokolad/; /p/komplekt-svetlosivo/; /p/nepromokaem-protektor-za-matrak-s-elastichen-bord/; /p/olekotena-zavivka-soft-balance/; /p/pokrivalo-za-leglo-kosmopolitan-100-pamuk/; /p/protektor-za-vazglavnitsa-s-tsip-50x70/; /p/spalen-komplekt-ot-100-pamuk/; /rachno-izraboteni-sveshti/,/k/za-doma/,/k/za-doma/,YES,YES,INDEX,Maintain semantic parent/product links; no forced expansion,P3,Български домашен текстил – за дома | Българитъм,src/pages/k/[slug].astro
/k/imunitet/,taxonomy_landing,13,11+,0,,/k/zdrave-i-grizha/,/k/zdrave-i-grizha/,NO,NO,INDEX,Add a contextual child link from /k/zdrave-i-grizha/ and links from matching product pages,P0,Добавки и екстракти | Здраве и грижа | Българитъм,src/pages/k/[slug].astro
/k/kozmetika-lice/,taxonomy_landing,13,11+,38,/brand/benepura/; /brand/phytoessencebio/; /brand/rumi-cosmetics/; /brand/saff/; /brand/scarab-cosmetics/; /brand/witchcraft-botanicals/; /bulgarska-kozmetika-s-roza/; /k/grim/; /k/kozmetika-kosa/; /k/kozmetika-lice/; /k/kozmetika-tyalo/; /k/kozmetika-za-mazhe/; /k/kozmetika/; /kozmetika-s-shafran/; /kozmetika-za-chuvstvitelna-kozha/; /kozmetika-za-dehidratirana-kozha/; /kozmetika-za-hidratatsiya/; /kozmetika-za-kosopad/; /kozmetika-za-mazna-kosa/; /kozmetika-za-mazna-kozha/; /kozmetika-za-protiv-brachki/; /kozmetika-za-suha-kosa/; /kozmetika-za-suha-kozha/; /kozmetika-za-uvredena-kosa/; /naturalna-bulgarska-kozmetika/; /p/cellular-night-regeneration-cream/; /p/floral-face-gommage/; /p/glow-dalboko-hidratirasht-dneven-krem-za-litse/; /p/pearllixir-microfluidic-illuminating-serum/; /p/pochistvasht-gel-za-chuvstvitelna-kozha-gems-of-clarity/; /p/pochistvashto-i-izmivashto-maslo-za-lice-phytoessencebio/; /p/puga-dneven-krem-protiv-brachki/; /p/pyana-za-lice-bha-prebiotics-phytoessence/; /p/serum-za-lice-s-retinol-i-lakesis-30-ml/; /p/serum-za-lice-sas-ceramidi-za-vazstanovyavane-na-kozhata-phytoessencebio/; /p/the-coffee-shot-serum-s-kofein/; /p/toner-balance/; /p/vazstanovyavasht-krem-s-matcha-i-aloe-vera/,/k/kozmetika/,/k/kozmetika/,YES,YES,INDEX,Maintain semantic parent/product links; no forced expansion,P3,Българска козметика за лице – грижа и състав | Българитъм,src/pages/k/[slug].astro
/k/vitamini/,taxonomy_landing,13,11+,0,,/k/zdrave-i-grizha/,/k/zdrave-i-grizha/,NO,NO,INDEX,Add a contextual child link from /k/zdrave-i-grizha/ and links from matching product pages,P0,Добавки и екстракти | Здраве и грижа | Българитъм,src/pages/k/[slug].astro
/k/dekor/,taxonomy_landing,15,11+,0,,/k/za-doma/,/k/za-doma/,NO,NO,INDEX,Add a contextual child link from /k/za-doma/ and links from matching product pages,P0,Декор | Дом и интериор | Българитъм,src/pages/k/[slug].astro
/k/dekoraciq-za-doma/,taxonomy_landing,15,11+,31,/brand/krilati-priateli/; /brand/raelumin/; /brand/sito-studio/; /brand/studio-dada/; /brand/the-curiosity-institute/; /bulgarski-sveshti/; /bulgarsko-spalno-belyo/; /k/banya/; /k/dekor/; /k/dekoraciq-za-doma/; /k/dom-i-interior/; /k/domashen-tekstil/; /k/kuhnya/; /k/pochistvane/; /k/za-doma/; /p/izkustvo-za-stena-michaelangelos-david/; /p/kartina-tvoeto-angelsko-ime/; /p/kartina-yaponski-vulni/; /p/kashpa-relefni-valni/; /p/kolektsia-planinski-karti-5-planini/; /p/pirin-planinska-karta-poster/; /p/print-arraindegian/; /p/print-big-ideas/; /p/print-momicheta-momcheta-cvetya/; /p/print-self-compassion/; /p/print-sloppy-sphinx/; /p/print-za-stena-roza/; /p/risuvana-kartina-angel-pazitel/; /p/stoper-za-vrata-doggy/; /p/vitosha-planinska-karta-poster/; /rachno-izraboteni-sveshti/,/k/za-doma/,/k/za-doma/,YES,YES,INDEX,Maintain semantic parent/product links; no forced expansion,P3,Декор | Дом и интериор | Българитъм,src/pages/k/[slug].astro
/personaliziran-podarak-za-bebe/,intent_landing,15,11+,8,/bulgarski-podaratsi/za-bebe/; /k/podaraci-za-bebe/; /k/za-bebe/; /podarak-za-bebe-momche/; /podarak-za-bebe-momiche/; /podarak-za-izpisvane-na-bebe/; /podarak-za-novorodeno/; /podaratsi-za-pogacha-na-momche/,/bulgarski-podaratsi/za-bebe/,/bulgarski-podaratsi/,YES,YES,INDEX,Maintain semantic parent/product links; no forced expansion,P3,Персонализиран подарък за бебе | Българитъм,src/pages/[...slug].astro or dedicated route
/personaliziran-podarak-za-zhena/,intent_landing,15,11+,22,/bulgarski-podaratsi/za-zhena/; /k/podaraci-za-jena/; /k/za-zhena/; /koleden-podarak-za-zhena/; /luksozen-podarak-za-uchitelka/; /podarak-za-30-godishen-yubiley-zhena/; /podarak-za-70-godishen-yubiley-na-zhena/; /podarak-za-8-mart-za-uchitelka/; /podarak-za-80-godishen-yubiley-zhena/; /podarak-za-imen-den-na-zhena/; /podarak-za-pensionirane-na-zhena/; /podarak-za-rozhden-den-na-zhena/; /podarak-za-sveti-valentin-za-zhena/; /podarak-za-zhena-na-50/; /podarak-za-zhena-na-60/; /podarak-za-zhena-sportist/; /podarak-za-zhena-za-8-mart/; /podarak-za-zhena-za-diplomirane/; /podarak-za-zhena-za-rozhden-den/; /praktichen-podarak-za-zhena/; /romantichen-podarak-za-zhena/; /zabaven-podarak-za-zhena/,/bulgarski-podaratsi/za-zhena/,/bulgarski-podaratsi/,YES,YES,INDEX,Maintain semantic parent/product links; no forced expansion,P3,Персонализиран подарък за жена | Българитъм,src/pages/[...slug].astro or dedicated route
/rachno-izraboteni-kartichki/,intent_landing,15,11+,0,,/,/,NO,YES,INDEX,Add a contextual child link from / and links from matching product pages,P0,Ръчно изработени картички | Българитъм,src/pages/[...slug].astro or dedicated route
/k/kuhnya/,taxonomy_landing,16,11+,30,/brand/art-tochka/; /brand/magiya-na-hartiya/; /brand/nadnap/; /bulgarski-sveshti/; /bulgarsko-spalno-belyo/; /k/banya/; /k/dekor/; /k/dekoraciq-za-doma/; /k/dom-i-interior/; /k/domashen-tekstil/; /k/kuhnya/; /k/pochistvane/; /k/za-doma/; /p/chasha-s-poslanie-az-ti-i-moreto/; /p/chasha-s-poslanie-sartseto-ti-e-krasivo/; /p/golyama-chiniya-mak/; /p/keramichna-chasha-s-cvetya/; /p/keramichna-chasha-sus-sarca/; /p/podlozhka-za-hranene-ot-yuta-35x45-sm/; /p/pokrivka-atlantik-atlantic/; /p/pokrivka-lino-vodoustoychiva/; /p/rachno-risuvani-chashi-za-vino-slanchogledi/; /p/rakavica-za-furna/; /p/risuvani-chashi-za-vino-motiv/; /p/salfetka-dzhob-za-pribori-toni/; /p/srebarna-imperatorska-lazhichka/; /p/srebarna-lazhichka-vetrilo-1223l/; /p/srebarna-vilichka/; /p/tishlayfer-atlantik-atlantic/; /rachno-izraboteni-sveshti/,/k/za-doma/,/k/za-doma/,YES,YES,INDEX,Maintain semantic parent/product links; no forced expansion,P3,Кухня | Дом и интериор | Българитъм,src/pages/k/[slug].astro
/bulgarski-drehi/rokli/,clothing_landing,17,11+,44,/balni-rokli/; /beli-rokli/; /bezhovi-rokli/; /boho-roklya/; /bulgarski-brandove-za-drehi/; /bulgarski-damski-pizhami/; /bulgarski-damski-sportni-ekipi/; /bulgarski-ezhednevni-rokli/; /bulgarski-kozeni-yaketa/; /bulgarski-letni-rokli/; /bulgarski-oficialni-rokli/; /bulgarski-palta-ot-valna/; /byala-damska-riza/; /cherna-riza/; /cherna-roklya/; /cherno-palto/; /chervena-roklya/; /damska-lenena-riza/; /damska-pizhama-pamuk/; /damski-bluzi-s-dalag-rakav/; /damski-bluzi-s-kas-rakav/; /damski-rokli-s-dalag-rakav/; /damski-rokli-s-kas-rakav/; /dankova-roklya/; /esenni-rokli/; /k/damsko-obleklo/; /kafyava-roklya/; /kafyavo-palto/; /lenena-roklya/; /pamuchni-rokli/; /prehodni-damski-yaketa/; /roklya-saten/; /rozova-riza/; /rozovi-rokli/; /sinya-roklya/; /sportni-rokli/; /srebarni-rokli/; /svetlosinya-roklya/; /tamnosinya-roklya/; /vecherna-roklya/; /zelena-roklya/; /zeleno-palto/; /zhalta-roklya/; /zlatista-roklya/,/k/damsko-obleklo/,/bulgarski-drehi/,YES,YES,INDEX,Maintain semantic parent/product links; no forced expansion,P3,Български рокли – модели и идеи | Българитъм,src/pages/bulgarski-drehi/[slug].astro
/k/zdrave-i-grizha/,taxonomy_landing,18,11+,29,/brand/alteya-organics/; /brand/axtracts/; /brand/innovaherb/; /brand/mira-profirova/; /brand/momvy/; /brand/nutera/; /k/chai-i-bilki/; /k/dobavki-i-ekstrakti/; /k/imunitet/; /k/sport/; /k/vitamini/; /p/artitera-krem-protiv-bolki-v-stavite/; /p/bella-bio-hranitelna-dobavka-za-kozha/; /p/chaga-sprei-35-ml/; /p/chai-protiv-virusi/; /p/chai-za-detoks/; /p/detoxa-bio-hranitelna-dobavka/; /p/energia-bio-hranitelna-dobavka/; /p/hranitelna-dobavka-cheren-kimion-byal-tran-rozovo-maslo/; /p/kaien-piper-tinktura/; /p/korditseps-sprei-35-ml/; /p/kurkuma-i-cheren-piper-tinktura/; /p/kutiya-balans-i-detoks-ritual/; /p/lavska-griva-sprei-35-ml/; /p/metalna-kutiya-beauty-tea/; /p/miks-ot-gabi-sprei-35-ml/; /p/reishi-sprei-35-ml/; /p/rose-beauty-omegas-bio-omega-3-6-7-9/; /p/surov-borov-prashets-tinktura/,/,/,YES,YES,INDEX,Maintain semantic parent/product links; no forced expansion,P3,Здраве и грижа | Български продукти | Българитъм,src/pages/k/[slug].astro
/podarak-za-novorodeno/,intent_landing,18,11+,8,/bulgarski-podaratsi/za-bebe/; /k/podaraci-za-bebe/; /k/za-bebe/; /personaliziran-podarak-za-bebe/; /podarak-za-bebe-momche/; /podarak-za-bebe-momiche/; /podarak-za-izpisvane-na-bebe/; /podaratsi-za-pogacha-na-momche/,/bulgarski-podaratsi/za-bebe/,/bulgarski-podaratsi/,YES,YES,INDEX,Maintain semantic parent/product links; no forced expansion,P3,Подарък за новородено – идеи за подарък | Българитъм,src/pages/[...slug].astro or dedicated route
/svatben-album-rachna-izrabotka/,intent_landing,18,11+,29,/brand/art-tochka/; /brand/cherryme/; /brand/crafts-of-space/; /brand/la-pivoine/; /brand/soleil-design/; /bulgarski-podaratsi/za-svatba/; /k/podaraci-za-svatba/; /k/za-svatba/; /p/album-blue/; /p/album-friends-2/; /p/album-i-kutiyka-za-sakrovishta-malka-balerina/; /p/album-za-momche-harry-potter/; /p/album-za-momche-raketa/; /p/album-za-novorodeno-giraffe/; /p/album-za-novorodeno-menta-i-shokolad/; /p/album-za-snimki-planina/; /p/detski-album-za-momiche-zamak/; /p/detski-graviran-darven-chasovnik-za-stena/; /p/foto-album-frezii/; /p/luksozen-album-za-snimki-shevica/; /p/luksozen-svatben-album-listenca/; /p/luksozen-svatben-komplekt-white-flowers/; /p/luksozen-svatben-set-rustic-and-blush/; /p/luksozen-svatben-set-v-stil-rustik/; /p/rachno-izraboten-album-plik-ramka-stih/; /p/rachno-izraboten-svatben-album-gorska-prikazka/; /p/svatben-album-shabby-roses/; /p/travel-album-greece/; /p/travel-album-istanbul/,/bulgarski-podaratsi/za-svatba/,/bulgarski-podaratsi/,YES,YES,INDEX,Maintain semantic parent/product links; no forced expansion,P3,Сватбен албум ръчна изработка | Българитъм,src/pages/[...slug].astro or dedicated route
/naturalna-bulgarska-kozmetika/,intent_landing,21,11+,3,/bulgarska-kozmetika-s-roza/; /k/kozmetika/; /kozmetika-s-shafran/,/k/kozmetika/,/k/kozmetika/,YES,YES,INDEX,Maintain semantic parent/product links; no forced expansion,P3,Българска натурална козметика – грижа и състав | Българитъм,src/pages/[...slug].astro or dedicated route
/podarak-za-bebe-momche/,intent_landing,21,11+,8,/bulgarski-podaratsi/za-bebe/; /k/podaraci-za-bebe/; /k/za-bebe/; /personaliziran-podarak-za-bebe/; /podarak-za-bebe-momiche/; /podarak-za-izpisvane-na-bebe/; /podarak-za-novorodeno/; /podaratsi-za-pogacha-na-momche/,/bulgarski-podaratsi/za-bebe/,/bulgarski-podaratsi/,YES,YES,INDEX,Maintain semantic parent/product links; no forced expansion,P3,Подарък за бебе момченце – идеи за подарък | Българитъм,src/pages/[...slug].astro or dedicated route
/bulgarski-podaratsi/za-dete/,gift_landing,22,11+,93,/20-godishnina-ot-svatba-podarak/; /bulgarski-podaratsi/; /bulgarski-podaratsi/rachno-izraboteni/; /bulgarski-podaratsi/za-bebe/; /bulgarski-podaratsi/za-dete/; /bulgarski-podaratsi/za-mazh/; /bulgarski-podaratsi/za-svatba/; /bulgarski-podaratsi/za-zhena/; /k/bulgarski-podaratsi/; /k/idei-za-podarak/; /k/podaraci-za-bebe/; /k/podaraci-za-jena/; /k/podaraci-za-nego/; /k/podaraci-za-svatba/; /k/podaraci/; /k/za-bebe/; /k/za-dete/; /k/za-mazh/; /k/za-svatba/; /k/za-zhena/; /koleden-podarak-za-mazh/; /koleden-podarak-za-zhena/; /luksozen-podarak-za-uchitelka/; /originalen-podarak-za-10-godishno-momche/; /originalen-podarak-za-10-godishno-momiche/; /originalen-podarak-za-9-godishno-momiche/; /originalen-podarak-za-momche-na-14-godini/; /originalen-podarak-za-momiche-na-14-godini/; /originalen-podarak-za-momiche-na-7-godini/; /personaliziran-podarak-za-bebe/; /personaliziran-podarak-za-mazh/; /personaliziran-podarak-za-zhena/; /podarak-za-10-godishnina-ot-svatba/; /podarak-za-20-godishen-mazh/; /podarak-za-25-godishen-mazh/; /podarak-za-30-godishen-yubiley-zhena/; /podarak-za-30-godishnina-na-mazh/; /podarak-za-4-godishno-momche/; /podarak-za-40-godishnina-na-mazh/; /podarak-za-40-godishnina-ot-svatba/; /podarak-za-60-godishen-yubiley-mazh/; /podarak-za-70-godishen-yubiley-na-zhena/; /podarak-za-70-godishnina-na-mazh/; /podarak-za-8-mart-za-uchitelka/; /podarak-za-80-godishen-yubiley-zhena/; /podarak-za-80-godishnina-na-mazh/; /podarak-za-bebe-momche/; /podarak-za-bebe-momiche/; /podarak-za-dete-na-1-godina/; /podarak-za-dete-na-10-godini/; … +43 more,/bulgarski-podaratsi/,/bulgarski-podaratsi/,YES,YES,INDEX,Maintain semantic parent/product links; no forced expansion,P3,Подарък за дете | Българитъм,src/pages/bulgarski-podaratsi/[slug].astro
/k/za-dete/,taxonomy_landing,22,11+,0,,/bulgarski-podaratsi/,/bulgarski-podaratsi/,NO,NO,INDEX,Add a contextual child link from /bulgarski-podaratsi/ and links from matching product pages,P0,Подаръци за дете | Подаръци | Българитъм,src/pages/k/[slug].astro
/podarak-za-sveti-valentin-za-zhena/,intent_landing,23,11+,22,/bulgarski-podaratsi/za-zhena/; /k/podaraci-za-jena/; /k/za-zhena/; /koleden-podarak-za-zhena/; /luksozen-podarak-za-uchitelka/; /personaliziran-podarak-za-zhena/; /podarak-za-30-godishen-yubiley-zhena/; /podarak-za-70-godishen-yubiley-na-zhena/; /podarak-za-8-mart-za-uchitelka/; /podarak-za-80-godishen-yubiley-zhena/; /podarak-za-imen-den-na-zhena/; /podarak-za-pensionirane-na-zhena/; /podarak-za-rozhden-den-na-zhena/; /podarak-za-zhena-na-50/; /podarak-za-zhena-na-60/; /podarak-za-zhena-sportist/; /podarak-za-zhena-za-8-mart/; /podarak-za-zhena-za-diplomirane/; /podarak-za-zhena-za-rozhden-den/; /praktichen-podarak-za-zhena/; /romantichen-podarak-za-zhena/; /zabaven-podarak-za-zhena/,/bulgarski-podaratsi/za-zhena/,/bulgarski-podaratsi/,YES,YES,INDEX,Maintain semantic parent/product links; no forced expansion,P3,Подарък за жена за Свети Валентин | Българитъм,src/pages/[...slug].astro or dedicated route
/podarak-za-bebe-momiche/,intent_landing,24,11+,8,/bulgarski-podaratsi/za-bebe/; /k/podaraci-za-bebe/; /k/za-bebe/; /personaliziran-podarak-za-bebe/; /podarak-za-bebe-momche/; /podarak-za-izpisvane-na-bebe/; /podarak-za-novorodeno/; /podaratsi-za-pogacha-na-momche/,/bulgarski-podaratsi/za-bebe/,/bulgarski-podaratsi/,YES,YES,INDEX,Maintain semantic parent/product links; no forced expansion,P3,Подарък за бебе момиченце – идеи за подарък | Българитъм,src/pages/[...slug].astro or dedicated route
/bulgarski-damski-pizhami/,intent_landing,25,11+,68,/balni-rokli/; /beli-rokli/; /bezhovi-rokli/; /boho-roklya/; /bulgarski-damski-sportni-ekipi/; /bulgarski-drehi/rokli/; /bulgarski-ezhednevni-rokli/; /bulgarski-kozeni-yaketa/; /bulgarski-letni-rokli/; /bulgarski-oficialni-rokli/; /bulgarski-palta-ot-valna/; /byala-damska-riza/; /cherna-riza/; /cherna-roklya/; /cherno-palto/; /chervena-roklya/; /damska-lenena-riza/; /damska-pizhama-pamuk/; /damski-bluzi-s-dalag-rakav/; /damski-bluzi-s-kas-rakav/; /damski-rokli-s-dalag-rakav/; /damski-rokli-s-kas-rakav/; /dankova-roklya/; /esenni-rokli/; /k/damsko-obleklo/; /kafyava-roklya/; /kafyavo-palto/; /lenena-roklya/; /p/byal-halat-angelsko-dokosvane/; /p/damska-noshtnitsa-latte/; /p/damska-pizhama-blue-lemon-chic/; /p/damska-pizhama-dolce-lemon/; /p/damska-satenena-noshtnitsa-midnight-cherry/; /p/damska-satenena-noshtnitsa-vanilla-cherry/; /p/damski-domashen-komplekt-plyush-zip-menta/; /p/halat-brida-personaliziran/; /p/halat-ot-pamuk-rose/; /p/luksozen-satenen-halat-black-and-red/; /p/luksozna-damska-pizhama-golden-whisper/; /p/luksuzna-damska-pizhama-ash-of-roses/; /p/lyatna-damska-pizhama-black-citrus/; /p/lyatna-damska-pizhama-sunny-citrus/; /p/modal-noshtnitsa-s-dalag-rakav-bordo/; /p/pamuchen-set-s-dalag-rakav-blue-whisper/; /p/pamuchen-set-s-dalag-rakav-rose/; /p/pijama-kiss-me-goodnight/; /p/pizhama-lolita/; /p/pizhama-modal-potnik-s-dalgo-dolnishte-bordo/; /p/pizhama-modal-potnik-s-kaso-dolnishte-bordo/; /p/pizhama-s-potnik-ot-pamuk-i-modal-flower-stripes/; … +18 more,/k/damsko-obleklo/,/bulgarski-drehi/,YES,YES,INDEX,Maintain semantic parent/product links; no forced expansion,P3,Български дамски пижами от локални марки | Българитъм,src/pages/[...slug].astro or dedicated route
/bulgarski-drehi/pizhami/,clothing_landing,25,11+,32,/balgarsko-damsko-belo-pamuk/; /brand/affect/; /brand/belong/; /brand/fabele/; /brand/iva-tex/; /bulgarsko-mazhko-belyo/; /k/belio/; /p/byal-halat-angelsko-dokosvane/; /p/damska-noshtnitsa-latte/; /p/damska-pizhama-blue-lemon-chic/; /p/damska-pizhama-dolce-lemon/; /p/damska-satenena-noshtnitsa-midnight-cherry/; /p/damska-satenena-noshtnitsa-vanilla-cherry/; /p/damski-domashen-komplekt-plyush-zip-menta/; /p/halat-brida-personaliziran/; /p/halat-ot-pamuk-rose/; /p/luksozen-satenen-halat-black-and-red/; /p/luksozna-damska-pizhama-golden-whisper/; /p/luksuzna-damska-pizhama-ash-of-roses/; /p/lyatna-damska-pizhama-black-citrus/; /p/lyatna-damska-pizhama-sunny-citrus/; /p/modal-noshtnitsa-s-dalag-rakav-bordo/; /p/pamuchen-set-s-dalag-rakav-blue-whisper/; /p/pamuchen-set-s-dalag-rakav-rose/; /p/pijama-kiss-me-goodnight/; /p/pizhama-lolita/; /p/pizhama-modal-potnik-s-dalgo-dolnishte-bordo/; /p/pizhama-modal-potnik-s-kaso-dolnishte-bordo/; /p/pizhama-s-potnik-ot-pamuk-i-modal-flower-stripes/; /p/satenen-halat-dark-cherry/; /p/satenen-halat-silver/; /p/tenisika-kusi-pantalonki-organichen-pamuk-cvetna-feeria/,/k/belio/,/bulgarski-drehi/,YES,YES,INDEX,Maintain semantic parent/product links; no forced expansion,P3,Български пижами | Българитъм,src/pages/bulgarski-drehi/[slug].astro
/bulgarski-podaratsi/za-bebe/,gift_landing,25,11+,93,/20-godishnina-ot-svatba-podarak/; /bulgarski-podaratsi/; /bulgarski-podaratsi/rachno-izraboteni/; /bulgarski-podaratsi/za-bebe/; /bulgarski-podaratsi/za-dete/; /bulgarski-podaratsi/za-mazh/; /bulgarski-podaratsi/za-svatba/; /bulgarski-podaratsi/za-zhena/; /k/bulgarski-podaratsi/; /k/idei-za-podarak/; /k/podaraci-za-bebe/; /k/podaraci-za-jena/; /k/podaraci-za-nego/; /k/podaraci-za-svatba/; /k/podaraci/; /k/za-bebe/; /k/za-dete/; /k/za-mazh/; /k/za-svatba/; /k/za-zhena/; /koleden-podarak-za-mazh/; /koleden-podarak-za-zhena/; /luksozen-podarak-za-uchitelka/; /originalen-podarak-za-10-godishno-momche/; /originalen-podarak-za-10-godishno-momiche/; /originalen-podarak-za-9-godishno-momiche/; /originalen-podarak-za-momche-na-14-godini/; /originalen-podarak-za-momiche-na-14-godini/; /originalen-podarak-za-momiche-na-7-godini/; /personaliziran-podarak-za-bebe/; /personaliziran-podarak-za-mazh/; /personaliziran-podarak-za-zhena/; /podarak-za-10-godishnina-ot-svatba/; /podarak-za-20-godishen-mazh/; /podarak-za-25-godishen-mazh/; /podarak-za-30-godishen-yubiley-zhena/; /podarak-za-30-godishnina-na-mazh/; /podarak-za-4-godishno-momche/; /podarak-za-40-godishnina-na-mazh/; /podarak-za-40-godishnina-ot-svatba/; /podarak-za-60-godishen-yubiley-mazh/; /podarak-za-70-godishen-yubiley-na-zhena/; /podarak-za-70-godishnina-na-mazh/; /podarak-za-8-mart-za-uchitelka/; /podarak-za-80-godishen-yubiley-zhena/; /podarak-za-80-godishnina-na-mazh/; /podarak-za-bebe-momche/; /podarak-za-bebe-momiche/; /podarak-za-dete-na-1-godina/; /podarak-za-dete-na-10-godini/; … +43 more,/bulgarski-podaratsi/,/bulgarski-podaratsi/,YES,YES,INDEX,Maintain semantic parent/product links; no forced expansion,P3,Подарък за бебе | Българитъм,src/pages/bulgarski-podaratsi/[slug].astro
/k/podaraci-za-bebe/,taxonomy_landing,25,11+,0,,/bulgarski-podaratsi/,/bulgarski-podaratsi/,NO,NO,INDEX,Add a contextual child link from /bulgarski-podaratsi/ and links from matching product pages,P0,Подаръци за бебе | Подаръци | Българитъм,src/pages/k/[slug].astro
/k/za-bebe/,taxonomy_landing,25,11+,0,,/bulgarski-podaratsi/,/bulgarski-podaratsi/,NO,NO,INDEX,Add a contextual child link from /bulgarski-podaratsi/ and links from matching product pages,P0,Подаръци за бебе | Подаръци | Българитъм,src/pages/k/[slug].astro
/bulgarski-podaratsi/za-svatba/,gift_landing,27,11+,93,/20-godishnina-ot-svatba-podarak/; /bulgarski-podaratsi/; /bulgarski-podaratsi/rachno-izraboteni/; /bulgarski-podaratsi/za-bebe/; /bulgarski-podaratsi/za-dete/; /bulgarski-podaratsi/za-mazh/; /bulgarski-podaratsi/za-svatba/; /bulgarski-podaratsi/za-zhena/; /k/bulgarski-podaratsi/; /k/idei-za-podarak/; /k/podaraci-za-bebe/; /k/podaraci-za-jena/; /k/podaraci-za-nego/; /k/podaraci-za-svatba/; /k/podaraci/; /k/za-bebe/; /k/za-dete/; /k/za-mazh/; /k/za-svatba/; /k/za-zhena/; /koleden-podarak-za-mazh/; /koleden-podarak-za-zhena/; /luksozen-podarak-za-uchitelka/; /originalen-podarak-za-10-godishno-momche/; /originalen-podarak-za-10-godishno-momiche/; /originalen-podarak-za-9-godishno-momiche/; /originalen-podarak-za-momche-na-14-godini/; /originalen-podarak-za-momiche-na-14-godini/; /originalen-podarak-za-momiche-na-7-godini/; /personaliziran-podarak-za-bebe/; /personaliziran-podarak-za-mazh/; /personaliziran-podarak-za-zhena/; /podarak-za-10-godishnina-ot-svatba/; /podarak-za-20-godishen-mazh/; /podarak-za-25-godishen-mazh/; /podarak-za-30-godishen-yubiley-zhena/; /podarak-za-30-godishnina-na-mazh/; /podarak-za-4-godishno-momche/; /podarak-za-40-godishnina-na-mazh/; /podarak-za-40-godishnina-ot-svatba/; /podarak-za-60-godishen-yubiley-mazh/; /podarak-za-70-godishen-yubiley-na-zhena/; /podarak-za-70-godishnina-na-mazh/; /podarak-za-8-mart-za-uchitelka/; /podarak-za-80-godishen-yubiley-zhena/; /podarak-za-80-godishnina-na-mazh/; /podarak-za-bebe-momche/; /podarak-za-bebe-momiche/; /podarak-za-dete-na-1-godina/; /podarak-za-dete-na-10-godini/; … +43 more,/bulgarski-podaratsi/,/bulgarski-podaratsi/,YES,YES,INDEX,Maintain semantic parent/product links; no forced expansion,P3,Подаръци за сватба | Българитъм,src/pages/bulgarski-podaratsi/[slug].astro
/k/podaraci-za-svatba/,taxonomy_landing,27,11+,0,,/bulgarski-podaratsi/,/bulgarski-podaratsi/,NO,NO,INDEX,Add a contextual child link from /bulgarski-podaratsi/ and links from matching product pages,P0,Подаръци за сватба | Подаръци | Българитъм,src/pages/k/[slug].astro
/k/za-svatba/,taxonomy_landing,27,11+,0,,/bulgarski-podaratsi/,/bulgarski-podaratsi/,NO,NO,INDEX,Add a contextual child link from /bulgarski-podaratsi/ and links from matching product pages,P0,Подаръци за сватба | Подаръци | Българитъм,src/pages/k/[slug].astro
/rachno-izraboteni-bizhuta/,intent_landing,27,11+,82,/bizhuta-ot-kehlibar/; /bizhuta-ot-meditsinska-stomana/; /bizhuta-po-porachka/; /bizhuta-s-cheren-turmalin/; /bizhuta-s-diamanti/; /bizhuta-s-hematit/; /bizhuta-s-izumrud/; /bizhuta-s-labradorit/; /bizhuta-s-moysanit/; /bizhuta-s-perli/; /bizhuta-s-rubin/; /bizhuta-s-tigrovo-oko/; /bizhuta-s-tsitrin/; /brand/forget-me-not/; /brand/gabi-jewellery/; /brand/katano/; /brand/nula/; /brand/studio-nikolas/; /godezhen-prasten-s-diamant/; /godezhni-prasteni/; /grivna-cherven-konets/; /grivna-s-bukva/; /grivna-s-ime/; /grivna-s-krast/; /grivna-srebro/; /grivni-ot-meditsinska-stomana/; /hematit-grivna/; /k/bijuta/; /k/srebarni-bijuta/; /kolieta-ot-meditsinska-stomana/; /kutiya-za-bizhuta/; /mazhki-bizhuta/; /obetsi-ot-meditsinska-stomana/; /obetsi-ot-srebro/; /p/damsko-kolie-ot-koprina-i-med/; /p/golemi-obeci-balerina-ramonna/; /p/golemi-obeci-s-cvetya-amalfi/; /p/grivna-pearls/; /p/kabala-obetsi-halki-sheva-brachot/; /p/kabala-obetsi-s-kultivirani-beli-perli/; /p/kabbalah-obetsi-ot-srebro/; /p/kabbalah-obetsi-srebro-s-tsirkoni/; /p/kaso-srebarno-kolie-s-perla/; /p/kolie-pearls/; /p/kolie-rose-aura/; /p/mazhka-grivna-ot-med-spokoystvie-1-5-sm/; /p/mazhka-grivna-ot-med-spokoystvie/; /p/mazhka-grivna-ot-med-svarog/; /p/mazhka-grivna-ot-med-tiha-sila/; /p/mazhka-srebarna-grivna-143b/; … +32 more,/k/bijuta/,/k/aksesoari/,YES,YES,INDEX,Maintain semantic parent/product links; no forced expansion,P3,Български ръчно изработени бижута | Българитъм,src/pages/[...slug].astro or dedicated route
/bulgarski-suveniri/,intent_landing,32,11+,1,/k/zabavlenie/,/k/zabavlenie/,/k/zabavlenie/,NO,YES,INDEX,"Strengthen from /k/zabavlenie/, one relevant sibling hub, and matching product pages",P1,Български сувенири | Българитъм,src/pages/[...slug].astro or dedicated route
/bulgarski-damski-sportni-ekipi/,intent_landing,36,11+,84,/balni-rokli/; /beli-rokli/; /bezhovi-rokli/; /boho-roklya/; /brand/boriana-sport/; /brand/comerse/; /brand/morado/; /brand/vitality-activewear/; /brand/zerofit/; /bulgarski-damski-pizhami/; /bulgarski-drehi/rokli/; /bulgarski-ezhednevni-rokli/; /bulgarski-kozeni-yaketa/; /bulgarski-letni-rokli/; /bulgarski-oficialni-rokli/; /bulgarski-palta-ot-valna/; /byala-damska-riza/; /cherna-riza/; /cherna-roklya/; /cherno-palto/; /chervena-roklya/; /damska-lenena-riza/; /damska-pizhama-pamuk/; /damski-bluzi-s-dalag-rakav/; /damski-bluzi-s-kas-rakav/; /damski-rokli-s-dalag-rakav/; /damski-rokli-s-kas-rakav/; /dankova-roklya/; /esenni-rokli/; /k/damsko-obleklo/; /kafyava-roklya/; /kafyavo-palto/; /lenena-roklya/; /p/capsule-collection-beige-shorti/; /p/capsule-collection-bubble-beige-shorti/; /p/capsule-collection-bubble-pink-shorti/; /p/damska-byala-tenis-pola/; /p/damska-cherna-tenis-roklya/; /p/damski-ekip-s-bezhov-suichar-1832/; /p/damski-ekip-sas-suichar-v-tsvyat-kapuchino-1832/; /p/damski-ekip-v-cherno-1838/; /p/damski-kafyav-oformyasht-gashterizon/; /p/damski-kasi-pantalonki-v-sivo-1516/; /p/damski-komplekt-ot-3-chasti-lavender/; /p/damski-komplekt-ot-byala-teniska-i-kas-klin-lemon/; /p/damski-komplekt-ot-kas-potnik-i-klin-hot-pink/; /p/damski-komplekt-ot-kas-potnik-i-klin-stone/; /p/damski-komplekt-ot-kas-potnik-i-razkroen-klin-dusty-pink/; /p/damski-komplekt-ot-kas-potnik-i-razkroen-klin-sage-green/; /p/damski-komplekt-ot-kas-potnik-i-styagasht-kas-klin-noir/; … +34 more,/k/damsko-obleklo/,/bulgarski-drehi/,YES,YES,INDEX,Maintain semantic parent/product links; no forced expansion,P3,Български дамски спортни екипи – модели и идеи | Българитъм,src/pages/[...slug].astro or dedicated route
/k/bijuta/,taxonomy_landing,36,11+,924,/; /20-godishnina-ot-svatba-podarak/; /balgarski-maratonki/; /balgarsko-damsko-belo-pamuk/; /balni-rokli/; /beli-rokli/; /bezhovi-rokli/; /bizhuta-ot-kehlibar/; /bizhuta-ot-meditsinska-stomana/; /bizhuta-po-porachka/; /bizhuta-s-cheren-turmalin/; /bizhuta-s-diamanti/; /bizhuta-s-hematit/; /bizhuta-s-izumrud/; /bizhuta-s-labradorit/; /bizhuta-s-moysanit/; /bizhuta-s-perli/; /bizhuta-s-rubin/; /bizhuta-s-tigrovo-oko/; /bizhuta-s-tsitrin/; /blog/; /boho-roklya/; /brand/160-candles/; /brand/2-leta/; /brand/addict-boutique/; /brand/affect/; /brand/alleexxa/; /brand/alteya-organics/; /brand/amalina/; /brand/amira-perfumes/; /brand/armodini/; /brand/art-tochka/; /brand/aurababy/; /brand/aurora/; /brand/avenew/; /brand/axtracts/; /brand/ballhole/; /brand/bebeshki-spomeni/; /brand/belong/; /brand/benepura/; /brand/bohosi/; /brand/bolgeva/; /brand/boriana-sport/; /brand/cherryme/; /brand/code-moda/; /brand/comerse/; /brand/crafts-of-space/; /brand/cveta-todorova/; /brand/cyxo/; /brand/daniel-fashion/; … +874 more,/k/aksesoari/,/k/aksesoari/,YES,YES,INDEX,Maintain semantic parent/product links; no forced expansion,P3,Български бижута – материал и детайли | Българитъм,src/pages/k/[slug].astro
/k/srebarni-bijuta/,taxonomy_landing,36,11+,0,,/k/aksesoari/,/k/aksesoari/,NO,NO,INDEX,Add a contextual child link from /k/aksesoari/ and links from matching product pages,P0,Български бижута – материал и детайли | Българитъм,src/pages/k/[slug].astro
/k/mazhko-obleklo/,taxonomy_landing,38,11+,107,/balgarsko-damsko-belo-pamuk/; /balni-rokli/; /beli-rokli/; /bezhovi-rokli/; /boho-roklya/; /brand/affect/; /brand/ballhole/; /brand/boriana-sport/; /brand/comerse/; /brand/daniel-fashion/; /brand/hursa/; /brand/iva-tex/; /brand/mil/; /brand/morado/; /bulgarski-damski-pizhami/; /bulgarski-damski-sportni-ekipi/; /bulgarski-drehi/; /bulgarski-drehi/pizhami/; /bulgarski-drehi/rokli/; /bulgarski-ezhednevni-rokli/; /bulgarski-kozeni-yaketa/; /bulgarski-leneni-drehi/; /bulgarski-letni-rokli/; /bulgarski-mazhki-antsuzi/; /bulgarski-mazhki-obuvki/; /bulgarski-mazhki-pizhami/; /bulgarski-mazhki-puloveri/; /bulgarski-mazhki-yaketa/; /bulgarski-mazhki-zimni-yaketa/; /bulgarski-oficialni-rokli/; /bulgarski-palta-ot-valna/; /bulgarsko-mazhko-belyo/; /byala-damska-riza/; /cherna-riza/; /cherna-roklya/; /cherno-palto/; /chervena-roklya/; /damska-lenena-riza/; /damska-pizhama-pamuk/; /damski-bluzi-s-dalag-rakav/; /damski-bluzi-s-kas-rakav/; /damski-rokli-s-dalag-rakav/; /damski-rokli-s-kas-rakav/; /dankova-roklya/; /esenni-rokli/; /k/belio/; /k/bulgarski-drehi/; /k/damsko-obleklo/; /k/mazhko-obleklo/; /k/obleklo/; … +57 more,/bulgarski-drehi/,/bulgarski-drehi/,YES,YES,INDEX,Maintain semantic parent/product links; no forced expansion,P3,Български мъжки дрехи от локални марки | Българитъм,src/pages/k/[slug].astro
/k/kozmetika/,taxonomy_landing,44,11+,924,/; /20-godishnina-ot-svatba-podarak/; /balgarski-maratonki/; /balgarsko-damsko-belo-pamuk/; /balni-rokli/; /beli-rokli/; /bezhovi-rokli/; /bizhuta-ot-kehlibar/; /bizhuta-ot-meditsinska-stomana/; /bizhuta-po-porachka/; /bizhuta-s-cheren-turmalin/; /bizhuta-s-diamanti/; /bizhuta-s-hematit/; /bizhuta-s-izumrud/; /bizhuta-s-labradorit/; /bizhuta-s-moysanit/; /bizhuta-s-perli/; /bizhuta-s-rubin/; /bizhuta-s-tigrovo-oko/; /bizhuta-s-tsitrin/; /blog/; /boho-roklya/; /brand/160-candles/; /brand/2-leta/; /brand/addict-boutique/; /brand/affect/; /brand/alleexxa/; /brand/alteya-organics/; /brand/amalina/; /brand/amira-perfumes/; /brand/armodini/; /brand/art-tochka/; /brand/aurababy/; /brand/aurora/; /brand/avenew/; /brand/axtracts/; /brand/ballhole/; /brand/bebeshki-spomeni/; /brand/belong/; /brand/benepura/; /brand/bohosi/; /brand/bolgeva/; /brand/boriana-sport/; /brand/cherryme/; /brand/code-moda/; /brand/comerse/; /brand/crafts-of-space/; /brand/cveta-todorova/; /brand/cyxo/; /brand/daniel-fashion/; … +874 more,/,/,YES,YES,INDEX,Maintain semantic parent/product links; no forced expansion,P3,Българска козметика | Българитъм,src/pages/k/[slug].astro
/k/deca/,taxonomy_landing,49,11+,72,/brand/addict-boutique/; /brand/alteya-organics/; /brand/armodini/; /brand/aurababy/; /brand/bebeshki-spomeni/; /brand/david-toys/; /brand/dr-isla/; /brand/home-of-wool/; /brand/huggy-bear/; /brand/izdatelstvo-marmot/; /brand/malea/; /brand/resleep/; /brand/soleil-design/; /brand/wooden-magic/; /brand/zatvori-ochi-bo/; /bulgarska-bebeshka-kozmetika/; /bulgarski-detski-igrachki/; /k/detski-aksesoari/; /k/detski-igrachki/; /k/detski-knigi/; /k/detski-mebeli-i-tekstil/; /k/detsko-obleklo/; /k/kozmetika-za-deca/; /p/album-za-parvata-godinka-sarnichka/; /p/bambukovi-mokri-karpi-10-2/; /p/bebeshka-havliya-s-kachulka-cyxo-soft-zelena/; /p/bebeshki-dnevnik-album-moite-parvi-spomeni/; /p/bebeshki-dnevnik-malkiyat-princ/; /p/bio-bebeshko-balsamche-sreshtu-podsichane-30-90-ml/; /p/bio-sapun-za-detsa-i-bebeta/; /p/darveni-karti-nauchi-cifrite-10-br/; /p/detska-lyatna-pizhama-la-dolce-vita/; /p/detska-pizhama-snowflake/; /p/detska-pizhama-zimna-prikazka/; /p/detska-rabotilnica/; /p/detska-roklichka-v-zlatisto/; /p/detski-garderob-montesori/; /p/detski-halat-pooh-rozov/; /p/detski-halat-pooh-sin/; /p/detski-halat-za-banya-cyxo-soft-byal/; /p/dnevnik-bebeshki-spomeni/; /p/dnevnik-za-spodeleni-momenti/; /p/kartoneno-kolelo-emotsi-o-metar-na-inspektor-krok/; /p/kashtichka-za-risuvane-i-igra-paint-n-wipe/; /p/komplekt-2-br-beli-detski-teniski/; /p/komplekt-2-br-detski-sportni-pantaloni-za-momche/; /p/komplet-za-kolichka-v-rozovo/; /p/komplet-za-koshara-v-rozovo/; /p/komplet-za-koshara-zaycheto-pitar/; /p/kompresirani-bambukovi-karpi-100-br/; … +22 more,/,/,YES,YES,INDEX,Maintain semantic parent/product links; no forced expansion,P3,Деца | Български продукти | Българитъм,src/pages/k/[slug].astro
/podarak-za-mazh-za-rozhden-den/,intent_landing,53,11+,24,/bulgarski-podaratsi/za-mazh/; /k/podaraci-za-nego/; /k/za-mazh/; /koleden-podarak-za-mazh/; /personaliziran-podarak-za-mazh/; /podarak-za-20-godishen-mazh/; /podarak-za-25-godishen-mazh/; /podarak-za-30-godishnina-na-mazh/; /podarak-za-40-godishnina-na-mazh/; /podarak-za-60-godishen-yubiley-mazh/; /podarak-za-70-godishnina-na-mazh/; /podarak-za-80-godishnina-na-mazh/; /podarak-za-kulinar-mazh/; /podarak-za-lovets-mazh/; /podarak-za-mazh-na-50/; /podarak-za-mazh-ribar/; /podarak-za-mazh-sportist/; /podarak-za-mazh-za-diplomirane/; /podarak-za-mazh-za-imen-den/; /podarak-za-mazh-za-sveti-valentin/; /podarak-za-pensionirane-na-mazh/; /praktichen-podarak-za-mazh/; /romantichen-podarak-za-mazh/; /zabaven-podarak-za-mazh/,/bulgarski-podaratsi/za-mazh/,/bulgarski-podaratsi/,YES,YES,INDEX,Maintain semantic parent/product links; no forced expansion,P3,Подарък за мъж за рожден ден – идеи за подарък | Българитъм,src/pages/[...slug].astro or dedicated route
/k/dom-i-interior/,taxonomy_landing,68,11+,0,,/,/,NO,NO,INDEX,Add a contextual child link from / and links from matching product pages,P0,Дом и интериор | Български продукти | Българитъм,src/pages/k/[slug].astro
/k/za-doma/,taxonomy_landing,68,11+,924,/; /20-godishnina-ot-svatba-podarak/; /balgarski-maratonki/; /balgarsko-damsko-belo-pamuk/; /balni-rokli/; /beli-rokli/; /bezhovi-rokli/; /bizhuta-ot-kehlibar/; /bizhuta-ot-meditsinska-stomana/; /bizhuta-po-porachka/; /bizhuta-s-cheren-turmalin/; /bizhuta-s-diamanti/; /bizhuta-s-hematit/; /bizhuta-s-izumrud/; /bizhuta-s-labradorit/; /bizhuta-s-moysanit/; /bizhuta-s-perli/; /bizhuta-s-rubin/; /bizhuta-s-tigrovo-oko/; /bizhuta-s-tsitrin/; /blog/; /boho-roklya/; /brand/160-candles/; /brand/2-leta/; /brand/addict-boutique/; /brand/affect/; /brand/alleexxa/; /brand/alteya-organics/; /brand/amalina/; /brand/amira-perfumes/; /brand/armodini/; /brand/art-tochka/; /brand/aurababy/; /brand/aurora/; /brand/avenew/; /brand/axtracts/; /brand/ballhole/; /brand/bebeshki-spomeni/; /brand/belong/; /brand/benepura/; /brand/bohosi/; /brand/bolgeva/; /brand/boriana-sport/; /brand/cherryme/; /brand/code-moda/; /brand/comerse/; /brand/crafts-of-space/; /brand/cveta-todorova/; /brand/cyxo/; /brand/daniel-fashion/; … +874 more,/,/,YES,YES,INDEX,Maintain semantic parent/product links; no forced expansion,P3,Дом и интериор | Български продукти | Българитъм,src/pages/k/[slug].astro
/bulgarski-podaratsi/za-mazh/,gift_landing,70,11+,93,/20-godishnina-ot-svatba-podarak/; /bulgarski-podaratsi/; /bulgarski-podaratsi/rachno-izraboteni/; /bulgarski-podaratsi/za-bebe/; /bulgarski-podaratsi/za-dete/; /bulgarski-podaratsi/za-mazh/; /bulgarski-podaratsi/za-svatba/; /bulgarski-podaratsi/za-zhena/; /k/bulgarski-podaratsi/; /k/idei-za-podarak/; /k/podaraci-za-bebe/; /k/podaraci-za-jena/; /k/podaraci-za-nego/; /k/podaraci-za-svatba/; /k/podaraci/; /k/za-bebe/; /k/za-dete/; /k/za-mazh/; /k/za-svatba/; /k/za-zhena/; /koleden-podarak-za-mazh/; /koleden-podarak-za-zhena/; /luksozen-podarak-za-uchitelka/; /originalen-podarak-za-10-godishno-momche/; /originalen-podarak-za-10-godishno-momiche/; /originalen-podarak-za-9-godishno-momiche/; /originalen-podarak-za-momche-na-14-godini/; /originalen-podarak-za-momiche-na-14-godini/; /originalen-podarak-za-momiche-na-7-godini/; /personaliziran-podarak-za-bebe/; /personaliziran-podarak-za-mazh/; /personaliziran-podarak-za-zhena/; /podarak-za-10-godishnina-ot-svatba/; /podarak-za-20-godishen-mazh/; /podarak-za-25-godishen-mazh/; /podarak-za-30-godishen-yubiley-zhena/; /podarak-za-30-godishnina-na-mazh/; /podarak-za-4-godishno-momche/; /podarak-za-40-godishnina-na-mazh/; /podarak-za-40-godishnina-ot-svatba/; /podarak-za-60-godishen-yubiley-mazh/; /podarak-za-70-godishen-yubiley-na-zhena/; /podarak-za-70-godishnina-na-mazh/; /podarak-za-8-mart-za-uchitelka/; /podarak-za-80-godishen-yubiley-zhena/; /podarak-za-80-godishnina-na-mazh/; /podarak-za-bebe-momche/; /podarak-za-bebe-momiche/; /podarak-za-dete-na-1-godina/; /podarak-za-dete-na-10-godini/; … +43 more,/bulgarski-podaratsi/,/bulgarski-podaratsi/,YES,YES,INDEX,Maintain semantic parent/product links; no forced expansion,P3,Подарък за мъж | Българитъм,src/pages/bulgarski-podaratsi/[slug].astro
/k/podaraci-za-nego/,taxonomy_landing,70,11+,0,,/bulgarski-podaratsi/,/bulgarski-podaratsi/,NO,NO,INDEX,Add a contextual child link from /bulgarski-podaratsi/ and links from matching product pages,P0,Подаръци за мъж | Подаръци | Българитъм,src/pages/k/[slug].astro
/k/za-mazh/,taxonomy_landing,70,11+,0,,/bulgarski-podaratsi/,/bulgarski-podaratsi/,NO,NO,INDEX,Add a contextual child link from /bulgarski-podaratsi/ and links from matching product pages,P0,Подаръци за мъж | Подаръци | Българитъм,src/pages/k/[slug].astro
/k/aksesoari/,taxonomy_landing,79,11+,924,/; /20-godishnina-ot-svatba-podarak/; /balgarski-maratonki/; /balgarsko-damsko-belo-pamuk/; /balni-rokli/; /beli-rokli/; /bezhovi-rokli/; /bizhuta-ot-kehlibar/; /bizhuta-ot-meditsinska-stomana/; /bizhuta-po-porachka/; /bizhuta-s-cheren-turmalin/; /bizhuta-s-diamanti/; /bizhuta-s-hematit/; /bizhuta-s-izumrud/; /bizhuta-s-labradorit/; /bizhuta-s-moysanit/; /bizhuta-s-perli/; /bizhuta-s-rubin/; /bizhuta-s-tigrovo-oko/; /bizhuta-s-tsitrin/; /blog/; /boho-roklya/; /brand/160-candles/; /brand/2-leta/; /brand/addict-boutique/; /brand/affect/; /brand/alleexxa/; /brand/alteya-organics/; /brand/amalina/; /brand/amira-perfumes/; /brand/armodini/; /brand/art-tochka/; /brand/aurababy/; /brand/aurora/; /brand/avenew/; /brand/axtracts/; /brand/ballhole/; /brand/bebeshki-spomeni/; /brand/belong/; /brand/benepura/; /brand/bohosi/; /brand/bolgeva/; /brand/boriana-sport/; /brand/cherryme/; /brand/code-moda/; /brand/comerse/; /brand/crafts-of-space/; /brand/cveta-todorova/; /brand/cyxo/; /brand/daniel-fashion/; … +874 more,/,/,YES,YES,INDEX,Maintain semantic parent/product links; no forced expansion,P3,Аксесоари | Български продукти | Българитъм,src/pages/k/[slug].astro
/bulgarski-podaratsi/rachno-izraboteni/,gift_landing,109,11+,14,/20-godishnina-ot-svatba-podarak/; /bulgarski-podaratsi/; /k/bulgarski-podaratsi/; /k/idei-za-podarak/; /k/podaraci/; /podarak-za-10-godishnina-ot-svatba/; /podarak-za-40-godishnina-ot-svatba/; /podarak-za-godishnina-ot-svatba/; /podarak-za-krashtene/; /podarak-za-parva-godishnina-ot-svatba/; /podarak-za-perlena-svatba/; /podarak-za-srebarna-svatba/; /podarak-za-zlatna-svatba/; /rachno-izraboteni/,/bulgarski-podaratsi/,/bulgarski-podaratsi/,YES,YES,INDEX,Maintain semantic parent/product links; no forced expansion,P3,Ръчно изработени подаръци | Българитъм,src/pages/bulgarski-podaratsi/[slug].astro
/podarak-za-rozhden-den-na-zhena/,intent_landing,115,11+,22,/bulgarski-podaratsi/za-zhena/; /k/podaraci-za-jena/; /k/za-zhena/; /koleden-podarak-za-zhena/; /luksozen-podarak-za-uchitelka/; /personaliziran-podarak-za-zhena/; /podarak-za-30-godishen-yubiley-zhena/; /podarak-za-70-godishen-yubiley-na-zhena/; /podarak-za-8-mart-za-uchitelka/; /podarak-za-80-godishen-yubiley-zhena/; /podarak-za-imen-den-na-zhena/; /podarak-za-pensionirane-na-zhena/; /podarak-za-sveti-valentin-za-zhena/; /podarak-za-zhena-na-50/; /podarak-za-zhena-na-60/; /podarak-za-zhena-sportist/; /podarak-za-zhena-za-8-mart/; /podarak-za-zhena-za-diplomirane/; /podarak-za-zhena-za-rozhden-den/; /praktichen-podarak-za-zhena/; /romantichen-podarak-za-zhena/; /zabaven-podarak-za-zhena/,/bulgarski-podaratsi/za-zhena/,/bulgarski-podaratsi/,YES,YES,INDEX,Maintain semantic parent/product links; no forced expansion,P3,Подарък за рожден ден на жена – идеи за подарък | Българитъм,src/pages/[...slug].astro or dedicated route
/podarak-za-zhena-za-rozhden-den/,intent_landing,115,11+,22,/bulgarski-podaratsi/za-zhena/; /k/podaraci-za-jena/; /k/za-zhena/; /koleden-podarak-za-zhena/; /luksozen-podarak-za-uchitelka/; /personaliziran-podarak-za-zhena/; /podarak-za-30-godishen-yubiley-zhena/; /podarak-za-70-godishen-yubiley-na-zhena/; /podarak-za-8-mart-za-uchitelka/; /podarak-za-80-godishen-yubiley-zhena/; /podarak-za-imen-den-na-zhena/; /podarak-za-pensionirane-na-zhena/; /podarak-za-rozhden-den-na-zhena/; /podarak-za-sveti-valentin-za-zhena/; /podarak-za-zhena-na-50/; /podarak-za-zhena-na-60/; /podarak-za-zhena-sportist/; /podarak-za-zhena-za-8-mart/; /podarak-za-zhena-za-diplomirane/; /praktichen-podarak-za-zhena/; /romantichen-podarak-za-zhena/; /zabaven-podarak-za-zhena/,/bulgarski-podaratsi/za-zhena/,/bulgarski-podaratsi/,YES,YES,INDEX,Maintain semantic parent/product links; no forced expansion,P3,Подарък за жена за рожден ден | Българитъм,src/pages/[...slug].astro or dedicated route
/bulgarski-podaratsi/za-zhena/,gift_landing,134,11+,93,/20-godishnina-ot-svatba-podarak/; /bulgarski-podaratsi/; /bulgarski-podaratsi/rachno-izraboteni/; /bulgarski-podaratsi/za-bebe/; /bulgarski-podaratsi/za-dete/; /bulgarski-podaratsi/za-mazh/; /bulgarski-podaratsi/za-svatba/; /bulgarski-podaratsi/za-zhena/; /k/bulgarski-podaratsi/; /k/idei-za-podarak/; /k/podaraci-za-bebe/; /k/podaraci-za-jena/; /k/podaraci-za-nego/; /k/podaraci-za-svatba/; /k/podaraci/; /k/za-bebe/; /k/za-dete/; /k/za-mazh/; /k/za-svatba/; /k/za-zhena/; /koleden-podarak-za-mazh/; /koleden-podarak-za-zhena/; /luksozen-podarak-za-uchitelka/; /originalen-podarak-za-10-godishno-momche/; /originalen-podarak-za-10-godishno-momiche/; /originalen-podarak-za-9-godishno-momiche/; /originalen-podarak-za-momche-na-14-godini/; /originalen-podarak-za-momiche-na-14-godini/; /originalen-podarak-za-momiche-na-7-godini/; /personaliziran-podarak-za-bebe/; /personaliziran-podarak-za-mazh/; /personaliziran-podarak-za-zhena/; /podarak-za-10-godishnina-ot-svatba/; /podarak-za-20-godishen-mazh/; /podarak-za-25-godishen-mazh/; /podarak-za-30-godishen-yubiley-zhena/; /podarak-za-30-godishnina-na-mazh/; /podarak-za-4-godishno-momche/; /podarak-za-40-godishnina-na-mazh/; /podarak-za-40-godishnina-ot-svatba/; /podarak-za-60-godishen-yubiley-mazh/; /podarak-za-70-godishen-yubiley-na-zhena/; /podarak-za-70-godishnina-na-mazh/; /podarak-za-8-mart-za-uchitelka/; /podarak-za-80-godishen-yubiley-zhena/; /podarak-za-80-godishnina-na-mazh/; /podarak-za-bebe-momche/; /podarak-za-bebe-momiche/; /podarak-za-dete-na-1-godina/; /podarak-za-dete-na-10-godini/; … +43 more,/bulgarski-podaratsi/,/bulgarski-podaratsi/,YES,YES,INDEX,Maintain semantic parent/product links; no forced expansion,P3,Подарък за жена | Българитъм,src/pages/bulgarski-podaratsi/[slug].astro
/k/podaraci-za-jena/,taxonomy_landing,134,11+,0,,/bulgarski-podaratsi/,/bulgarski-podaratsi/,NO,NO,INDEX,Add a contextual child link from /bulgarski-podaratsi/ and links from matching product pages,P0,Подаръци за жена | Подаръци | Българитъм,src/pages/k/[slug].astro
/k/za-zhena/,taxonomy_landing,134,11+,0,,/bulgarski-podaratsi/,/bulgarski-podaratsi/,NO,NO,INDEX,Add a contextual child link from /bulgarski-podaratsi/ and links from matching product pages,P0,Подаръци за жена | Подаръци | Българитъм,src/pages/k/[slug].astro
/rachno-izraboteni/,intent_landing,138,11+,924,/; /20-godishnina-ot-svatba-podarak/; /balgarski-maratonki/; /balgarsko-damsko-belo-pamuk/; /balni-rokli/; /beli-rokli/; /bezhovi-rokli/; /bizhuta-ot-kehlibar/; /bizhuta-ot-meditsinska-stomana/; /bizhuta-po-porachka/; /bizhuta-s-cheren-turmalin/; /bizhuta-s-diamanti/; /bizhuta-s-hematit/; /bizhuta-s-izumrud/; /bizhuta-s-labradorit/; /bizhuta-s-moysanit/; /bizhuta-s-perli/; /bizhuta-s-rubin/; /bizhuta-s-tigrovo-oko/; /bizhuta-s-tsitrin/; /blog/; /boho-roklya/; /brand/160-candles/; /brand/2-leta/; /brand/addict-boutique/; /brand/affect/; /brand/alleexxa/; /brand/alteya-organics/; /brand/amalina/; /brand/amira-perfumes/; /brand/armodini/; /brand/art-tochka/; /brand/aurababy/; /brand/aurora/; /brand/avenew/; /brand/axtracts/; /brand/ballhole/; /brand/bebeshki-spomeni/; /brand/belong/; /brand/benepura/; /brand/bohosi/; /brand/bolgeva/; /brand/boriana-sport/; /brand/cherryme/; /brand/code-moda/; /brand/comerse/; /brand/crafts-of-space/; /brand/cveta-todorova/; /brand/cyxo/; /brand/daniel-fashion/; … +874 more,/bulgarski-podaratsi/,/bulgarski-podaratsi/,YES,YES,INDEX,Maintain semantic parent/product links; no forced expansion,P3,Ръчно изработени | Българитъм,src/pages/[...slug].astro or dedicated route
/k/damsko-obleklo/,taxonomy_landing,150,11+,238,/balgarsko-damsko-belo-pamuk/; /balni-rokli/; /beli-rokli/; /bezhovi-rokli/; /boho-roklya/; /brand/addict-boutique/; /brand/affect/; /brand/alleexxa/; /brand/avenew/; /brand/ballhole/; /brand/belong/; /brand/bohosi/; /brand/bolgeva/; /brand/boriana-sport/; /brand/code-moda/; /brand/comerse/; /brand/denica-boutique/; /brand/dvete/; /brand/fabele/; /brand/fold-your-mind/; /brand/iv-style/; /brand/iva-tex/; /brand/jenn-embroidery/; /brand/kitna/; /brand/luxima/; /brand/malko-zaiche/; /brand/morado/; /brand/omaya/; /brand/sito-studio/; /brand/verychi/; /brand/vitality-activewear/; /brand/yana-mushing/; /brand/zerofit/; /bulgarski-damski-pizhami/; /bulgarski-damski-sportni-ekipi/; /bulgarski-drehi/; /bulgarski-drehi/pizhami/; /bulgarski-drehi/rokli/; /bulgarski-ezhednevni-rokli/; /bulgarski-kozeni-yaketa/; /bulgarski-leneni-drehi/; /bulgarski-letni-rokli/; /bulgarski-mazhki-antsuzi/; /bulgarski-mazhki-obuvki/; /bulgarski-mazhki-pizhami/; /bulgarski-mazhki-puloveri/; /bulgarski-mazhki-yaketa/; /bulgarski-mazhki-zimni-yaketa/; /bulgarski-oficialni-rokli/; /bulgarski-palta-ot-valna/; … +188 more,/bulgarski-drehi/,/bulgarski-drehi/,YES,YES,INDEX,Maintain semantic parent/product links; no forced expansion,P3,Български дамски дрехи от локални марки | Българитъм,src/pages/k/[slug].astro
/bulgarski-drehi/,clothing_landing,203,11+,924,/; /20-godishnina-ot-svatba-podarak/; /balgarski-maratonki/; /balgarsko-damsko-belo-pamuk/; /balni-rokli/; /beli-rokli/; /bezhovi-rokli/; /bizhuta-ot-kehlibar/; /bizhuta-ot-meditsinska-stomana/; /bizhuta-po-porachka/; /bizhuta-s-cheren-turmalin/; /bizhuta-s-diamanti/; /bizhuta-s-hematit/; /bizhuta-s-izumrud/; /bizhuta-s-labradorit/; /bizhuta-s-moysanit/; /bizhuta-s-perli/; /bizhuta-s-rubin/; /bizhuta-s-tigrovo-oko/; /bizhuta-s-tsitrin/; /blog/; /boho-roklya/; /brand/160-candles/; /brand/2-leta/; /brand/addict-boutique/; /brand/affect/; /brand/alleexxa/; /brand/alteya-organics/; /brand/amalina/; /brand/amira-perfumes/; /brand/armodini/; /brand/art-tochka/; /brand/aurababy/; /brand/aurora/; /brand/avenew/; /brand/axtracts/; /brand/ballhole/; /brand/bebeshki-spomeni/; /brand/belong/; /brand/benepura/; /brand/bohosi/; /brand/bolgeva/; /brand/boriana-sport/; /brand/cherryme/; /brand/code-moda/; /brand/comerse/; /brand/crafts-of-space/; /brand/cveta-todorova/; /brand/cyxo/; /brand/daniel-fashion/; … +874 more,/,/,YES,YES,INDEX,Maintain semantic parent/product links; no forced expansion,P3,Качествени български дрехи от български марки | Българитъм,src/pages/[...slug].astro or dedicated route
/k/bulgarski-drehi/,taxonomy_landing,203,11+,0,,/,/,NO,NO,INDEX,Add a contextual child link from / and links from matching product pages,P0,Качествени български дрехи от български марки | Българитъм,src/pages/k/[slug].astro
/k/obleklo/,taxonomy_landing,203,11+,0,,/,/,NO,NO,INDEX,Add a contextual child link from / and links from matching product pages,P0,Качествени български дрехи от български марки | Българитъм,src/pages/k/[slug].astro
/bulgarski-podaratsi/,gift_landing,242,11+,926,/; /20-godishnina-ot-svatba-podarak/; /balgarski-maratonki/; /balgarsko-damsko-belo-pamuk/; /balni-rokli/; /beli-rokli/; /bezhovi-rokli/; /bizhuta-ot-kehlibar/; /bizhuta-ot-meditsinska-stomana/; /bizhuta-po-porachka/; /bizhuta-s-cheren-turmalin/; /bizhuta-s-diamanti/; /bizhuta-s-hematit/; /bizhuta-s-izumrud/; /bizhuta-s-labradorit/; /bizhuta-s-moysanit/; /bizhuta-s-perli/; /bizhuta-s-rubin/; /bizhuta-s-tigrovo-oko/; /bizhuta-s-tsitrin/; /blog/; /boho-roklya/; /brand/160-candles/; /brand/2-leta/; /brand/addict-boutique/; /brand/affect/; /brand/alleexxa/; /brand/alteya-organics/; /brand/amalina/; /brand/amira-perfumes/; /brand/armodini/; /brand/art-tochka/; /brand/aurababy/; /brand/aurora/; /brand/avenew/; /brand/axtracts/; /brand/ballhole/; /brand/bebeshki-spomeni/; /brand/belong/; /brand/benepura/; /brand/bohosi/; /brand/bolgeva/; /brand/boriana-sport/; /brand/cherryme/; /brand/code-moda/; /brand/comerse/; /brand/crafts-of-space/; /brand/cveta-todorova/; /brand/cyxo/; /brand/daniel-fashion/; … +876 more,/,/,YES,YES,INDEX,Maintain semantic parent/product links; no forced expansion,P3,Идеи за подарък от български брандове | Българитъм,src/pages/[...slug].astro or dedicated route
/k/bulgarski-podaratsi/,taxonomy_landing,242,11+,0,,/,/,NO,NO,INDEX,Add a contextual child link from / and links from matching product pages,P0,Подаръци | Български продукти | Българитъм,src/pages/k/[slug].astro
/k/idei-za-podarak/,taxonomy_landing,242,11+,0,,/,/,NO,NO,INDEX,Add a contextual child link from / and links from matching product pages,P0,Подаръци | Български продукти | Българитъм,src/pages/k/[slug].astro
/k/podaraci/,taxonomy_landing,242,11+,0,,/,/,NO,NO,INDEX,Add a contextual child link from / and links from matching product pages,P0,Подаръци | Български продукти | Българитъм,src/pages/k/[slug].astro
