URL,page_type,product_count,primary_keyword,secondary_keywords,keyword_evidence,search_intent,current_title,proposed_title,title_status,current_h1,proposed_h1,h1_status,current_meta_description,proposed_meta_description,meta_status,current_intro,proposed_intro,intro_status,h1_count,h2_count,h3_count,product_alignment,strong_product_matches,weak_product_matches,mismatched_products,canonical,breadcrumb,internal_incoming_links,anchor_text_status,schema_consistency,cannibalization_cluster,priority,recommended_action,notes
/20-godishnina-ot-svatba-podarak/,intent,0,20 годишнина от сватба подарък,подарък за 20 годишнина от сватба,"SEMANTIC TARGET — URL, taxonomy, current SEO definition and generated catalogue; no local GSC/search-volume export",gift/occasion,Подарък за 20 години от сватбата | Българитъм,Подарък за 20 години от сватбата | Българитъм,GOOD,Подарък за 20 години от сватбата,Подарък за 20 години от сватбата,GOOD,"Подарък за 20 години от сватбата: идеи според повода сватба, с подробности за вариантите, персонализацията и доставката при бранда.","Подарък за 20 години от сватбата: идеи според повода сватба, с подробности за вариантите, персонализацията и доставката при бранда.",GOOD,"Изборът на подарък за 20 години от сватбата започва от човека и повода сватба, а не от универсален списък с подаръци. Когато търсиш подарък за 20 години от сватбата, съобрази избора с интересите, ежедневието и начина на поднасяне; при персонализирани продукти провери и срока за изработка.",,GOOD,1,4,2,EMPTY,0,0,0,/20-godishnina-ot-svatba-podarak/,Начало > Идеи за подарък,0,NO INCOMING ANCHOR,CONSISTENT,,WAIT,WAIT FOR CATALOGUE,Do not enrich copy before catalogue expansion
/balgarski-maratonki/,intent,0,български маратонки,маратонки български | български марки маратонки,"SEMANTIC TARGET — URL, taxonomy, current SEO definition and generated catalogue; no local GSC/search-volume export",product type,Български маратонки – модели и идеи | Българитъм,Български маратонки – модели и идеи | Българитъм,GOOD,Български маратонки,Български маратонки,GOOD,"Български маратонки: сравни кройката и размерите в предложенията от български брандове. Ориентирай се по състав, силует и таблица с размери.","Български маратонки: сравни кройката и размерите в предложенията от български брандове. Ориентирай се по състав, силует и таблица с размери.",GOOD,"При български маратонки можеш да сравниш маратонки според кройката, материята и повода. При български маратонки провери размерите, точния състав и указанията за поддръжка в информацията от бранда.",,GOOD,1,4,2,EMPTY,0,0,0,/balgarski-maratonki/,Начало > Аксесоари > Обувки,0,NO INCOMING ANCHOR,CONSISTENT,,WAIT,WAIT FOR CATALOGUE,Do not enrich copy before catalogue expansion
/balgarsko-damsko-belo-pamuk/,intent,0,българско дамско бельо памук,,"SEMANTIC TARGET — URL, taxonomy, current SEO definition and generated catalogue; no local GSC/search-volume export",material,Българско дамско бельо от памук – модели и идеи | Българитъм,Българско дамско бельо от памук – модели и идеи | Българитъм,GOOD,Българско дамско бельо от памук,Българско дамско бельо от памук,GOOD,"Българско дамско бельо от памук: сравни състава, кройката и размерите в предложенията от български брандове.","Българско дамско бельо от памук: сравни състава, кройката и размерите в предложенията от български брандове.",SHORT,"При българско дамско бельо от памук съставът има значение наред с кройката и начина на носене. При българско дамско бельо от памук провери размерите, точния състав и указанията за поддръжка в информацията от бранда.",,GOOD,1,4,2,EMPTY,0,0,0,/balgarsko-damsko-belo-pamuk/,Начало > Качествени български дрехи > Българско бельо,0,NO INCOMING ANCHOR,CONSISTENT,,WAIT,WAIT FOR CATALOGUE,Do not enrich copy before catalogue expansion
/balni-rokli/,intent,0,бални рокли,абитуриентски рокли | бална рокля | абитуриентска рокля | рокли бални | бални рокли онлайн | рокли абитуриентски,"SEMANTIC TARGET — URL, taxonomy, current SEO definition and generated catalogue; no local GSC/search-volume export",product type,Бални рокли – модели и идеи | Българитъм,Бални рокли – модели и идеи | Българитъм,GOOD,Бални рокли,Бални рокли,GOOD,"Бални рокли: сравни кройката и размерите в предложенията от български брандове. Провери материята, размерите и указанията за поддръжка.","Бални рокли: сравни кройката и размерите в предложенията от български брандове. Провери материята, размерите и указанията за поддръжка.",GOOD,"При бални рокли можеш да сравниш рокли според кройката, материята и повода. При бални рокли провери размерите, точния състав и указанията за поддръжка в информацията от бранда.",,GOOD,1,4,2,EMPTY,0,0,0,/balni-rokli/,Начало > Качествени български дрехи > Български дамски дрехи,0,NO INCOMING ANCHOR,CONSISTENT,,WAIT,WAIT FOR CATALOGUE,Do not enrich copy before catalogue expansion
/beli-rokli/,intent,3,бели рокли,бяла рокля | рокля бяла,"SEMANTIC TARGET — URL, taxonomy, current SEO definition and generated catalogue; no local GSC/search-volume export",attribute/color,Бели рокли – модели и идеи | Българитъм,Бели рокли – модели и идеи | Българитъм,GOOD,Бели рокли,Бели рокли,GOOD,"Бели рокли: сравни нюанса, кройката и размерите в предложенията от български брандове. Сравни моделите по материя, кройка, размер и предназначение.","Бели рокли: сравни нюанса, кройката и размерите в предложенията от български брандове. Сравни моделите по материя, кройка, размер и предназначение.",GOOD,"При бели рокли цветът е на преден план, но силуетът, материята и детайлите остават също толкова важни. При бели рокли провери размерите, точния състав и указанията за поддръжка в информацията от бранда.",,GOOD,1,3,2,STRONG,3,0,0,/beli-rokli/,Начало > Качествени български дрехи > Български дамски дрехи,43,GOOD,CONSISTENT,,P3,IMPROVING — review the flagged on-page fields,
/bezhovi-rokli/,intent,2,бежови рокли,,"SEMANTIC TARGET — URL, taxonomy, current SEO definition and generated catalogue; no local GSC/search-volume export",attribute/color,Бежови рокли – модели и идеи | Българитъм,Бежови рокли – модели и идеи | Българитъм,GOOD,Бежови рокли,Бежови рокли,GOOD,"Бежови рокли: сравни нюанса, кройката и размерите в предложенията от български брандове. Съпостави кройките, материите и начина на носене.","Бежови рокли: сравни нюанса, кройката и размерите в предложенията от български брандове. Съпостави кройките, материите и начина на носене.",GOOD,"При бежови рокли цветът е на преден план, но силуетът, материята и детайлите остават също толкова важни. При бежови рокли провери размерите, точния състав и указанията за поддръжка в информацията от бранда.",,GOOD,1,3,2,STRONG,2,0,0,/bezhovi-rokli/,Начало > Качествени български дрехи > Български дамски дрехи,2,GOOD,CONSISTENT,,P3,THIN — CATALOGUE PRIORITY,
/bizhuta-ot-kehlibar/,intent,0,бижута с кехлибар,кехлибар бижута,"SEMANTIC TARGET — URL, taxonomy, current SEO definition and generated catalogue; no local GSC/search-volume export",material,Бижута с кехлибар – материал и детайли | Българитъм,Бижута с кехлибар – материал и детайли | Българитъм,GOOD,Бижута с кехлибар,Бижута с кехлибар,GOOD,"Бижута с кехлибар: сравни камъка кехлибар, размера и закопчаването в информацията от бранда. Сравни моделите по материал, размер, детайли и закопчаване.","Бижута с кехлибар: сравни камъка кехлибар, размера и закопчаването в информацията от бранда. Сравни моделите по материал, размер, детайли и закопчаване.",GOOD,"При бижута с кехлибар кехлибар е водещият камък, а материалът и обковът допълват избора. Преди избор на бижута с кехлибар провери точния материал, размерите и начина на поддръжка, посочени за конкретното бижу.",,GOOD,1,4,2,EMPTY,0,0,0,/bizhuta-ot-kehlibar/,Начало > Аксесоари > Български бижута,0,NO INCOMING ANCHOR,CONSISTENT,,WAIT,WAIT FOR CATALOGUE,Do not enrich copy before catalogue expansion
/bizhuta-ot-meditsinska-stomana/,intent,3,бижута от медицинска стомана,бижута от неръждаема стомана | бижута от стомана | позлатени бижута от стомана,"SEMANTIC TARGET — URL, taxonomy, current SEO definition and generated catalogue; no local GSC/search-volume export",material,Бижута от медицинска стомана | Българитъм,Бижута от медицинска стомана | Българитъм,GOOD,Бижута от медицинска стомана,Бижута от медицинска стомана,GOOD,"Бижута от медицинска стомана: сравни материала медицинска стомана, размера и закопчаването в информацията от бранда.","Бижута от медицинска стомана: сравни материала медицинска стомана, размера и закопчаването в информацията от бранда.",GOOD,"При бижута от медицинска стомана материалът медицинска стомана е отправната точка, следвана от формата, размера и покритието. Преди избор на бижута от медицинска стомана провери точния материал, размерите и начина на поддръжка, посочени за конкретното бижу.",,GOOD,1,3,2,STRONG,3,0,0,/bizhuta-ot-meditsinska-stomana/,Начало > Аксесоари > Български бижута,46,GOOD,CONSISTENT,,P3,IMPROVING — review the flagged on-page fields,
/bizhuta-po-porachka/,intent,0,Бижута по поръчка,,"SEMANTIC TARGET — URL, taxonomy, current SEO definition and generated catalogue; no local GSC/search-volume export",product type,Бижута по поръчка | Българитъм,Бижута по поръчка | Българитъм,GOOD,Бижута по поръчка,Бижута по поръчка,GOOD,"Открий бижута по поръчка от български автори. Съпостави изработката, размерите и важните детайли. Провери ги при бранда.","Открий бижута по поръчка от български автори. Съпостави изработката, размерите и важните детайли. Провери ги при бранда.",GOOD,"Открий бижута по поръчка от български автори и малки студиа. Тук ще добавяме персонализируеми модели и изделия, създадени специално за получателя.",,GOOD,1,3,0,EMPTY,0,0,0,/bizhuta-po-porachka/,Начало > Аксесоари > Български бижута,26,GOOD,CONSISTENT,,WAIT,WAIT FOR CATALOGUE,Do not enrich copy before catalogue expansion
/bizhuta-s-cheren-turmalin/,intent,0,бижута с черен турмалин,,"SEMANTIC TARGET — URL, taxonomy, current SEO definition and generated catalogue; no local GSC/search-volume export",material,Бижута с черен турмалин – материал и детайли | Българитъм,Бижута с черен турмалин – материал и детайли | Българитъм,GOOD,Бижута с черен турмалин,Бижута с черен турмалин,GOOD,"Бижута с черен турмалин: сравни камъка черен турмалин, размера и закопчаването в информацията от бранда.","Бижута с черен турмалин: сравни камъка черен турмалин, размера и закопчаването в информацията от бранда.",SHORT,"При бижута с черен турмалин черен турмалин е водещият камък, а материалът и обковът допълват избора. Преди избор на бижута с черен турмалин провери точния материал, размерите и начина на поддръжка, посочени за конкретното бижу.",,GOOD,1,4,2,EMPTY,0,0,0,/bizhuta-s-cheren-turmalin/,Начало > Аксесоари > Български бижута,0,NO INCOMING ANCHOR,CONSISTENT,,WAIT,WAIT FOR CATALOGUE,Do not enrich copy before catalogue expansion
/bizhuta-s-diamanti/,intent,0,бижута с диамант,бижута диаманти | диаманти бижута | диамантени бижута,"SEMANTIC TARGET — URL, taxonomy, current SEO definition and generated catalogue; no local GSC/search-volume export",material,Бижута с диаманти – материал и детайли | Българитъм,Бижута с диаманти – материал и детайли | Българитъм,GOOD,Бижута с диаманти,Бижута с диаманти,GOOD,"Бижута с диаманти: сравни камъка диамант, размера и закопчаването в информацията от бранда. Провери материала, размерите и начина на закопчаване.","Бижута с диаманти: сравни камъка диамант, размера и закопчаването в информацията от бранда. Провери материала, размерите и начина на закопчаване.",GOOD,"При бижута с диаманти диамант е водещият камък, а материалът и обковът допълват избора. Преди избор на бижута с диаманти провери точния материал, размерите и начина на поддръжка, посочени за конкретното бижу.",,GOOD,1,4,2,EMPTY,0,0,0,/bizhuta-s-diamanti/,Начало > Аксесоари > Български бижута,0,NO INCOMING ANCHOR,CONSISTENT,,WAIT,WAIT FOR CATALOGUE,Do not enrich copy before catalogue expansion
/bizhuta-s-hematit/,intent,1,бижута с хематит,,"SEMANTIC TARGET — URL, taxonomy, current SEO definition and generated catalogue; no local GSC/search-volume export",material,Бижута с хематит – материал и детайли | Българитъм,Бижута с хематит – материал и детайли | Българитъм,GOOD,Бижута с хематит,Бижута с хематит,GOOD,"Бижута с хематит: сравни камъка хематит, размера и закопчаването в информацията от бранда. Ориентирай се по вид бижу, материал, камък и размер.","Бижута с хематит: сравни камъка хематит, размера и закопчаването в информацията от бранда. Ориентирай се по вид бижу, материал, камък и размер.",GOOD,"При бижута с хематит хематит е водещият камък, а материалът и обковът допълват избора. Преди избор на бижута с хематит провери точния материал, размерите и начина на поддръжка, посочени за конкретното бижу.",,GOOD,1,3,2,STRONG,1,0,0,/bizhuta-s-hematit/,Начало > Аксесоари > Български бижута,1,GOOD,CONSISTENT,,P3,THIN — CATALOGUE PRIORITY,
/bizhuta-s-izumrud/,intent,0,бижута с изумруд,,"SEMANTIC TARGET — URL, taxonomy, current SEO definition and generated catalogue; no local GSC/search-volume export",material,Бижута с изумруд – материал и детайли | Българитъм,Бижута с изумруд – материал и детайли | Българитъм,GOOD,Бижута с изумруд,Бижута с изумруд,GOOD,"Бижута с изумруд: сравни камъка изумруд, размера и закопчаването в информацията от бранда. Ориентирай се по вид бижу, материал, камък и размер.","Бижута с изумруд: сравни камъка изумруд, размера и закопчаването в информацията от бранда. Ориентирай се по вид бижу, материал, камък и размер.",GOOD,"При бижута с изумруд изумруд е водещият камък, а материалът и обковът допълват избора. Преди избор на бижута с изумруд провери точния материал, размерите и начина на поддръжка, посочени за конкретното бижу.",,GOOD,1,4,2,EMPTY,0,0,0,/bizhuta-s-izumrud/,Начало > Аксесоари > Български бижута,0,NO INCOMING ANCHOR,CONSISTENT,,WAIT,WAIT FOR CATALOGUE,Do not enrich copy before catalogue expansion
/bizhuta-s-labradorit/,intent,0,бижута с лабрадорит,,"SEMANTIC TARGET — URL, taxonomy, current SEO definition and generated catalogue; no local GSC/search-volume export",material,Бижута с лабрадорит – материал и детайли | Българитъм,Бижута с лабрадорит – материал и детайли | Българитъм,GOOD,Бижута с лабрадорит,Бижута с лабрадорит,GOOD,"Бижута с лабрадорит: сравни камъка лабрадорит, размера и закопчаването в информацията от бранда. Ориентирай се по вид бижу, материал, камък и размер.","Бижута с лабрадорит: сравни камъка лабрадорит, размера и закопчаването в информацията от бранда. Ориентирай се по вид бижу, материал, камък и размер.",GOOD,"При бижута с лабрадорит лабрадорит е водещият камък, а материалът и обковът допълват избора. Преди избор на бижута с лабрадорит провери точния материал, размерите и начина на поддръжка, посочени за конкретното бижу.",,GOOD,1,4,2,EMPTY,0,0,0,/bizhuta-s-labradorit/,Начало > Аксесоари > Български бижута,0,NO INCOMING ANCHOR,CONSISTENT,,WAIT,WAIT FOR CATALOGUE,Do not enrich copy before catalogue expansion
/bizhuta-s-moysanit/,intent,0,бижута с мойсанит,,"SEMANTIC TARGET — URL, taxonomy, current SEO definition and generated catalogue; no local GSC/search-volume export",material,Бижута с мойсанит – материал и детайли | Българитъм,Бижута с мойсанит – материал и детайли | Българитъм,GOOD,Бижута с мойсанит,Бижута с мойсанит,GOOD,"Бижута с мойсанит: сравни камъка мойсанит, размера и закопчаването в информацията от бранда. Ориентирай се по вид бижу, материал, камък и размер.","Бижута с мойсанит: сравни камъка мойсанит, размера и закопчаването в информацията от бранда. Ориентирай се по вид бижу, материал, камък и размер.",GOOD,"При бижута с мойсанит мойсанит е водещият камък, а материалът и обковът допълват избора. Преди избор на бижута с мойсанит провери точния материал, размерите и начина на поддръжка, посочени за конкретното бижу.",,GOOD,1,4,2,EMPTY,0,0,0,/bizhuta-s-moysanit/,Начало > Аксесоари > Български бижута,0,NO INCOMING ANCHOR,CONSISTENT,,WAIT,WAIT FOR CATALOGUE,Do not enrich copy before catalogue expansion
/bizhuta-s-perli/,intent,11,бижута с перли,бижута перли | перли бижута | бижута от перли,"SEMANTIC TARGET — URL, taxonomy, current SEO definition and generated catalogue; no local GSC/search-volume export",material,Бижута с перли – материал и детайли | Българитъм,Бижута с перли – материал и детайли | Българитъм,GOOD,Бижута с перли,Бижута с перли,GOOD,"Бижута с перли: сравни камъка перла, размера и закопчаването в информацията от бранда. Ориентирай се по вид бижу, материал, камък и размер.","Бижута с перли: сравни камъка перла, размера и закопчаването в информацията от бранда. Ориентирай се по вид бижу, материал, камък и размер.",GOOD,"При бижута с перли перла е водещият камък, а материалът и обковът допълват избора. Преди избор на бижута с перли провери точния материал, размерите и начина на поддръжка, посочени за конкретното бижу.",,GOOD,1,3,2,STRONG,11,0,0,/bizhuta-s-perli/,Начало > Аксесоари > Български бижута,46,GOOD,CONSISTENT,,P2,Optimize flagged fields; preserve the verified catalogue intent,
/bizhuta-s-rubin/,intent,0,бижута с рубин,,"SEMANTIC TARGET — URL, taxonomy, current SEO definition and generated catalogue; no local GSC/search-volume export",material,Бижута с рубин – материал и детайли | Българитъм,Бижута с рубин – материал и детайли | Българитъм,GOOD,Бижута с рубин,Бижута с рубин,GOOD,"Бижута с рубин: сравни камъка рубин, размера и закопчаването в информацията от бранда. Ориентирай се по вид бижу, материал, камък и размер.","Бижута с рубин: сравни камъка рубин, размера и закопчаването в информацията от бранда. Ориентирай се по вид бижу, материал, камък и размер.",GOOD,"При бижута с рубин рубин е водещият камък, а материалът и обковът допълват избора. Преди избор на бижута с рубин провери точния материал, размерите и начина на поддръжка, посочени за конкретното бижу.",,GOOD,1,4,2,EMPTY,0,0,0,/bizhuta-s-rubin/,Начало > Аксесоари > Български бижута,0,NO INCOMING ANCHOR,CONSISTENT,,WAIT,WAIT FOR CATALOGUE,Do not enrich copy before catalogue expansion
/bizhuta-s-tigrovo-oko/,intent,0,бижута с тигрово око,,"SEMANTIC TARGET — URL, taxonomy, current SEO definition and generated catalogue; no local GSC/search-volume export",material,Бижута с тигрово око – материал и детайли | Българитъм,Бижута с тигрово око – материал и детайли | Българитъм,GOOD,Бижута с тигрово око,Бижута с тигрово око,GOOD,"Бижута с тигрово око: сравни камъка тигрово око, размера и закопчаването в информацията от бранда. Ориентирай се по вид бижу, материал, камък и размер.","Бижута с тигрово око: сравни камъка тигрово око, размера и закопчаването в информацията от бранда. Ориентирай се по вид бижу, материал, камък и размер.",GOOD,"При бижута с тигрово око тигрово око е водещият камък, а материалът и обковът допълват избора. Преди избор на бижута с тигрово око провери точния материал, размерите и начина на поддръжка, посочени за конкретното бижу.",,GOOD,1,4,2,EMPTY,0,0,0,/bizhuta-s-tigrovo-oko/,Начало > Аксесоари > Български бижута,0,NO INCOMING ANCHOR,CONSISTENT,,WAIT,WAIT FOR CATALOGUE,Do not enrich copy before catalogue expansion
/bizhuta-s-tsitrin/,intent,0,бижута с цитрин,,"SEMANTIC TARGET — URL, taxonomy, current SEO definition and generated catalogue; no local GSC/search-volume export",material,Бижута с цитрин – материал и детайли | Българитъм,Бижута с цитрин – материал и детайли | Българитъм,GOOD,Бижута с цитрин,Бижута с цитрин,GOOD,"Бижута с цитрин: сравни камъка цитрин, размера и закопчаването в информацията от бранда. Съпостави изработката, размерите и важните детайли.","Бижута с цитрин: сравни камъка цитрин, размера и закопчаването в информацията от бранда. Съпостави изработката, размерите и важните детайли.",GOOD,"При бижута с цитрин цитрин е водещият камък, а материалът и обковът допълват избора. Преди избор на бижута с цитрин провери точния материал, размерите и начина на поддръжка, посочени за конкретното бижу.",,GOOD,1,4,2,EMPTY,0,0,0,/bizhuta-s-tsitrin/,Начало > Аксесоари > Български бижута,0,NO INCOMING ANCHOR,CONSISTENT,,WAIT,WAIT FOR CATALOGUE,Do not enrich copy before catalogue expansion
/boho-roklya/,intent,0,бохо рокля,бохо рокли | бохо рокли онлайн,"SEMANTIC TARGET — URL, taxonomy, current SEO definition and generated catalogue; no local GSC/search-volume export",product type,Бохо рокли – модели и идеи | Българитъм,Бохо рокли – модели и идеи | Българитъм,GOOD,Бохо рокли,Бохо рокли,GOOD,"Бохо рокли: сравни кройката и размерите в предложенията от български брандове. Ориентирай се по състав, силует и таблица с размери. Данните са от бранда.","Бохо рокли: сравни кройката и размерите в предложенията от български брандове. Ориентирай се по състав, силует и таблица с размери. Данните са от бранда.",GOOD,"При бохо рокли можеш да сравниш рокли според кройката, материята и повода. При бохо рокли провери размерите, точния състав и указанията за поддръжка в информацията от бранда.",,GOOD,1,4,2,EMPTY,0,0,0,/boho-roklya/,Начало > Качествени български дрехи > Български дамски дрехи,0,NO INCOMING ANCHOR,CONSISTENT,,WAIT,WAIT FOR CATALOGUE,Do not enrich copy before catalogue expansion
/bulgarska-bebeshka-kozmetika/,intent,5,българска бебешка козметика,,"SEMANTIC TARGET — URL, taxonomy, current SEO definition and generated catalogue; no local GSC/search-volume export",informational-commercial hybrid,Българска бебешка козметика – грижа и състав | Българитъм,Българска бебешка козметика – грижа и състав | Българитъм,GOOD,Българска бебешка козметика,Българска бебешка козметика,GOOD,"Българска бебешка козметика: ориентирай се според бебешка грижа. Сравни предложенията по вид, материали и предназначение. Детайлите са при бранда.","Българска бебешка козметика: ориентирай се според бебешка грижа. Сравни предложенията по вид, материали и предназначение. Детайлите са при бранда.",GOOD,"При българска бебешка козметика изборът се насочва към бебешка грижа. При българска бебешка козметика прочети начина на употреба и пълния INCI списък на конкретния продукт, особено ако имаш чувствителност или установена кожна нужда.",,GOOD,1,3,2,STRONG,5,0,0,/bulgarska-bebeshka-kozmetika/,Начало > Деца > Козметика за деца,1,GOOD,CONSISTENT,,P3,IMPROVING — review the flagged on-page fields,
/bulgarska-bio-kozmetika/,intent,1,Българска био козметика,,"SEMANTIC TARGET — URL, taxonomy, current SEO definition and generated catalogue; no local GSC/search-volume export",informational-commercial hybrid,Българска био козметика | Българитъм,Българска био козметика | Българитъм,GOOD,Българска био козметика,Българска био козметика,GOOD,"Разгледай българска био козметика от локални марки в Българитъм. Ориентирай се по нужда, формула и начин на използване. Данните са от бранда.","Разгледай българска био козметика от локални марки в Българитъм. Ориентирай се по нужда, формула и начин на използване. Данните са от бранда.",GOOD,Разгледай българска био козметика от локални марки и сравни наличните продукти за ежедневна грижа.,,GOOD,1,2,0,STRONG,0,1,0,/bulgarska-bio-kozmetika/,Начало,1,GOOD,CONSISTENT,/bulgarska-bio-kozmetika/ | /k/kozmetika/,P3,THIN — CATALOGUE PRIORITY,
/bulgarska-kozmetika-s-roza/,intent,1,българска козметика с роза,българска козметика с розово масло | козметика от българска роза | козметика с българска роза,"SEMANTIC TARGET — URL, taxonomy, current SEO definition and generated catalogue; no local GSC/search-volume export",informational-commercial hybrid,Българска козметика с розово масло | Българитъм,Българска козметика с розово масло | Българитъм,GOOD,Българска козметика с розово масло,Българска козметика с розово масло,GOOD,Българска козметика с розово масло: ориентирай се според съставката розово масло. Съпостави формулите според нуждата и своята рутина. Провери ги при,Българска козметика с розово масло: ориентирай се според съставката розово масло. Съпостави формулите според нуждата и своята рутина. Провери ги при,GOOD,"При българска козметика с розово масло изборът се насочва към вида грижа и присъствието на розово масло в състава. При българска козметика с розово масло прочети начина на употреба и пълния INCI списък на конкретния продукт, особено ако имаш чувствителност или установена кожна нужда.",,GOOD,1,3,2,STRONG,1,0,0,/bulgarska-kozmetika-s-roza/,Начало > Българска козметика,3,GOOD,CONSISTENT,,P3,THIN — CATALOGUE PRIORITY,
/bulgarski-boti/,intent,0,български боти,боти български | дамски боти български | дамски български боти,"SEMANTIC TARGET — URL, taxonomy, current SEO definition and generated catalogue; no local GSC/search-volume export",product type,Български боти – модели и идеи | Българитъм,Български боти – модели и идеи | Българитъм,GOOD,Български боти,Български боти,GOOD,"Български боти: сравни кройката и размерите в предложенията от български брандове. Ориентирай се по състав, силует и таблица с размери.","Български боти: сравни кройката и размерите в предложенията от български брандове. Ориентирай се по състав, силует и таблица с размери.",GOOD,"При български боти можеш да сравниш боти според кройката, материята и повода. При български боти провери размерите, точния състав и указанията за поддръжка в информацията от бранда.",,GOOD,1,4,2,EMPTY,0,0,0,/bulgarski-boti/,Начало > Аксесоари > Обувки,0,NO INCOMING ANCHOR,CONSISTENT,,WAIT,WAIT FOR CATALOGUE,Do not enrich copy before catalogue expansion
/bulgarski-brandove-za-drehi/,brand-directory,0,български брандове за дрехи,,"SEMANTIC TARGET — URL, taxonomy, current SEO definition and generated catalogue; no local GSC/search-volume export",category,Български брандове за дрехи и модни марки | Българитъм,Български брандове за дрехи и модни марки | Българитъм,GOOD,Български брандове за дрехи,Български брандове за дрехи,GOOD,"Открий български брандове за дрехи, модни марки и дизайнери с дамско, мъжко и детско облекло в Българитъм.","Открий български брандове за дрехи, модни марки и дизайнери с дамско, мъжко и детско облекло в Българитъм.",SHORT,,,MISSING,1,3,0,EMPTY,0,0,0,/bulgarski-brandove-za-drehi/,Начало > Български брандове > Български брандове за дрехи,1,GOOD,REVIEW NAME/DESCRIPTION,,WAIT,WAIT FOR CATALOGUE,Do not enrich copy before catalogue expansion
/bulgarski-brandove/,CollectionPage,0,Български брандове,,"SEMANTIC TARGET — URL, taxonomy, current SEO definition and generated catalogue; no local GSC/search-volume export",category,Български брандове – каталог на родни марки | Българитъм,Български брандове – каталог на родни марки | Българитъм,GOOD,Български брандове,Български брандове,GOOD,"Открий подбрани български брандове и родни производители по категории – дом и интериор, козметика, облекло, подаръци и още.","Открий подбрани български брандове и родни производители по категории – дом и интериор, козметика, облекло, подаръци и още.",GOOD,,,MISSING,1,4,5,EMPTY,0,0,0,/bulgarski-brandove/,Начало > Български брандове,923,GOOD,REVIEW NAME/DESCRIPTION,,WAIT,WAIT FOR CATALOGUE,No matching PUBLIC_LANDING_GRAPH node; keyword inferred from rendered page | Do not enrich copy before catalogue expansion
/bulgarski-damski-pizhami/,intent,25,български дамски пижами,,"SEMANTIC TARGET — URL, taxonomy, current SEO definition and generated catalogue; no local GSC/search-volume export",product type,Български дамски пижами от локални марки | Българитъм,Български дамски пижами от локални марки | Българитъм,GOOD,Български дамски пижами,Български дамски пижами,GOOD,"Разгледай български дамски пижами и домашни комплекти от локални марки в Българитъм. Съпостави кройките, материите и начина на носене. Провери ги при","Разгледай български дамски пижами и домашни комплекти от локални марки в Българитъм. Съпостави кройките, материите и начина на носене. Провери ги при",GOOD,Български дамски пижами и домашни комплекти от локални марки са събрани тук за по-лесно разглеждане. Сравни наличните модели и избери според предпочитанията си за стил и материя.,,GOOD,1,2,0,STRONG,25,0,0,/bulgarski-damski-pizhami/,Начало > Качествени български дрехи > Български дамски дрехи,68,GOOD,CONSISTENT,,P2,Optimize flagged fields; preserve the verified catalogue intent,
/bulgarski-damski-sportni-ekipi/,intent,36,български дамски спортни екипи,български спортен екип | български спортни екипи онлайн | дамски спортни екипи български | спортни екипи български | спортни екипи българско производство,"SEMANTIC TARGET — URL, taxonomy, current SEO definition and generated catalogue; no local GSC/search-volume export",product type,Български дамски спортни екипи – модели и идеи | Българитъм,Български дамски спортни екипи – модели и идеи | Българитъм,GOOD,Български дамски спортни екипи,Български дамски спортни екипи,GOOD,"Български дамски спортни екипи: сравни кройката и размерите в предложенията от български брандове. Съпостави кройките, материите и начина на носене.","Български дамски спортни екипи: сравни кройката и размерите в предложенията от български брандове. Съпостави кройките, материите и начина на носене.",GOOD,"При български дамски спортни екипи можеш да сравниш спортни екипи според кройката, материята и повода. При български дамски спортни екипи провери размерите, точния състав и указанията за поддръжка в информацията от бранда.",,GOOD,1,3,2,STRONG,36,0,0,/bulgarski-damski-sportni-ekipi/,Начало > Качествени български дрехи > Български дамски дрехи,84,GOOD,CONSISTENT,,P2,Optimize flagged fields; preserve the verified catalogue intent,
/bulgarski-detski-igrachki/,intent,9,български детски играчки,български производители на дървени играчки,"SEMANTIC TARGET — URL, taxonomy, current SEO definition and generated catalogue; no local GSC/search-volume export",informational-commercial hybrid,Български детски играчки – за деца и семейства | Българитъм,Български детски играчки – за деца и семейства | Българитъм,GOOD,Български детски играчки,Български детски играчки,GOOD,"Български детски играчки: сравни предназначението, материалите, размерите и информацията за употреба в предложенията от български брандове.","Български детски играчки: сравни предназначението, материалите, размерите и информацията за употреба в предложенията от български брандове.",GOOD,"При български детски играчки можеш да се ориентираш сред играчки според предназначението и изрично посочените характеристики. За български детски играчки провери конкретните размери, материали и начин на употреба в информацията от бранда.",,GOOD,1,3,2,STRONG,9,0,0,/bulgarski-detski-igrachki/,Начало > Деца > Играчки,1,GOOD,CONSISTENT,,P2,Optimize flagged fields; preserve the verified catalogue intent,
/bulgarski-detski-knigi/,intent,2,български детски книги,български детски книжки | детски книги на български | детски книги от български автори,"SEMANTIC TARGET — URL, taxonomy, current SEO definition and generated catalogue; no local GSC/search-volume export",product type,Български детски книги – за деца и семейства | Българитъм,Български детски книги – за деца и семейства | Българитъм,GOOD,Български детски книги,Български детски книги,GOOD,"Български детски книги: сравни предназначението, материалите, размерите и информацията за употреба в предложенията от български брандове.","Български детски книги: сравни предназначението, материалите, размерите и информацията за употреба в предложенията от български брандове.",GOOD,"При български детски книги можеш да се ориентираш сред детски книги според предназначението и изрично посочените характеристики. За български детски книги провери конкретните размери, материали и начин на употреба в информацията от бранда.",,GOOD,1,3,2,STRONG,2,0,0,/bulgarski-detski-knigi/,Начало > Забавление > Книги,1,GOOD,CONSISTENT,,P3,THIN — CATALOGUE PRIORITY,
/bulgarski-domashni-chehli/,intent,0,български домашни чехли,български домашни пантофи,"SEMANTIC TARGET — URL, taxonomy, current SEO definition and generated catalogue; no local GSC/search-volume export",product type,Български домашни чехли – модели и идеи | Българитъм,Български домашни чехли – модели и идеи | Българитъм,GOOD,Български домашни чехли,Български домашни чехли,GOOD,"Български домашни чехли: сравни кройката и размерите в предложенията от български брандове. Сравни моделите по материя, кройка, размер и предназначение.","Български домашни чехли: сравни кройката и размерите в предложенията от български брандове. Сравни моделите по материя, кройка, размер и предназначение.",GOOD,"При български домашни чехли можеш да сравниш чехли според кройката, материята и повода. При български домашни чехли провери размерите, точния състав и указанията за поддръжка в информацията от бранда.",,GOOD,1,4,2,EMPTY,0,0,0,/bulgarski-domashni-chehli/,Начало > Аксесоари > Обувки,0,NO INCOMING ANCHOR,CONSISTENT,,WAIT,WAIT FOR CATALOGUE,Do not enrich copy before catalogue expansion
/bulgarski-drehi/,category,203,качествени български дрехи,облекло | български дрехи | дрехи,"SEMANTIC TARGET — URL, taxonomy, current SEO definition and generated catalogue; no local GSC/search-volume export",category,Качествени български дрехи от български марки | Българитъм,Качествени български дрехи от български марки | Българитъм,GOOD,Качествени български дрехи,Качествени български дрехи,GOOD,Открий качествени български дрехи и облекло от български марки за различни стилове и поводи в Българитъм.,"Български дрехи от локални марки за жени и мъже. Сравни облекло по вид, материя и стил и провери размерите и условията при конкретния бранд.",SHORT,"Качествени български дрехи от различни български марки са събрани тук, за да разглеждаш по-лесно дамско и мъжко облекло. Сравнявай модели, стилове и продуктови категории и откривай дрехи от български марки на едно място.",,GOOD,1,3,2,STRONG,203,0,0,/bulgarski-drehi/,Начало,923,GOOD,CONSISTENT,,P1,Optimize flagged fields; preserve the verified catalogue intent,
/bulgarski-drehi/chanti/,intent,6,български чанти,чанти | bags,"SEMANTIC TARGET — URL, taxonomy, current SEO definition and generated catalogue; no local GSC/search-volume export",informational-commercial hybrid,Български чанти от локални марки | Българитъм,Български чанти от локални марки | Българитъм,GOOD,Български чанти,Български чанти,GOOD,"Разгледай български чанти от локални марки и сравни наличните модели по материал, стил и приложение.","Български чанти от локални марки, подредени за сравнение по вид, материал и предназначение. Провери размерите и детайлите при конкретния бранд.",SHORT,"Български чанти от локални марки са събрани тук за по-лесно сравнение на различни модели. Разгледай предложенията по материал, стил и приложение и запази любимите си находки.",,GOOD,1,3,2,MEDIUM,0,6,0,/bulgarski-drehi/chanti/,Начало > Аксесоари > Чанти,2,GOOD,CONSISTENT,,P1,Optimize flagged fields; preserve the verified catalogue intent,
/bulgarski-drehi/damski-chanti/,intent,7,Български дамски чанти,,"SEMANTIC TARGET — URL, taxonomy, current SEO definition and generated catalogue; no local GSC/search-volume export",product type,Български дамски чанти | Българитъм,Български дамски чанти | Българитъм,GOOD,Български дамски чанти,Български дамски чанти,GOOD,"Открий български дамски чанти от локални марки в Българитъм. Съпостави кройките, материите и начина на носене. Провери ги при бранда.","Открий български дамски чанти от локални марки в Българитъм. Съпостави кройките, материите и начина на носене. Провери ги при бранда.",GOOD,"Открий български дамски чанти от локални марки и малки дизайнерски студиа. Разгледай модели за ежедневието, специален повод и подарък.",,GOOD,1,2,0,STRONG,7,0,0,/bulgarski-drehi/damski-chanti/,Начало > Аксесоари > Чанти,10,GOOD,CONSISTENT,,P2,Optimize flagged fields; preserve the verified catalogue intent,
/bulgarski-drehi/obuvki/,intent,0,български обувки,обувки | shoes,"SEMANTIC TARGET — URL, taxonomy, current SEO definition and generated catalogue; no local GSC/search-volume export",informational-commercial hybrid,Български обувки от локални марки | Българитъм,Български обувки от локални марки | Българитъм,GOOD,Български обувки,Български обувки,GOOD,"Разгледай български обувки от локални марки и открий наличните модели на едно място. Провери материята, размерите и указанията за поддръжка.","Разгледай български обувки от локални марки и открий наличните модели на едно място. Провери материята, размерите и указанията за поддръжка.",GOOD,"Български обувки от локални марки можеш да разгледаш тук в една обща селекция. Сравнявай наличните модели и запази тези, към които искаш да се върнеш.",,GOOD,1,4,2,EMPTY,0,0,0,/bulgarski-drehi/obuvki/,Начало > Аксесоари > Обувки,6,GOOD,CONSISTENT,,WAIT,WAIT FOR CATALOGUE,Do not enrich copy before catalogue expansion
/bulgarski-drehi/pizhami/,intent,25,Български пижами,пижами | pajamas | nightwear,"SEMANTIC TARGET — URL, taxonomy, current SEO definition and generated catalogue; no local GSC/search-volume export",product type,Български пижами | Българитъм,Български пижами | Българитъм,GOOD,Български пижами,Български пижами,GOOD,"Открий български пижами и нощни сетове от локални марки. Сравни моделите по материя, кройка, размер и предназначение. Детайлите са при бранда.","Открий български пижами и нощни сетове от локални марки. Сравни моделите по материя, кройка, размер и предназначение. Детайлите са при бранда.",GOOD,Открий български пижами и нощни сетове от локални марки в по-ясна селекция. Тук по-лесно намираш продукти за спокоен ритуал у дома и по-меко ежедневие.,,GOOD,1,3,2,STRONG,25,0,0,/bulgarski-drehi/pizhami/,Начало > Качествени български дрехи > Българско бельо,32,GOOD,CONSISTENT,,P2,Optimize flagged fields; preserve the verified catalogue intent,
/bulgarski-drehi/rokli/,intent,17,български рокли,български дамски рокли | български рокли онлайн | рокли български | стилни български рокли | елегантни български рокли | рокли | dresses,"SEMANTIC TARGET — URL, taxonomy, current SEO definition and generated catalogue; no local GSC/search-volume export",product type,Български рокли – модели и идеи | Българитъм,Български рокли – модели и идеи | Българитъм,GOOD,Български рокли,Български рокли,GOOD,"Български рокли: сравни кройката и размерите в предложенията от български брандове. Съпостави кройките, материите и начина на носене. Провери ги при","Български рокли: сравни кройката и размерите в предложенията от български брандове. Съпостави кройките, материите и начина на носене. Провери ги при",GOOD,"При български рокли можеш да сравниш рокли според кройката, материята и повода. При български рокли провери размерите, точния състав и указанията за поддръжка в информацията от бранда.",,GOOD,1,3,2,STRONG,17,0,0,/bulgarski-drehi/rokli/,Начало > Качествени български дрехи > Български дамски дрехи,44,GOOD,CONSISTENT,,P2,Optimize flagged fields; preserve the verified catalogue intent,
/bulgarski-ezhednevni-rokli/,intent,2,български ежедневни рокли,,"SEMANTIC TARGET — URL, taxonomy, current SEO definition and generated catalogue; no local GSC/search-volume export",product type,Български ежедневни рокли – модели и идеи | Българитъм,Български ежедневни рокли – модели и идеи | Българитъм,GOOD,Български ежедневни рокли,Български ежедневни рокли,GOOD,"Български ежедневни рокли: сравни кройката и размерите в предложенията от български брандове. Ориентирай се по състав, силует и таблица с размери.","Български ежедневни рокли: сравни кройката и размерите в предложенията от български брандове. Ориентирай се по състав, силует и таблица с размери.",GOOD,"При български ежедневни рокли можеш да сравниш рокли според кройката, материята и повода. При български ежедневни рокли провери размерите, точния състав и указанията за поддръжка в информацията от бранда.",,GOOD,1,3,2,STRONG,2,0,0,/bulgarski-ezhednevni-rokli/,Начало > Качествени български дрехи > Български дамски дрехи,2,GOOD,CONSISTENT,,P3,THIN — CATALOGUE PRIORITY,
/bulgarski-kozeni-yaketa/,intent,0,български кожени якета естествена кожа,български кожени якета,"SEMANTIC TARGET — URL, taxonomy, current SEO definition and generated catalogue; no local GSC/search-volume export",material,Български кожени якета – модели и идеи | Българитъм,Български кожени якета – модели и идеи | Българитъм,GOOD,Български кожени якета,Български кожени якета,GOOD,"Български кожени якета: сравни състава, кройката и размерите в предложенията от български брандове. Съпостави кройките, материите и начина на носене.","Български кожени якета: сравни състава, кройката и размерите в предложенията от български брандове. Съпостави кройките, материите и начина на носене.",GOOD,"При български кожени якета съставът има значение наред с кройката и начина на носене. При български кожени якета провери размерите, точния състав и указанията за поддръжка в информацията от бранда.",,GOOD,1,4,2,EMPTY,0,0,0,/bulgarski-kozeni-yaketa/,Начало > Качествени български дрехи > Български дамски дрехи,0,NO INCOMING ANCHOR,CONSISTENT,,WAIT,WAIT FOR CATALOGUE,Do not enrich copy before catalogue expansion
/bulgarski-leneni-drehi/,intent,13,български ленени дрехи,,"SEMANTIC TARGET — URL, taxonomy, current SEO definition and generated catalogue; no local GSC/search-volume export",material,Български ленени дрехи – модели и идеи | Българитъм,Български ленени дрехи – модели и идеи | Българитъм,GOOD,Български ленени дрехи,Български ленени дрехи,GOOD,"Български ленени дрехи: сравни състава, кройката и размерите в предложенията от български брандове. Съпостави кройките, материите и начина на носене.","Български ленени дрехи: сравни състава, кройката и размерите в предложенията от български брандове. Съпостави кройките, материите и начина на носене.",GOOD,"При български ленени дрехи съставът има значение наред с кройката и начина на носене. При български ленени дрехи провери размерите, точния състав и указанията за поддръжка в информацията от бранда.",,GOOD,1,3,2,STRONG,13,0,0,/bulgarski-leneni-drehi/,Начало > Качествени български дрехи,3,GOOD,CONSISTENT,,P2,Optimize flagged fields; preserve the verified catalogue intent,
/bulgarski-letni-rokli/,intent,0,български летни рокли,летни рокли българско производство,"SEMANTIC TARGET — URL, taxonomy, current SEO definition and generated catalogue; no local GSC/search-volume export",product type,Български летни рокли – модели и идеи | Българитъм,Български летни рокли – модели и идеи | Българитъм,GOOD,Български летни рокли,Български летни рокли,GOOD,"Български летни рокли: сравни сезонността, кройката и размерите в предложенията от български брандове.","Български летни рокли: сравни сезонността, кройката и размерите в предложенията от български брандове.",SHORT,"При български летни рокли сезонът насочва към подходящи материи и различни начини на комбиниране. При български летни рокли провери размерите, точния състав и указанията за поддръжка в информацията от бранда.",,GOOD,1,4,2,EMPTY,0,0,0,/bulgarski-letni-rokli/,Начало > Качествени български дрехи > Български дамски дрехи,0,NO INCOMING ANCHOR,CONSISTENT,,WAIT,WAIT FOR CATALOGUE,Do not enrich copy before catalogue expansion
/bulgarski-mazhki-antsuzi/,intent,7,Български мъжки анцузи,мъжки анцузи | анцузи,"SEMANTIC TARGET — URL, taxonomy, current SEO definition and generated catalogue; no local GSC/search-volume export",informational-commercial hybrid,Български мъжки анцузи | Българитъм,Български мъжки анцузи | Българитъм,GOOD,Български мъжки анцузи,Български мъжки анцузи,GOOD,"Открий български мъжки анцузи от локални марки в Българитъм. Провери материята, размерите и указанията за поддръжка. Виж данните от бранда.","Открий български мъжки анцузи от локални марки в Българитъм. Провери материята, размерите и указанията за поддръжка. Виж данните от бранда.",GOOD,"Открий български мъжки анцузи и по-спортни сетове от локални марки в по-подредена селекция. Тук по-лесно сравняваш модели за движение, пътуване и по-спокойно ежедневно носене.",,GOOD,1,3,2,MEDIUM,0,7,0,/bulgarski-mazhki-antsuzi/,Начало > Качествени български дрехи > Български мъжки дрехи,7,GOOD,CONSISTENT,,P2,Optimize flagged fields; preserve the verified catalogue intent,
/bulgarski-mazhki-obuvki-estestvena-kozha/,intent,0,български мъжки обувки от естествена кожа,български мъжки боти от естествена кожа | мъжки чехли естествена кожа български,"SEMANTIC TARGET — URL, taxonomy, current SEO definition and generated catalogue; no local GSC/search-volume export",material,Български мъжки обувки от естествена кожа | Българитъм,Български мъжки обувки от естествена кожа | Българитъм,GOOD,Български мъжки обувки от естествена кожа,Български мъжки обувки от естествена кожа,GOOD,"Български мъжки обувки от естествена кожа: сравни състава, кройката и размерите в предложенията от български брандове.","Български мъжки обувки от естествена кожа: сравни състава, кройката и размерите в предложенията от български брандове.",GOOD,"При български мъжки обувки от естествена кожа съставът има значение наред с кройката и начина на носене. При български мъжки обувки от естествена кожа провери размерите, точния състав и указанията за поддръжка в информацията от бранда.",,GOOD,1,4,2,EMPTY,0,0,0,/bulgarski-mazhki-obuvki-estestvena-kozha/,Начало > Аксесоари > Обувки,0,NO INCOMING ANCHOR,CONSISTENT,,WAIT,WAIT FOR CATALOGUE,Do not enrich copy before catalogue expansion
/bulgarski-mazhki-obuvki/,intent,0,Български мъжки обувки,мъжки обувки | обувки,"SEMANTIC TARGET — URL, taxonomy, current SEO definition and generated catalogue; no local GSC/search-volume export",informational-commercial hybrid,Български мъжки обувки | Българитъм,Български мъжки обувки | Българитъм,GOOD,Български мъжки обувки,Български мъжки обувки,GOOD,"Открий български мъжки обувки от локални марки в Българитъм. Сравни моделите по материя, кройка, размер и предназначение. Детайлите са при бранда.","Открий български мъжки обувки от локални марки в Българитъм. Сравни моделите по материя, кройка, размер и предназначение. Детайлите са при бранда.",GOOD,"Открий български мъжки обувки в по-подредена селекция, когато търсиш локални марки с по-ясен стил. Тук по-лесно запазваш модели и се връщаш към тях, когато искаш да сравниш спокойно.",,GOOD,1,4,2,EMPTY,0,0,0,/bulgarski-mazhki-obuvki/,Начало > Качествени български дрехи > Български мъжки дрехи,0,NO INCOMING ANCHOR,CONSISTENT,,WAIT,WAIT FOR CATALOGUE,Do not enrich copy before catalogue expansion
/bulgarski-mazhki-pizhami/,intent,7,мъжки пижами,български пижами мъжки | мъжки пижами български | качествени мъжки пижами | мъжки пижами онлайн | мъжки пижами с дълъг ръкав | мъжки пижами с копчета | български мъжки пижами | пижами,"SEMANTIC TARGET — URL, taxonomy, current SEO definition and generated catalogue; no local GSC/search-volume export",product type,Мъжки пижами – модели и идеи | Българитъм,Мъжки пижами – модели и идеи | Българитъм,GOOD,Мъжки пижами,Мъжки пижами,GOOD,"Мъжки пижами: сравни кройката и размерите в предложенията от български брандове. Провери материята, размерите и указанията за поддръжка.","Мъжки пижами: сравни кройката и размерите в предложенията от български брандове. Провери материята, размерите и указанията за поддръжка.",GOOD,"При мъжки пижами можеш да сравниш пижами и домашни комплекти според кройката, материята и повода. При мъжки пижами провери размерите, точния състав и указанията за поддръжка в информацията от бранда.",,GOOD,1,3,2,STRONG,7,0,0,/bulgarski-mazhki-pizhami/,Начало > Качествени български дрехи > Български мъжки дрехи,16,GOOD,CONSISTENT,,P2,Optimize flagged fields; preserve the verified catalogue intent,
/bulgarski-mazhki-puloveri/,intent,0,Български мъжки пуловери,мъжки пуловери | пуловери,"SEMANTIC TARGET — URL, taxonomy, current SEO definition and generated catalogue; no local GSC/search-volume export",informational-commercial hybrid,Български мъжки пуловери | Българитъм,Български мъжки пуловери | Българитъм,GOOD,Български мъжки пуловери,Български мъжки пуловери,GOOD,"Открий български мъжки пуловери от локални марки. Провери материята, размерите и указанията за поддръжка. Виж данните от бранда.","Открий български мъжки пуловери от локални марки. Провери материята, размерите и указанията за поддръжка. Виж данните от бранда.",GOOD,"Открий български мъжки пуловери и по-меките връхни модели от локални марки в една по-подредена селекция. Тук можеш по-лесно да намериш варианти за студени дни, работа и ежедневно носене.",,GOOD,1,4,2,EMPTY,0,0,0,/bulgarski-mazhki-puloveri/,Начало > Качествени български дрехи > Български мъжки дрехи,0,NO INCOMING ANCHOR,CONSISTENT,,WAIT,WAIT FOR CATALOGUE,Do not enrich copy before catalogue expansion
/bulgarski-mazhki-yaketa/,intent,0,Български мъжки якета,мъжки якета | якета,"SEMANTIC TARGET — URL, taxonomy, current SEO definition and generated catalogue; no local GSC/search-volume export",informational-commercial hybrid,Български мъжки якета | Българитъм,Български мъжки якета | Българитъм,GOOD,Български мъжки якета,Български мъжки якета,GOOD,"Открий български мъжки якета от локални марки. Съпостави кройките, материите и начина на носене. Провери ги при бранда.","Открий български мъжки якета от локални марки. Съпостави кройките, материите и начина на носене. Провери ги при бранда.",GOOD,"Открий български мъжки якета и по-плътни връхни модели от локални марки в по-ясна селекция. Тук по-лесно сравняваш варианти за сезон, стил и ежедневно носене.",,GOOD,1,4,2,EMPTY,0,0,0,/bulgarski-mazhki-yaketa/,Начало > Качествени български дрехи > Български мъжки дрехи,0,NO INCOMING ANCHOR,CONSISTENT,,WAIT,WAIT FOR CATALOGUE,Do not enrich copy before catalogue expansion
/bulgarski-mazhki-zimni-yaketa/,intent,0,български мъжки зимни якета,български мъжки якета,"SEMANTIC TARGET — URL, taxonomy, current SEO definition and generated catalogue; no local GSC/search-volume export",product type,Български мъжки зимни якета – модели и идеи | Българитъм,Български мъжки зимни якета – модели и идеи | Българитъм,GOOD,Български мъжки зимни якета,Български мъжки зимни якета,GOOD,"Български мъжки зимни якета: сравни сезонността, кройката и размерите в предложенията от български брандове.","Български мъжки зимни якета: сравни сезонността, кройката и размерите в предложенията от български брандове.",SHORT,"При български мъжки зимни якета сезонът насочва към подходящи материи и различни начини на комбиниране. При български мъжки зимни якета провери размерите, точния състав и указанията за поддръжка в информацията от бранда.",,GOOD,1,4,2,EMPTY,0,0,0,/bulgarski-mazhki-zimni-yaketa/,Начало > Качествени български дрехи > Български мъжки дрехи,0,NO INCOMING ANCHOR,CONSISTENT,,WAIT,WAIT FOR CATALOGUE,Do not enrich copy before catalogue expansion
/bulgarski-obuvki-estestvena-kozha/,intent,0,български обувки естествена кожа,български обувки от естествена кожа | обувки естествена кожа български | български кожени обувки | качествени български обувки естествена кожа,"SEMANTIC TARGET — URL, taxonomy, current SEO definition and generated catalogue; no local GSC/search-volume export",material,Български обувки от естествена кожа | Българитъм,Български обувки от естествена кожа | Българитъм,GOOD,Български обувки от естествена кожа,Български обувки от естествена кожа,GOOD,"Български обувки от естествена кожа: сравни състава, кройката и размерите в предложенията от български брандове.","Български обувки от естествена кожа: сравни състава, кройката и размерите в предложенията от български брандове.",GOOD,"При български обувки от естествена кожа съставът има значение наред с кройката и начина на носене. При български обувки от естествена кожа провери размерите, точния състав и указанията за поддръжка в информацията от бранда.",,GOOD,1,4,2,EMPTY,0,0,0,/bulgarski-obuvki-estestvena-kozha/,Начало > Аксесоари > Обувки,0,NO INCOMING ANCHOR,CONSISTENT,,WAIT,WAIT FOR CATALOGUE,Do not enrich copy before catalogue expansion
/bulgarski-oficialni-rokli/,intent,2,официални български рокли,български дълги официални рокли | официални рокли на български дизайнери,"SEMANTIC TARGET — URL, taxonomy, current SEO definition and generated catalogue; no local GSC/search-volume export",product type,Български официални рокли – модели и идеи | Българитъм,Български официални рокли – модели и идеи | Българитъм,GOOD,Български официални рокли,Български официални рокли,GOOD,"Български официални рокли: сравни кройката и размерите в предложенията от български брандове. Съпостави кройките, материите и начина на носене.","Български официални рокли: сравни кройката и размерите в предложенията от български брандове. Съпостави кройките, материите и начина на носене.",GOOD,"При български официални рокли можеш да сравниш рокли според кройката, материята и повода. При български официални рокли провери размерите, точния състав и указанията за поддръжка в информацията от бранда.",,GOOD,1,3,2,STRONG,2,0,0,/bulgarski-oficialni-rokli/,Начало > Качествени български дрехи > Български дамски дрехи,2,GOOD,CONSISTENT,,P3,THIN — CATALOGUE PRIORITY,
/bulgarski-palta-ot-valna/,intent,8,български палта от вълна,,"SEMANTIC TARGET — URL, taxonomy, current SEO definition and generated catalogue; no local GSC/search-volume export",material,Български палта от вълна – модели и идеи | Българитъм,Български палта от вълна – модели и идеи | Българитъм,GOOD,Български палта от вълна,Български палта от вълна,GOOD,"Български палта от вълна: сравни състава, кройката и размерите в предложенията от български брандове.","Български палта от вълна от локални марки. Сравни състава, кройката, дължината и размерите и провери указанията за поддръжка при бранда.",SHORT,"При български палта от вълна съставът има значение наред с кройката и начина на носене. При български палта от вълна провери размерите, точния състав и указанията за поддръжка в информацията от бранда.",,GOOD,1,3,2,STRONG,8,0,0,/bulgarski-palta-ot-valna/,Начало > Качествени български дрехи > Български дамски дрехи,43,GOOD,CONSISTENT,,P1,Optimize flagged fields; preserve the verified catalogue intent,
/bulgarski-podaratsi/,category,242,Подаръци,подарък | идеи за подарък | български подаръци,"SEMANTIC TARGET — URL, taxonomy, current SEO definition and generated catalogue; no local GSC/search-volume export",category,Идеи за подарък от български брандове | Българитъм,Идеи за подарък от български брандове | Българитъм,GOOD,Идеи за подарък,Идеи за подарък,GOOD,"Открий идеи за подарък от български брандове за жена, мъж, дете, бебе и специални поводи. Подреди избора според човека, повода и вида подарък.","Открий идеи за подарък от български брандове за жена, мъж, дете, бебе и специални поводи. Подреди избора според човека, повода и вида подарък.",GOOD,"Открий идеи за подарък от локални марки, подредени така, че да стигаш по-лесно до точния жест за точния човек. Разгледай български подаръци по получател, повод и начин на изработка.",,GOOD,1,2,0,STRONG,242,0,0,/bulgarski-podaratsi/,Начало,925,GOOD,CONSISTENT,,P2,Optimize flagged fields; preserve the verified catalogue intent,
/bulgarski-podaratsi/rachno-izraboteni/,intent,109,Ръчно изработени подаръци,handmade gifts | традиционни български подаръци,"SEMANTIC TARGET — URL, taxonomy, current SEO definition and generated catalogue; no local GSC/search-volume export",gift/occasion,Ръчно изработени подаръци | Българитъм,Ръчно изработени подаръци | Българитъм,GOOD,Ръчно изработени подаръци,Ръчно изработени подаръци,GOOD,"Открий ръчно изработени подаръци от български марки в Българитъм. Сравни идеите по повод, получател и вид продукт. Детайлите са при бранда.","Открий ръчно изработени подаръци от български марки в Българитъм. Сравни идеите по повод, получател и вид продукт. Детайлите са при бранда.",GOOD,"Открий ръчно изработени подаръци от български марки и автори, подредени по-ясно и по-лесно за избор. Тук по-лесно откриваш подаръци, в които личат времето, материалът и човешката ръка зад изработката.",,GOOD,1,2,0,MEDIUM,0,109,0,/bulgarski-podaratsi/rachno-izraboteni/,Начало > Идеи за подарък,14,GOOD,CONSISTENT,,P2,Optimize flagged fields; preserve the verified catalogue intent,
/bulgarski-podaratsi/za-bebe/,subcategory,25,Подаръци за бебе,подарък за бебе | за бебе,"SEMANTIC TARGET — URL, taxonomy, current SEO definition and generated catalogue; no local GSC/search-volume export",subcategory,Подарък за бебе | Българитъм,Подарък за бебе | Българитъм,GOOD,Подарък за бебе,Подарък за бебе,GOOD,Открий подарък за бебе от български брандове в Българитъм. Прецени вариантите според повода и предпочитанията. Провери ги при бранда.,Открий подарък за бебе от български брандове в Българитъм. Прецени вариантите според повода и предпочитанията. Провери ги при бранда.,GOOD,"Подарък за бебе може да бъде личен, практичен и създаден от български бранд. Разгледай продуктите и използвай свързаните категории, за да стигнеш по-бързо до точния избор.",,GOOD,1,3,2,STRONG,25,0,0,/bulgarski-podaratsi/za-bebe/,Начало > Идеи за подарък,92,GOOD,CONSISTENT,,P2,Optimize flagged fields; preserve the verified catalogue intent,
/bulgarski-podaratsi/za-dete/,subcategory,22,Подаръци за дете,подарък за дете | за дете,"SEMANTIC TARGET — URL, taxonomy, current SEO definition and generated catalogue; no local GSC/search-volume export",subcategory,Подарък за дете | Българитъм,Подарък за дете | Българитъм,GOOD,Подарък за дете,Подарък за дете,GOOD,Открий подарък за дете от български брандове в Българитъм. Прецени вариантите според повода и предпочитанията. Провери ги при бранда.,Открий подарък за дете от български брандове в Българитъм. Прецени вариантите според повода и предпочитанията. Провери ги при бранда.,GOOD,"Подарък за дете може да бъде личен, практичен и създаден от български бранд. Разгледай продуктите и използвай свързаните категории, за да стигнеш по-бързо до точния избор.",,GOOD,1,3,2,STRONG,22,0,0,/bulgarski-podaratsi/za-dete/,Начало > Идеи за подарък,92,GOOD,CONSISTENT,,P2,Optimize flagged fields; preserve the verified catalogue intent,
/bulgarski-podaratsi/za-mazh/,subcategory,70,Подаръци за мъж,подарък за мъж | за мъж,"SEMANTIC TARGET — URL, taxonomy, current SEO definition and generated catalogue; no local GSC/search-volume export",subcategory,Подарък за мъж | Българитъм,Подарък за мъж | Българитъм,GOOD,Подарък за мъж,Подарък за мъж,GOOD,"Открий подарък за мъж от български брандове в Българитъм. Ориентирай се по интереси, възраст и конкретен повод. Условията са при бранда.","Открий подарък за мъж от български брандове в Българитъм. Ориентирай се по интереси, възраст и конкретен повод. Условията са при бранда.",GOOD,"Подарък за мъж може да бъде личен, практичен и създаден от български бранд. Разгледай продуктите и използвай свързаните категории, за да стигнеш по-бързо до точния избор.",,GOOD,1,3,2,STRONG,70,0,0,/bulgarski-podaratsi/za-mazh/,Начало > Идеи за подарък,92,GOOD,CONSISTENT,,P2,Optimize flagged fields; preserve the verified catalogue intent,
/bulgarski-podaratsi/za-svatba/,subcategory,27,Подаръци за сватба,подарък за сватба,"SEMANTIC TARGET — URL, taxonomy, current SEO definition and generated catalogue; no local GSC/search-volume export",subcategory,Подаръци за сватба | Българитъм,Подаръци за сватба | Българитъм,GOOD,Подаръци за сватба,Подаръци за сватба,GOOD,Открий подаръци за сватба в подаръци от български марки в Българитъм. Подбрани продукти и по-лесно откриване.,"Подаръци за сватба от български марки, включително персонализирани и ръчно изработени предложения. Провери сроковете и детайлите при бранда.",SHORT,"Открий подаръци за сватба от български марки и разгледай подбрани продукти на едно място. Сравнявай предложенията спокойно, запазвай любимите си находки и се връщай към тях по-късно.",,GOOD,1,3,2,STRONG,27,0,0,/bulgarski-podaratsi/za-svatba/,Начало > Идеи за подарък,92,GOOD,CONSISTENT,,P1,Optimize flagged fields; preserve the verified catalogue intent,
/bulgarski-podaratsi/za-zhena/,subcategory,134,Подаръци за жена,подарък за жена | за жена,"SEMANTIC TARGET — URL, taxonomy, current SEO definition and generated catalogue; no local GSC/search-volume export",subcategory,Подарък за жена | Българитъм,Подарък за жена | Българитъм,GOOD,Подарък за жена,Подарък за жена,GOOD,Открий подарък за жена от български брандове в Българитъм. Прецени вариантите според повода и предпочитанията. Провери ги при бранда.,Открий подарък за жена от български брандове в Българитъм. Прецени вариантите според повода и предпочитанията. Провери ги при бранда.,GOOD,"Подарък за жена може да бъде личен, практичен и създаден от български бранд. Разгледай продуктите и използвай свързаните категории, за да стигнеш по-бързо до точния избор.",,GOOD,1,3,2,STRONG,134,0,0,/bulgarski-podaratsi/za-zhena/,Начало > Идеи за подарък,92,GOOD,CONSISTENT,,P2,Optimize flagged fields; preserve the verified catalogue intent,
/bulgarski-sandali-estestvena-kozha/,intent,0,български сандали естествена кожа,дамски сандали естествена кожа български | български дамски сандали естествена кожа | български дамски сандали от естествена кожа | български кожени сандали | български сандали от естествена кожа,"SEMANTIC TARGET — URL, taxonomy, current SEO definition and generated catalogue; no local GSC/search-volume export",material,Български сандали от естествена кожа | Българитъм,Български сандали от естествена кожа | Българитъм,GOOD,Български сандали от естествена кожа,Български сандали от естествена кожа,GOOD,"Български сандали от естествена кожа: сравни състава, кройката и размерите в предложенията от български брандове.","Български сандали от естествена кожа: сравни състава, кройката и размерите в предложенията от български брандове.",GOOD,"При български сандали от естествена кожа съставът има значение наред с кройката и начина на носене. При български сандали от естествена кожа провери размерите, точния състав и указанията за поддръжка в информацията от бранда.",,GOOD,1,4,2,EMPTY,0,0,0,/bulgarski-sandali-estestvena-kozha/,Начало > Аксесоари > Обувки,0,NO INCOMING ANCHOR,CONSISTENT,,WAIT,WAIT FOR CATALOGUE,Do not enrich copy before catalogue expansion
/bulgarski-suveniri/,intent,32,Български сувенири,сувенири | традиционни български подаръци,"SEMANTIC TARGET — URL, taxonomy, current SEO definition and generated catalogue; no local GSC/search-volume export",informational-commercial hybrid,Български сувенири | Българитъм,Български сувенири | Българитъм,GOOD,Български сувенири,Български сувенири,GOOD,"Открий български сувенири и малки локални находки в Българитъм. Сравни предложенията по вид, материали и предназначение. Детайлите са при бранда.","Открий български сувенири и малки локални находки в Българитъм. Сравни предложенията по вид, материали и предназначение. Детайлите са при бранда.",GOOD,"Открий български сувенири и по-малки предмети с характер, които носят локален контекст и спомен. Тук по-лесно намираш предмети, които носят усещане за място, спомен и по-личен български жест.",,GOOD,1,2,0,MEDIUM,0,32,0,/bulgarski-suveniri/,Начало > Забавление,1,GOOD,CONSISTENT,,P2,Optimize flagged fields; preserve the verified catalogue intent,
/bulgarski-sveshti/,intent,8,български свещи,ароматни свещи български бранд,"SEMANTIC TARGET — URL, taxonomy, current SEO definition and generated catalogue; no local GSC/search-volume export",product type,Български свещи – за дома | Българитъм,Български свещи – за дома | Българитъм,GOOD,Български свещи,Български свещи,GOOD,"Български свещи: сравни предназначението, материалите, размерите и информацията за употреба в предложенията от български брандове.","Български свещи: сравни предназначението, материалите, размерите и информацията за употреба в предложенията от български брандове.",GOOD,"При български свещи можеш да се ориентираш сред ароматни свещи според предназначението и изрично посочените характеристики. За български свещи провери конкретните размери, материали и начин на употреба в информацията от бранда.",,GOOD,1,3,2,STRONG,8,0,0,/bulgarski-sveshti/,Начало > Дом и интериор,2,GOOD,CONSISTENT,,P2,Optimize flagged fields; preserve the verified catalogue intent,
/bulgarsko-mazhko-belyo/,intent,0,българско мъжко бельо,българско бельо мъжко | мъжко бельо българско | мъжко българско бельо | мъжки боксерки българско производство,"SEMANTIC TARGET — URL, taxonomy, current SEO definition and generated catalogue; no local GSC/search-volume export",audience,Българско мъжко бельо – модели и идеи | Българитъм,Българско мъжко бельо – модели и идеи | Българитъм,GOOD,Българско мъжко бельо,Българско мъжко бельо,GOOD,"Българско мъжко бельо: сравни кройката и размерите в предложенията от български брандове. Съпостави кройките, материите и начина на носене.","Българско мъжко бельо: сравни кройката и размерите в предложенията от български брандове. Съпостави кройките, материите и начина на носене.",GOOD,"При българско мъжко бельо можеш да сравниш облекло според кройката, материята и повода. При българско мъжко бельо провери размерите, точния състав и указанията за поддръжка в информацията от бранда.",,GOOD,1,4,2,EMPTY,0,0,0,/bulgarsko-mazhko-belyo/,Начало > Качествени български дрехи > Българско бельо,0,NO INCOMING ANCHOR,CONSISTENT,,WAIT,WAIT FOR CATALOGUE,Do not enrich copy before catalogue expansion
/bulgarsko-spalno-belyo/,intent,13,български спално бельо,български производители на спално бельо | български фирми за спално бельо | спално бельо български производители,"SEMANTIC TARGET — URL, taxonomy, current SEO definition and generated catalogue; no local GSC/search-volume export",product type,Българско спално бельо – за дома | Българитъм,Българско спално бельо – за дома | Българитъм,GOOD,Българско спално бельо,Българско спално бельо,GOOD,"Българско спално бельо: сравни предназначението, материалите, размерите и информацията за употреба в предложенията от български брандове.","Българско спално бельо: сравни предназначението, материалите, размерите и информацията за употреба в предложенията от български брандове.",GOOD,"При българско спално бельо можеш да се ориентираш сред спално бельо според предназначението и изрично посочените характеристики. За българско спално бельо провери конкретните размери, материали и начин на употреба в информацията от бранда.",,GOOD,1,3,2,STRONG,13,0,0,/bulgarsko-spalno-belyo/,Начало > Дом и интериор > Домашен текстил,1,GOOD,CONSISTENT,,P2,Optimize flagged fields; preserve the verified catalogue intent,
/byala-damska-riza/,intent,2,бели дамски ризи,бяла риза дамска | дамска бяла риза,"SEMANTIC TARGET — URL, taxonomy, current SEO definition and generated catalogue; no local GSC/search-volume export",attribute/color,Бели дамски ризи – модели и идеи | Българитъм,Бели дамски ризи – модели и идеи | Българитъм,GOOD,Бели дамски ризи,Бели дамски ризи,GOOD,"Бели дамски ризи: сравни нюанса, кройката и размерите в предложенията от български брандове. Сравни моделите по материя, кройка, размер и предназначение.","Бели дамски ризи: сравни нюанса, кройката и размерите в предложенията от български брандове. Сравни моделите по материя, кройка, размер и предназначение.",GOOD,"При бели дамски ризи цветът е на преден план, но силуетът, материята и детайлите остават също толкова важни. При бели дамски ризи провери размерите, точния състав и указанията за поддръжка в информацията от бранда.",,GOOD,1,3,2,STRONG,2,0,0,/byala-damska-riza/,Начало > Качествени български дрехи > Български дамски дрехи,2,GOOD,CONSISTENT,,P3,THIN — CATALOGUE PRIORITY,
/cherna-riza/,intent,0,черни ризи,,"SEMANTIC TARGET — URL, taxonomy, current SEO definition and generated catalogue; no local GSC/search-volume export",attribute/color,Черни ризи – модели и идеи | Българитъм,Черни ризи – модели и идеи | Българитъм,GOOD,Черни ризи,Черни ризи,GOOD,"Черни ризи: сравни нюанса, кройката и размерите в предложенията от български брандове. Провери материята, размерите и указанията за поддръжка.","Черни ризи: сравни нюанса, кройката и размерите в предложенията от български брандове. Провери материята, размерите и указанията за поддръжка.",GOOD,"При черни ризи цветът е на преден план, но силуетът, материята и детайлите остават също толкова важни. При черни ризи провери размерите, точния състав и указанията за поддръжка в информацията от бранда.",,GOOD,1,4,2,EMPTY,0,0,0,/cherna-riza/,Начало > Качествени български дрехи > Български дамски дрехи,0,NO INCOMING ANCHOR,CONSISTENT,,WAIT,WAIT FOR CATALOGUE,Do not enrich copy before catalogue expansion
/cherna-roklya/,intent,3,черни рокли,рокли черни | рокля черна,"SEMANTIC TARGET — URL, taxonomy, current SEO definition and generated catalogue; no local GSC/search-volume export",attribute/color,Черни рокли – модели и идеи | Българитъм,Черни рокли – модели и идеи | Българитъм,GOOD,Черни рокли,Черни рокли,GOOD,"Черни рокли: сравни нюанса, кройката и размерите в предложенията от български брандове. Провери материята, размерите и указанията за поддръжка.","Черни рокли: сравни нюанса, кройката и размерите в предложенията от български брандове. Провери материята, размерите и указанията за поддръжка.",GOOD,"При черни рокли цветът е на преден план, но силуетът, материята и детайлите остават също толкова важни. При черни рокли провери размерите, точния състав и указанията за поддръжка в информацията от бранда.",,GOOD,1,3,2,STRONG,3,0,0,/cherna-roklya/,Начало > Качествени български дрехи > Български дамски дрехи,3,GOOD,CONSISTENT,,P3,IMPROVING — review the flagged on-page fields,
/cherno-palto/,intent,2,черни палта,,"SEMANTIC TARGET — URL, taxonomy, current SEO definition and generated catalogue; no local GSC/search-volume export",attribute/color,Черни палта – модели и идеи | Българитъм,Черни палта – модели и идеи | Българитъм,GOOD,Черни палта,Черни палта,GOOD,"Черни палта: сравни нюанса, кройката и размерите в предложенията от български брандове. Провери материята, размерите и указанията за поддръжка.","Черни палта: сравни нюанса, кройката и размерите в предложенията от български брандове. Провери материята, размерите и указанията за поддръжка.",GOOD,"При черни палта цветът е на преден план, но силуетът, материята и детайлите остават също толкова важни. При черни палта провери размерите, точния състав и указанията за поддръжка в информацията от бранда.",,GOOD,1,3,2,STRONG,2,0,0,/cherno-palto/,Начало > Качествени български дрехи > Български дамски дрехи,2,GOOD,CONSISTENT,,P3,THIN — CATALOGUE PRIORITY,Current SEO primary-keyword definition contains typo “черени палта”; report uses the correct semantic target “черни палта”
/chervena-roklya/,intent,0,червени рокли,рокли червени,"SEMANTIC TARGET — URL, taxonomy, current SEO definition and generated catalogue; no local GSC/search-volume export",attribute/color,Червени рокли – модели и идеи | Българитъм,Червени рокли – модели и идеи | Българитъм,GOOD,Червени рокли,Червени рокли,GOOD,"Червени рокли: сравни нюанса, кройката и размерите в предложенията от български брандове. Ориентирай се по състав, силует и таблица с размери.","Червени рокли: сравни нюанса, кройката и размерите в предложенията от български брандове. Ориентирай се по състав, силует и таблица с размери.",GOOD,"При червени рокли цветът е на преден план, но силуетът, материята и детайлите остават също толкова важни. При червени рокли провери размерите, точния състав и указанията за поддръжка в информацията от бранда.",,GOOD,1,4,2,EMPTY,0,0,0,/chervena-roklya/,Начало > Качествени български дрехи > Български дамски дрехи,0,NO INCOMING ANCHOR,CONSISTENT,,WAIT,WAIT FOR CATALOGUE,Do not enrich copy before catalogue expansion
/damska-lenena-riza/,intent,1,дамска ленена риза,дамски ленени ризи | ленена риза дамска | ленени дамски ризи | ленени ризи дамски | дамски ленени ризи онлайн,"SEMANTIC TARGET — URL, taxonomy, current SEO definition and generated catalogue; no local GSC/search-volume export",material,Дамски ленени ризи – модели и идеи | Българитъм,Дамски ленени ризи – модели и идеи | Българитъм,GOOD,Дамски ленени ризи,Дамски ленени ризи,GOOD,"Дамски ленени ризи: сравни състава, кройката и размерите в предложенията от български брандове. Провери материята, размерите и указанията за поддръжка.","Дамски ленени ризи: сравни състава, кройката и размерите в предложенията от български брандове. Провери материята, размерите и указанията за поддръжка.",GOOD,"При дамски ленени ризи съставът има значение наред с кройката и начина на носене. При дамски ленени ризи провери размерите, точния състав и указанията за поддръжка в информацията от бранда.",,GOOD,1,3,2,STRONG,1,0,0,/damska-lenena-riza/,Начало > Качествени български дрехи > Български дамски дрехи,1,GOOD,CONSISTENT,,P3,THIN — CATALOGUE PRIORITY,
/damska-pizhama-pamuk/,intent,10,дамска пижама памук,дамска памучна пижама | дамски памучни пижами | памучни дамски пижами | дамски пижами памук | пижама дамска памук | памучна пижама дамска,"SEMANTIC TARGET — URL, taxonomy, current SEO definition and generated catalogue; no local GSC/search-volume export",material,Дамски памучни пижами – модели и идеи | Българитъм,Дамски памучни пижами – модели и идеи | Българитъм,GOOD,Дамски памучни пижами,Дамски памучни пижами,GOOD,"Дамски памучни пижами: сравни състава, кройката и размерите в предложенията от български брандове. Ориентирай се по състав, силует и таблица с размери.","Дамски памучни пижами: сравни състава, кройката и размерите в предложенията от български брандове. Ориентирай се по състав, силует и таблица с размери.",GOOD,"При дамски памучни пижами съставът има значение наред с кройката и начина на носене. При дамски памучни пижами провери размерите, точния състав и указанията за поддръжка в информацията от бранда.",,GOOD,1,3,2,STRONG,10,0,0,/damska-pizhama-pamuk/,Начало > Качествени български дрехи > Български дамски дрехи,43,GOOD,CONSISTENT,,P2,Optimize flagged fields; preserve the verified catalogue intent,
/damski-bluzi-s-dalag-rakav/,intent,0,дамски блузи с дълъг ръкав,блузи с дълъг ръкав дамски | български дамски блузи с дълъг ръкав,"SEMANTIC TARGET — URL, taxonomy, current SEO definition and generated catalogue; no local GSC/search-volume export",product type,Дамски блузи с дълъг ръкав – модели и идеи | Българитъм,Дамски блузи с дълъг ръкав – модели и идеи | Българитъм,GOOD,Дамски блузи с дълъг ръкав,Дамски блузи с дълъг ръкав,GOOD,"Дамски блузи с дълъг ръкав: сравни кройката и размерите в предложенията от български брандове. Провери материята, размерите и указанията за поддръжка.","Дамски блузи с дълъг ръкав: сравни кройката и размерите в предложенията от български брандове. Провери материята, размерите и указанията за поддръжка.",GOOD,"При дамски блузи с дълъг ръкав можеш да сравниш блузи според кройката, материята и повода. При дамски блузи с дълъг ръкав провери размерите, точния състав и указанията за поддръжка в информацията от бранда.",,GOOD,1,4,2,EMPTY,0,0,0,/damski-bluzi-s-dalag-rakav/,Начало > Качествени български дрехи > Български дамски дрехи,0,NO INCOMING ANCHOR,CONSISTENT,,WAIT,WAIT FOR CATALOGUE,Do not enrich copy before catalogue expansion
/damski-bluzi-s-kas-rakav/,intent,0,дамски блузи с къс ръкав,блузи с къс ръкав дамски | дамска блуза с къс ръкав | български дамски блузи с къс ръкав,"SEMANTIC TARGET — URL, taxonomy, current SEO definition and generated catalogue; no local GSC/search-volume export",product type,Дамски блузи с къс ръкав – модели и идеи | Българитъм,Дамски блузи с къс ръкав – модели и идеи | Българитъм,GOOD,Дамски блузи с къс ръкав,Дамски блузи с къс ръкав,GOOD,"Дамски блузи с къс ръкав: сравни кройката и размерите в предложенията от български брандове. Сравни моделите по материя, кройка, размер и предназначение.","Дамски блузи с къс ръкав: сравни кройката и размерите в предложенията от български брандове. Сравни моделите по материя, кройка, размер и предназначение.",GOOD,"При дамски блузи с къс ръкав можеш да сравниш блузи според кройката, материята и повода. При дамски блузи с къс ръкав провери размерите, точния състав и указанията за поддръжка в информацията от бранда.",,GOOD,1,4,2,EMPTY,0,0,0,/damski-bluzi-s-kas-rakav/,Начало > Качествени български дрехи > Български дамски дрехи,0,NO INCOMING ANCHOR,CONSISTENT,,WAIT,WAIT FOR CATALOGUE,Do not enrich copy before catalogue expansion
/damski-rokli-s-dalag-rakav/,intent,0,дамски рокли с дълъг ръкав,дамски дълги рокли с дълъг ръкав,"SEMANTIC TARGET — URL, taxonomy, current SEO definition and generated catalogue; no local GSC/search-volume export",product type,Дамски рокли с дълъг ръкав – модели и идеи | Българитъм,Дамски рокли с дълъг ръкав – модели и идеи | Българитъм,GOOD,Дамски рокли с дълъг ръкав,Дамски рокли с дълъг ръкав,GOOD,"Дамски рокли с дълъг ръкав: сравни кройката и размерите в предложенията от български брандове. Ориентирай се по състав, силует и таблица с размери.","Дамски рокли с дълъг ръкав: сравни кройката и размерите в предложенията от български брандове. Ориентирай се по състав, силует и таблица с размери.",GOOD,"При дамски рокли с дълъг ръкав можеш да сравниш рокли според кройката, материята и повода. При дамски рокли с дълъг ръкав провери размерите, точния състав и указанията за поддръжка в информацията от бранда.",,GOOD,1,4,2,EMPTY,0,0,0,/damski-rokli-s-dalag-rakav/,Начало > Качествени български дрехи > Български дамски дрехи,0,NO INCOMING ANCHOR,CONSISTENT,,WAIT,WAIT FOR CATALOGUE,Do not enrich copy before catalogue expansion
/damski-rokli-s-kas-rakav/,intent,0,дамски рокли с къс ръкав,дамска рокля с къс ръкав,"SEMANTIC TARGET — URL, taxonomy, current SEO definition and generated catalogue; no local GSC/search-volume export",product type,Дамски рокли с къс ръкав – модели и идеи | Българитъм,Дамски рокли с къс ръкав – модели и идеи | Българитъм,GOOD,Дамски рокли с къс ръкав,Дамски рокли с къс ръкав,GOOD,"Дамски рокли с къс ръкав: сравни кройката и размерите в предложенията от български брандове. Съпостави кройките, материите и начина на носене.","Дамски рокли с къс ръкав: сравни кройката и размерите в предложенията от български брандове. Съпостави кройките, материите и начина на носене.",GOOD,"При дамски рокли с къс ръкав можеш да сравниш рокли според кройката, материята и повода. При дамски рокли с къс ръкав провери размерите, точния състав и указанията за поддръжка в информацията от бранда.",,GOOD,1,4,2,EMPTY,0,0,0,/damski-rokli-s-kas-rakav/,Начало > Качествени български дрехи > Български дамски дрехи,0,NO INCOMING ANCHOR,CONSISTENT,,WAIT,WAIT FOR CATALOGUE,Do not enrich copy before catalogue expansion
/dankova-roklya/,intent,1,дънкова рокля,дънкови рокли | дънкови рокли онлайн | български дънкови рокли,"SEMANTIC TARGET — URL, taxonomy, current SEO definition and generated catalogue; no local GSC/search-volume export",material,Дънкови рокли – модели и идеи | Българитъм,Дънкови рокли – модели и идеи | Българитъм,GOOD,Дънкови рокли,Дънкови рокли,GOOD,"Дънкови рокли: сравни състава, кройката и размерите в предложенията от български брандове. Ориентирай се по състав, силует и таблица с размери.","Дънкови рокли: сравни състава, кройката и размерите в предложенията от български брандове. Ориентирай се по състав, силует и таблица с размери.",GOOD,"При дънкови рокли съставът има значение наред с кройката и начина на носене. При дънкови рокли провери размерите, точния състав и указанията за поддръжка в информацията от бранда.",,GOOD,1,3,2,STRONG,1,0,0,/dankova-roklya/,Начало > Качествени български дрехи > Български дамски дрехи,1,GOOD,CONSISTENT,,P3,THIN — CATALOGUE PRIORITY,
/esenni-rokli/,intent,0,есенни рокли,,"SEMANTIC TARGET — URL, taxonomy, current SEO definition and generated catalogue; no local GSC/search-volume export",product type,Есенни рокли – модели и идеи | Българитъм,Есенни рокли – модели и идеи | Българитъм,GOOD,Есенни рокли,Есенни рокли,GOOD,"Есенни рокли: сравни сезонността, кройката и размерите в предложенията от български брандове. Провери материята, размерите и указанията за поддръжка.","Есенни рокли: сравни сезонността, кройката и размерите в предложенията от български брандове. Провери материята, размерите и указанията за поддръжка.",GOOD,"При есенни рокли сезонът насочва към подходящи материи и различни начини на комбиниране. При есенни рокли провери размерите, точния състав и указанията за поддръжка в информацията от бранда.",,GOOD,1,4,2,EMPTY,0,0,0,/esenni-rokli/,Начало > Качествени български дрехи > Български дамски дрехи,0,NO INCOMING ANCHOR,CONSISTENT,,WAIT,WAIT FOR CATALOGUE,Do not enrich copy before catalogue expansion
/godezhen-prasten-s-diamant/,intent,0,годежен пръстен с диамант,годежни пръстени с диамант | годежен пръстен диамант | диамантен годежен пръстен | диамантени годежни пръстени,"SEMANTIC TARGET — URL, taxonomy, current SEO definition and generated catalogue; no local GSC/search-volume export",material,Годежни пръстени с диамант – материал и детайли | Българитъм,Годежни пръстени с диамант – материал и детайли | Българитъм,GOOD,Годежни пръстени с диамант,Годежни пръстени с диамант,GOOD,"Годежни пръстени с диамант: сравни пръстени, камъка диамант, детайла годежен, размера и закопчаването в информацията от бранда.","Годежни пръстени с диамант: сравни пръстени, камъка диамант, детайла годежен, размера и закопчаването в информацията от бранда.",GOOD,"При годежни пръстени с диамант диамант е водещият камък, а материалът и обковът допълват избора. Преди избор на годежни пръстени с диамант провери точния материал, размерите и начина на поддръжка, посочени за конкретното бижу.",,GOOD,1,4,2,EMPTY,0,0,0,/godezhen-prasten-s-diamant/,Начало > Аксесоари > Български бижута,0,NO INCOMING ANCHOR,CONSISTENT,,WAIT,WAIT FOR CATALOGUE,Do not enrich copy before catalogue expansion
/godezhni-prasteni/,intent,2,годежни пръстени,пръстен годежен | пръстени за годеж | годеж и пръстени,"SEMANTIC TARGET — URL, taxonomy, current SEO definition and generated catalogue; no local GSC/search-volume export",product type,Годежни пръстени – материал и детайли | Българитъм,Годежни пръстени – материал и детайли | Българитъм,GOOD,Годежни пръстени,Годежни пръстени,GOOD,"Годежни пръстени: сравни пръстени, детайла годежен, размера и закопчаването в информацията от бранда.","При годежни пръстени детайлът годежен определя темата, но материалът и конструкцията остават важни. Преди избор на годежни пръстени провери точния материал.",SHORT,"При годежни пръстени детайлът годежен определя темата, но материалът и конструкцията остават важни. Преди избор на годежни пръстени провери точния материал, размерите и начина на поддръжка, посочени за конкретното бижу.",,GOOD,1,3,2,STRONG,2,0,0,/godezhni-prasteni/,Начало > Аксесоари > Български бижута,2,GOOD,CONSISTENT,,P3,THIN — CATALOGUE PRIORITY,
/grivna-cherven-konets/,intent,0,гривна червен конец,гривни с червен конец | червен конец гривна | гривна от червен конец | червен конец за гривни | гривнички с червен конец,"SEMANTIC TARGET — URL, taxonomy, current SEO definition and generated catalogue; no local GSC/search-volume export",product type,Гривни с червен конец – материал и детайли | Българитъм,Гривни с червен конец – материал и детайли | Българитъм,GOOD,Гривни с червен конец,Гривни с червен конец,GOOD,"Гривни с червен конец: сравни гривни, детайла червен конец, размера и закопчаването в информацията от бранда.","Гривни с червен конец: сравни гривни, детайла червен конец, размера и закопчаването в информацията от бранда.",SHORT,"При гривни с червен конец детайлът червен конец определя темата, но материалът и конструкцията остават важни. Преди избор на гривни с червен конец провери точния материал, размерите и начина на поддръжка, посочени за конкретното бижу.",,GOOD,1,4,2,EMPTY,0,0,0,/grivna-cherven-konets/,Начало > Аксесоари > Български бижута,0,NO INCOMING ANCHOR,CONSISTENT,,WAIT,WAIT FOR CATALOGUE,Do not enrich copy before catalogue expansion
/grivna-s-bukva/,intent,0,гривна с буква,гривнички с буква,"SEMANTIC TARGET — URL, taxonomy, current SEO definition and generated catalogue; no local GSC/search-volume export",product type,Гривни с буква – материал и детайли | Българитъм,Гривни с буква – материал и детайли | Българитъм,GOOD,Гривни с буква,Гривни с буква,GOOD,"Гривни с буква: сравни гривни, детайла буква, размера и закопчаването в информацията от бранда. Съпостави изработката, размерите и важните детайли.","Гривни с буква: сравни гривни, детайла буква, размера и закопчаването в информацията от бранда. Съпостави изработката, размерите и важните детайли.",GOOD,"При гривни с буква детайлът буква определя темата, но материалът и конструкцията остават важни. Преди избор на гривни с буква провери точния материал, размерите и начина на поддръжка, посочени за конкретното бижу.",,GOOD,1,4,2,EMPTY,0,0,0,/grivna-s-bukva/,Начало > Аксесоари > Български бижута,0,NO INCOMING ANCHOR,CONSISTENT,,WAIT,WAIT FOR CATALOGUE,Do not enrich copy before catalogue expansion
/grivna-s-ime/,intent,0,гривна с име,,"SEMANTIC TARGET — URL, taxonomy, current SEO definition and generated catalogue; no local GSC/search-volume export",product type,Гривни с име – материал и детайли | Българитъм,Гривни с име – материал и детайли | Българитъм,GOOD,Гривни с име,Гривни с име,GOOD,"Гривни с име: сравни гривни, детайла име, размера и закопчаването в информацията от бранда. Провери материала, размерите и начина на закопчаване.","Гривни с име: сравни гривни, детайла име, размера и закопчаването в информацията от бранда. Провери материала, размерите и начина на закопчаване.",GOOD,"При гривни с име детайлът име определя темата, но материалът и конструкцията остават важни. Преди избор на гривни с име провери точния материал, размерите и начина на поддръжка, посочени за конкретното бижу.",,GOOD,1,4,2,EMPTY,0,0,0,/grivna-s-ime/,Начало > Аксесоари > Български бижута,0,NO INCOMING ANCHOR,CONSISTENT,,WAIT,WAIT FOR CATALOGUE,Do not enrich copy before catalogue expansion
/grivna-s-krast/,intent,0,гривна с кръст,гривна кръст,"SEMANTIC TARGET — URL, taxonomy, current SEO definition and generated catalogue; no local GSC/search-volume export",product type,Гривни с кръст – материал и детайли | Българитъм,Гривни с кръст – материал и детайли | Българитъм,GOOD,Гривни с кръст,Гривни с кръст,GOOD,"Гривни с кръст: сравни гривни, детайла кръст, размера и закопчаването в информацията от бранда. Съпостави изработката, размерите и важните детайли.","Гривни с кръст: сравни гривни, детайла кръст, размера и закопчаването в информацията от бранда. Съпостави изработката, размерите и важните детайли.",GOOD,"При гривни с кръст детайлът кръст определя темата, но материалът и конструкцията остават важни. Преди избор на гривни с кръст провери точния материал, размерите и начина на поддръжка, посочени за конкретното бижу.",,GOOD,1,4,2,EMPTY,0,0,0,/grivna-s-krast/,Начало > Аксесоари > Български бижута,0,NO INCOMING ANCHOR,CONSISTENT,,WAIT,WAIT FOR CATALOGUE,Do not enrich copy before catalogue expansion
/grivna-srebro/,intent,1,гривни от сребро,сребро гривна,"SEMANTIC TARGET — URL, taxonomy, current SEO definition and generated catalogue; no local GSC/search-volume export",material,Гривни от сребро – материал и детайли | Българитъм,Гривни от сребро – материал и детайли | Българитъм,GOOD,Гривни от сребро,Гривни от сребро,GOOD,"Гривни от сребро: сравни гривни, материала сребро, размера и закопчаването в информацията от бранда.","При гривни от сребро материалът сребро е отправната точка, следвана от формата, размера и покритието.",SHORT,"При гривни от сребро материалът сребро е отправната точка, следвана от формата, размера и покритието. Преди избор на гривни от сребро провери точния материал, размерите и начина на поддръжка, посочени за конкретното бижу.",,GOOD,1,3,2,STRONG,1,0,0,/grivna-srebro/,Начало > Аксесоари > Български бижута,1,GOOD,CONSISTENT,,P3,THIN — CATALOGUE PRIORITY,
/grivni-ot-meditsinska-stomana/,intent,0,гривни от медицинска стомана,,"SEMANTIC TARGET — URL, taxonomy, current SEO definition and generated catalogue; no local GSC/search-volume export",material,Гривни от медицинска стомана | Българитъм,Гривни от медицинска стомана | Българитъм,GOOD,Гривни от медицинска стомана,Гривни от медицинска стомана,GOOD,"Гривни от медицинска стомана: сравни гривни, материала медицинска стомана, размера и закопчаването в информацията от бранда.","Гривни от медицинска стомана: сравни гривни, материала медицинска стомана, размера и закопчаването в информацията от бранда.",GOOD,"При гривни от медицинска стомана материалът медицинска стомана е отправната точка, следвана от формата, размера и покритието. Преди избор на гривни от медицинска стомана провери точния материал, размерите и начина на поддръжка, посочени за конкретното бижу.",,GOOD,1,4,2,EMPTY,0,0,0,/grivni-ot-meditsinska-stomana/,Начало > Аксесоари > Български бижута,0,NO INCOMING ANCHOR,CONSISTENT,,WAIT,WAIT FOR CATALOGUE,Do not enrich copy before catalogue expansion
/hematit-grivna/,intent,0,хематит гривна,гривна хематит | гривна от хематит,"SEMANTIC TARGET — URL, taxonomy, current SEO definition and generated catalogue; no local GSC/search-volume export",material,Гривни с хематит – материал и детайли | Българитъм,Гривни с хематит – материал и детайли | Българитъм,GOOD,Гривни с хематит,Гривни с хематит,GOOD,"Гривни с хематит: сравни гривни, камъка хематит, размера и закопчаването в информацията от бранда. Ориентирай се по вид бижу, материал, камък и размер.","Гривни с хематит: сравни гривни, камъка хематит, размера и закопчаването в информацията от бранда. Ориентирай се по вид бижу, материал, камък и размер.",GOOD,"При гривни с хематит хематит е водещият камък, а материалът и обковът допълват избора. Преди избор на гривни с хематит провери точния материал, размерите и начина на поддръжка, посочени за конкретното бижу.",,GOOD,1,4,2,EMPTY,0,0,0,/hematit-grivna/,Начало > Аксесоари > Български бижута,0,NO INCOMING ANCHOR,CONSISTENT,,WAIT,WAIT FOR CATALOGUE,Do not enrich copy before catalogue expansion
/k/aksesoari-za-domashni-lyubimci/,subcategory,0,Аксесоари,аксесоари за домашни любимци | pet accessories,"SEMANTIC TARGET — URL, taxonomy, current SEO definition and generated catalogue; no local GSC/search-volume export",subcategory,Аксесоари | Домашни любимци | Българитъм,Аксесоари | Домашни любимци | Българитъм,GOOD,Аксесоари,Аксесоари,DUPLICATE,Открий аксесоари в домашни любимци от български марки в Българитъм. Подбрани продукти и по-лесно откриване.,Открий аксесоари в домашни любимци от български марки в Българитъм. Подбрани продукти и по-лесно откриване.,SHORT,"Открий аксесоари от български марки и разгледай подбрани продукти на едно място. Сравнявай предложенията спокойно, запазвай любимите си находки и се връщай към тях по-късно.",,GOOD,1,3,0,EMPTY,0,0,0,/k/aksesoari-za-domashni-lyubimci/,Начало > Домашни любимци,0,NO INCOMING ANCHOR,CONSISTENT,/k/aksesoari-za-domashni-lyubimci/ | /k/aksesoari/,WAIT,WAIT FOR CATALOGUE,Do not enrich copy before catalogue expansion
/k/aksesoari/,category,79,Аксесоари,бижута,"SEMANTIC TARGET — URL, taxonomy, current SEO definition and generated catalogue; no local GSC/search-volume export",category,Аксесоари | Български продукти | Българитъм,Аксесоари | Български продукти | Българитъм,GOOD,Аксесоари,Аксесоари,DUPLICATE,"Открий аксесоари от български марки в Българитъм. Подбрани продукти, ясна структура и по-лесно откриване.","Аксесоари от български марки: бижута, чанти, колани и модели за различни стилове. Сравни материалите и детайлите в информацията от бранда.",SHORT,"Открий аксесоари от български марки, подредени така, че да стигаш по-бързо до точните продукти и брандове. Тази страница събира внимателно подбрани находки в аксесоари и прави разглеждането по-ясно, спокойно и смислено.",,GOOD,1,2,0,STRONG,79,0,0,/k/aksesoari/,Начало,923,GOOD,CONSISTENT,/k/aksesoari-za-domashni-lyubimci/ | /k/aksesoari/,P1,Optimize flagged fields; preserve the verified catalogue intent,
/k/banya/,subcategory,0,Баня,,"SEMANTIC TARGET — URL, taxonomy, current SEO definition and generated catalogue; no local GSC/search-volume export",subcategory,Баня | Дом и интериор | Българитъм,Баня | Дом и интериор | Българитъм,GOOD,Баня,Баня,GOOD,Открий баня в дом и интериор от български марки в Българитъм. Подбрани продукти и по-лесно откриване.,Открий баня в дом и интериор от български марки в Българитъм. Подбрани продукти и по-лесно откриване.,SHORT,"Открий баня от български марки и разгледай подбрани продукти на едно място. Сравнявай предложенията спокойно, запазвай любимите си находки и се връщай към тях по-късно.",,GOOD,1,3,0,EMPTY,0,0,0,/k/banya/,Начало > Дом и интериор,0,NO INCOMING ANCHOR,CONSISTENT,,WAIT,WAIT FOR CATALOGUE,Do not enrich copy before catalogue expansion
/k/belio/,subcategory,0,българско бельо,бельо,"SEMANTIC TARGET — URL, taxonomy, current SEO definition and generated catalogue; no local GSC/search-volume export",subcategory,Българско бельо – модели и идеи | Българитъм,Българско бельо – модели и идеи | Българитъм,GOOD,Българско бельо,Българско бельо,GOOD,"Българско бельо: сравни кройката и размерите в предложенията от български брандове. Съпостави кройките, материите и начина на носене. Провери ги при","Българско бельо: сравни кройката и размерите в предложенията от български брандове. Съпостави кройките, материите и начина на носене. Провери ги при",GOOD,"При българско бельо можеш да сравниш облекло според кройката, материята и повода. При българско бельо провери размерите, точния състав и указанията за поддръжка в информацията от бранда.",,GOOD,1,4,2,EMPTY,0,0,0,/k/belio/,Начало > Качествени български дрехи,3,GOOD,CONSISTENT,,WAIT,WAIT FOR CATALOGUE,Do not enrich copy before catalogue expansion
/k/bijuta/,subcategory,36,български бижута,бижута | сребърни бижута,"SEMANTIC TARGET — URL, taxonomy, current SEO definition and generated catalogue; no local GSC/search-volume export",subcategory,Български бижута – материал и детайли | Българитъм,Български бижута – материал и детайли | Българитъм,GOOD,Български бижута,Български бижута,GOOD,"Български бижута: сравни размера и закопчаването в информацията от бранда. Съпостави изработката, размерите и важните детайли. Провери ги при бранда.","Български бижута: сравни размера и закопчаването в информацията от бранда. Съпостави изработката, размерите и важните детайли. Провери ги при бранда.",GOOD,"При български бижута сравни материала, формата, размера и начина на закопчаване. Преди избор на български бижута провери точния материал, размерите и начина на поддръжка, посочени за конкретното бижу.",,GOOD,1,3,2,STRONG,36,0,0,/k/bijuta/,Начало > Аксесоари,923,GOOD,CONSISTENT,,P2,Optimize flagged fields; preserve the verified catalogue intent,
/k/chai-i-bilki/,subcategory,0,Чай и билки,чай | билки,"SEMANTIC TARGET — URL, taxonomy, current SEO definition and generated catalogue; no local GSC/search-volume export",subcategory,Чай и билки | Здраве и грижа | Българитъм,Чай и билки | Здраве и грижа | Българитъм,GOOD,Чай и билки,Чай и билки,GOOD,Открий чай и билки в здраве и грижа от български марки в Българитъм. Подбрани продукти и по-лесно откриване.,Открий чай и билки в здраве и грижа от български марки в Българитъм. Подбрани продукти и по-лесно откриване.,SHORT,"Открий чай и билки от български марки и разгледай подбрани продукти на едно място. Сравнявай предложенията спокойно, запазвай любимите си находки и се връщай към тях по-късно.",,GOOD,1,3,0,EMPTY,0,0,0,/k/chai-i-bilki/,Начало > Здраве и грижа,0,NO INCOMING ANCHOR,CONSISTENT,,WAIT,WAIT FOR CATALOGUE,Do not enrich copy before catalogue expansion
/k/chanti/,subcategory,7,Чанти,чанта,"SEMANTIC TARGET — URL, taxonomy, current SEO definition and generated catalogue; no local GSC/search-volume export",subcategory,Чанти | Аксесоари | Българитъм,Чанти | Аксесоари | Българитъм,GOOD,Чанти,Чанти,GOOD,Открий чанти в аксесоари от български марки в Българитъм. Подбрани продукти и по-лесно откриване. Съпостави вариантите според нуждата и употребата.,Открий чанти в аксесоари от български марки в Българитъм. Подбрани продукти и по-лесно откриване. Съпостави вариантите според нуждата и употребата.,GOOD,"Открий чанти от български марки и разгледай подбрани продукти на едно място. Сравнявай предложенията спокойно, запазвай любимите си находки и се връщай към тях по-късно.",,GOOD,1,2,0,STRONG,7,0,0,/k/chanti/,Начало > Аксесоари,67,GOOD,CONSISTENT,,P2,Optimize flagged fields; preserve the verified catalogue intent,
/k/damsko-obleklo/,subcategory,150,български дамски дрехи,дамско облекло | дамско,"SEMANTIC TARGET — URL, taxonomy, current SEO definition and generated catalogue; no local GSC/search-volume export",subcategory,Български дамски дрехи от локални марки | Българитъм,Български дамски дрехи от локални марки | Българитъм,GOOD,Български дамски дрехи,Български дамски дрехи,GOOD,"Разгледай български дамски дрехи от локални марки – рокли, спортни екипи, пижами и други модели. Сравни моделите по материя, кройка, размер и","Разгледай български дамски дрехи от локални марки – рокли, спортни екипи, пижами и други модели. Сравни моделите по материя, кройка, размер и",GOOD,"Български дамски дрехи от локални марки са събрани на едно място за по-лесно разглеждане по вид продукт и стил. Открий рокли, спортни екипи, пижами и други предложения за дамско облекло.",,GOOD,1,3,2,STRONG,150,0,0,/k/damsko-obleklo/,Начало > Качествени български дрехи,237,GOOD,CONSISTENT,,P2,Optimize flagged fields; preserve the verified catalogue intent,
/k/deca/,category,49,Деца,за деца | дете,"SEMANTIC TARGET — URL, taxonomy, current SEO definition and generated catalogue; no local GSC/search-volume export",category,Деца | Български продукти | Българитъм,Деца | Български продукти | Българитъм,GOOD,Деца,Деца,GOOD,"Открий деца от български марки в Българитъм. Подбрани продукти, ясна структура и по-лесно откриване.","Продукти за деца от български марки: облекло, играчки, книги и предложения за ежедневието. Сравни възрастта, материалите и данните от бранда.",SHORT,"Открий деца от български марки, подредени така, че да стигаш по-бързо до точните продукти и брандове. Тази страница събира внимателно подбрани находки в деца и прави разглеждането по-ясно, спокойно и смислено.",,GOOD,1,2,0,STRONG,49,0,0,/k/deca/,Начало,72,GOOD,CONSISTENT,,P1,Optimize flagged fields; preserve the verified catalogue intent,
/k/dekoraciq-za-doma/,subcategory,15,Декор,декорация за дома,"SEMANTIC TARGET — URL, taxonomy, current SEO definition and generated catalogue; no local GSC/search-volume export",subcategory,Декор | Дом и интериор | Българитъм,Декор | Дом и интериор | Българитъм,GOOD,Декор,Декор,GOOD,Открий декор в дом и интериор от български марки в Българитъм. Подбрани продукти и по-лесно откриване.,"Декор за дома от български марки: авторски акценти, картини и предмети за интериора. Сравни размерите, материалите и детайлите при бранда.",SHORT,"Открий декор от български марки и разгледай подбрани продукти на едно място. Сравнявай предложенията спокойно, запазвай любимите си находки и се връщай към тях по-късно.",,GOOD,1,2,0,STRONG,15,0,0,/k/dekoraciq-za-doma/,Начало > Дом и интериор,30,GOOD,CONSISTENT,,P1,Optimize flagged fields; preserve the verified catalogue intent,
/k/detski-igrachki/,subcategory,9,Играчки,детски играчки,"SEMANTIC TARGET — URL, taxonomy, current SEO definition and generated catalogue; no local GSC/search-volume export",subcategory,Играчки | Деца | Българитъм,Играчки | Деца | Българитъм,GOOD,Играчки,Играчки,GOOD,Открий играчки в деца от български марки в Българитъм. Подбрани продукти и по-лесно откриване. Съпостави вариантите според нуждата и употребата.,Открий играчки в деца от български марки в Българитъм. Подбрани продукти и по-лесно откриване. Съпостави вариантите според нуждата и употребата.,GOOD,"Открий играчки от български марки и разгледай подбрани продукти на едно място. Сравнявай предложенията спокойно, запазвай любимите си находки и се връщай към тях по-късно.",,GOOD,1,2,0,STRONG,9,0,0,/k/detski-igrachki/,Начало > Деца,21,GOOD,CONSISTENT,,P2,Optimize flagged fields; preserve the verified catalogue intent,
/k/detski-knigi/,subcategory,0,Детски книги,книги за деца,"SEMANTIC TARGET — URL, taxonomy, current SEO definition and generated catalogue; no local GSC/search-volume export",subcategory,Детски книги | Деца | Българитъм,Детски книги | Деца | Българитъм,GOOD,Детски книги,Детски книги,GOOD,Открий детски книги в деца от български марки в Българитъм. Подбрани продукти и по-лесно откриване. Съпостави вариантите според нуждата и употребата.,Открий детски книги в деца от български марки в Българитъм. Подбрани продукти и по-лесно откриване. Съпостави вариантите според нуждата и употребата.,GOOD,"Открий детски книги от български марки и разгледай подбрани продукти на едно място. Сравнявай предложенията спокойно, запазвай любимите си находки и се връщай към тях по-късно.",,GOOD,1,3,0,EMPTY,0,0,0,/k/detski-knigi/,Начало > Деца,0,NO INCOMING ANCHOR,CONSISTENT,,WAIT,WAIT FOR CATALOGUE,Do not enrich copy before catalogue expansion
/k/detski-mebeli-i-tekstil/,subcategory,0,Детски мебели и текстил,детски мебели | детски текстил,"SEMANTIC TARGET — URL, taxonomy, current SEO definition and generated catalogue; no local GSC/search-volume export",subcategory,Детски мебели и текстил | Деца | Българитъм,Детски мебели и текстил | Деца | Българитъм,GOOD,Детски мебели и текстил,Детски мебели и текстил,GOOD,Открий детски мебели и текстил в деца от български марки в Българитъм. Подбрани продукти и по-лесно откриване.,Открий детски мебели и текстил в деца от български марки в Българитъм. Подбрани продукти и по-лесно откриване.,GOOD,"Открий детски мебели и текстил от български марки и разгледай подбрани продукти на едно място. Сравнявай предложенията спокойно, запазвай любимите си находки и се връщай към тях по-късно.",,GOOD,1,3,0,EMPTY,0,0,0,/k/detski-mebeli-i-tekstil/,Начало > Деца,0,NO INCOMING ANCHOR,CONSISTENT,,WAIT,WAIT FOR CATALOGUE,Do not enrich copy before catalogue expansion
/k/detsko-obleklo/,subcategory,8,Облекло,детско облекло | облекло за деца | детско,"SEMANTIC TARGET — URL, taxonomy, current SEO definition and generated catalogue; no local GSC/search-volume export",subcategory,Облекло | Деца | Българитъм,Облекло | Деца | Българитъм,GOOD,Облекло,Облекло,GOOD,Открий облекло в деца от български марки в Българитъм. Подбрани продукти и по-лесно откриване. Съпостави вариантите според нуждата и употребата.,Открий облекло в деца от български марки в Българитъм. Подбрани продукти и по-лесно откриване. Съпостави вариантите според нуждата и употребата.,GOOD,"Открий облекло от български марки и разгледай подбрани продукти на едно място. Сравнявай предложенията спокойно, запазвай любимите си находки и се връщай към тях по-късно.",,GOOD,1,2,0,STRONG,8,0,0,/k/detsko-obleklo/,Начало > Деца,19,GOOD,CONSISTENT,,P2,Optimize flagged fields; preserve the verified catalogue intent,
/k/dobavki-i-ekstrakti/,subcategory,13,Добавки и екстракти,добавки | екстракти | витамини | имунитет,"SEMANTIC TARGET — URL, taxonomy, current SEO definition and generated catalogue; no local GSC/search-volume export",subcategory,Добавки и екстракти | Здраве и грижа | Българитъм,Добавки и екстракти | Здраве и грижа | Българитъм,GOOD,Добавки и екстракти,Добавки и екстракти,GOOD,Открий добавки и екстракти в здраве и грижа от български марки в Българитъм. Подбрани продукти и по-лесно откриване.,Открий добавки и екстракти в здраве и грижа от български марки в Българитъм. Подбрани продукти и по-лесно откриване.,GOOD,"Открий добавки и екстракти от български марки и разгледай подбрани продукти на едно място. Сравнявай предложенията спокойно, запазвай любимите си находки и се връщай към тях по-късно.",,GOOD,1,2,0,STRONG,13,0,0,/k/dobavki-i-ekstrakti/,Начало > Здраве и грижа,22,GOOD,CONSISTENT,,P2,Optimize flagged fields; preserve the verified catalogue intent,
/k/domashen-tekstil/,subcategory,13,български домашен текстил,домашен текстил | текстил за дома,"SEMANTIC TARGET — URL, taxonomy, current SEO definition and generated catalogue; no local GSC/search-volume export",subcategory,Български домашен текстил – за дома | Българитъм,Български домашен текстил – за дома | Българитъм,GOOD,Български домашен текстил,Български домашен текстил,GOOD,"Български домашен текстил: сравни предназначението, материалите, размерите и информацията за употреба в предложенията от български брандове.","Български домашен текстил: сравни предназначението, материалите, размерите и информацията за употреба в предложенията от български брандове.",GOOD,"При български домашен текстил можеш да се ориентираш сред домашен текстил според предназначението и изрично посочените характеристики. За български домашен текстил провери конкретните размери, материали и начин на употреба в информацията от бранда.",,GOOD,1,3,2,STRONG,13,0,0,/k/domashen-tekstil/,Начало > Дом и интериор,25,GOOD,CONSISTENT,,P2,Optimize flagged fields; preserve the verified catalogue intent,
/k/domashni-lyubimci/,category,7,Домашни любимци,любимци | pet | pets,"SEMANTIC TARGET — URL, taxonomy, current SEO definition and generated catalogue; no local GSC/search-volume export",category,Домашни любимци | Български продукти | Българитъм,Домашни любимци | Български продукти | Българитъм,GOOD,Домашни любимци,Домашни любимци,GOOD,"Открий домашни любимци от български марки в Българитъм. Подбрани продукти, ясна структура и по-лесно откриване.","Открий домашни любимци от български марки в Българитъм. Подбрани продукти, ясна структура и по-лесно откриване.",GOOD,"Открий домашни любимци от български марки, подредени така, че да стигаш по-бързо до точните продукти и брандове. Тази страница събира внимателно подбрани находки в домашни любимци и прави разглеждането по-ясно, спокойно и смислено.",,GOOD,1,2,0,STRONG,7,0,0,/k/domashni-lyubimci/,Начало,11,GOOD,CONSISTENT,,P2,Optimize flagged fields; preserve the verified catalogue intent,
/k/grim/,subcategory,2,български грим,грим,"SEMANTIC TARGET — URL, taxonomy, current SEO definition and generated catalogue; no local GSC/search-volume export",subcategory,Български грим от локални марки | Българитъм,Български грим от локални марки | Българитъм,GOOD,Български грим,Български грим,GOOD,Разгледай български грим от локални марки в Българитъм. Съпостави формулите според нуждата и своята рутина. Провери ги при бранда.,Разгледай български грим от локални марки в Българитъм. Съпостави формулите според нуждата и своята рутина. Провери ги при бранда.,GOOD,"Български грим от локални марки, подреден по текущите продуктови типове в каталога.",,GOOD,1,2,0,STRONG,2,0,0,/k/grim/,Начало > Българска козметика,21,GOOD,CONSISTENT,,P3,THIN — CATALOGUE PRIORITY,
/k/grizha-za-domashni-lyubimci/,subcategory,3,Всички продукти,грижа за домашни любимци | pet care,"SEMANTIC TARGET — URL, taxonomy, current SEO definition and generated catalogue; no local GSC/search-volume export",subcategory,Всички продукти | Домашни любимци | Българитъм,Всички продукти | Домашни любимци | Българитъм,GOOD,Всички продукти,Всички продукти,GOOD,Открий всички продукти в домашни любимци от български марки в Българитъм. Подбрани продукти и по-лесно откриване.,Открий всички продукти в домашни любимци от български марки в Българитъм. Подбрани продукти и по-лесно откриване.,GOOD,"Открий всички продукти от български марки и разгледай подбрани продукти на едно място. Сравнявай предложенията спокойно, запазвай любимите си находки и се връщай към тях по-късно.",,GOOD,1,2,0,STRONG,3,0,0,/k/grizha-za-domashni-lyubimci/,Начало > Домашни любимци,6,GOOD,CONSISTENT,,P3,IMPROVING — review the flagged on-page fields,
/k/hrana-i-napitki/,category,0,Храна и напитки,храна | напитки | food | drinks,"SEMANTIC TARGET — URL, taxonomy, current SEO definition and generated catalogue; no local GSC/search-volume export",category,Храна и напитки | Български продукти | Българитъм,Храна и напитки | Български продукти | Българитъм,GOOD,Храна и напитки,Храна и напитки,GOOD,"Открий храна и напитки от български марки в Българитъм. Подбрани продукти, ясна структура и по-лесно откриване.","Открий храна и напитки от български марки в Българитъм. Подбрани продукти, ясна структура и по-лесно откриване.",GOOD,"Открий храна и напитки от български марки, подредени така, че да стигаш по-бързо до точните продукти и брандове. Тази страница събира внимателно подбрани находки в храна и напитки и прави разглеждането по-ясно, спокойно и смислено.",,GOOD,1,3,0,EMPTY,0,0,0,/k/hrana-i-napitki/,Начало,4,GOOD,CONSISTENT,,WAIT,WAIT FOR CATALOGUE,Do not enrich copy before catalogue expansion
/k/igri/,subcategory,0,Игри,,"SEMANTIC TARGET — URL, taxonomy, current SEO definition and generated catalogue; no local GSC/search-volume export",subcategory,Игри | Забавление | Българитъм,Игри | Забавление | Българитъм,GOOD,Игри,Игри,GOOD,Открий игри в забавление от български марки в Българитъм. Подбрани продукти и по-лесно откриване. Съпостави вариантите според нуждата и употребата.,Открий игри в забавление от български марки в Българитъм. Подбрани продукти и по-лесно откриване. Съпостави вариантите според нуждата и употребата.,GOOD,"Открий игри от български марки и разгледай подбрани продукти на едно място. Сравнявай предложенията спокойно, запазвай любимите си находки и се връщай към тях по-късно.",,GOOD,1,3,0,EMPTY,0,0,0,/k/igri/,Начало > Забавление,0,NO INCOMING ANCHOR,CONSISTENT,,WAIT,WAIT FOR CATALOGUE,Do not enrich copy before catalogue expansion
/k/knigi/,subcategory,0,Книги,,"SEMANTIC TARGET — URL, taxonomy, current SEO definition and generated catalogue; no local GSC/search-volume export",subcategory,Книги | Забавление | Българитъм,Книги | Забавление | Българитъм,GOOD,Книги,Книги,GOOD,"Открий книги в забавление от български марки в Българитъм. Подбрани продукти и по-лесно откриване. Провери материалите, особеностите и начина на","Открий книги в забавление от български марки в Българитъм. Подбрани продукти и по-лесно откриване. Провери материалите, особеностите и начина на",GOOD,"Открий книги от български марки и разгледай подбрани продукти на едно място. Сравнявай предложенията спокойно, запазвай любимите си находки и се връщай към тях по-късно.",,GOOD,1,3,0,EMPTY,0,0,0,/k/knigi/,Начало > Забавление,1,GOOD,CONSISTENT,,WAIT,WAIT FOR CATALOGUE,Do not enrich copy before catalogue expansion
/k/kolani/,subcategory,3,български колани,колани | колан,"SEMANTIC TARGET — URL, taxonomy, current SEO definition and generated catalogue; no local GSC/search-volume export",subcategory,Български колани от локални марки | Българитъм,Български колани от локални марки | Българитъм,GOOD,Български колани,Български колани,GOOD,"Разгледай български колани от локални марки и открий наличните модели на едно място. Провери материалите, особеностите и начина на използване.","Разгледай български колани от локални марки и открий наличните модели на едно място. Провери материалите, особеностите и начина на използване.",GOOD,Български колани от локални марки са събрани тук в една продуктова селекция. Разгледай наличните модели и използвай филтрите за по-точен избор.,,GOOD,1,2,0,STRONG,3,0,0,/k/kolani/,Начало > Аксесоари,63,GOOD,CONSISTENT,,P3,IMPROVING — review the flagged on-page fields,
/k/kozmetika-kosa/,subcategory,8,българска козметика за коса,козметика коса | коса,"SEMANTIC TARGET — URL, taxonomy, current SEO definition and generated catalogue; no local GSC/search-volume export",subcategory,Българска козметика за коса – грижа и състав | Българитъм,Българска козметика за коса – грижа и състав | Българитъм,GOOD,Българска козметика за коса,Българска козметика за коса,GOOD,"Българска козметика за коса: ориентирай се според грижа за косата. Провери съставките, типа грижа и указанията за употреба. Виж данните от бранда.","Българска козметика за коса: ориентирай се според грижа за косата. Провери съставките, типа грижа и указанията за употреба. Виж данните от бранда.",GOOD,"При българска козметика за коса изборът се насочва към грижа за косата. При българска козметика за коса прочети начина на употреба и пълния INCI списък на конкретния продукт, особено ако имаш чувствителност или установена кожна нужда.",,GOOD,1,3,2,STRONG,8,0,0,/k/kozmetika-kosa/,Начало > Българска козметика,30,GOOD,CONSISTENT,,P2,Optimize flagged fields; preserve the verified catalogue intent,
/k/kozmetika-lice/,subcategory,13,българска козметика за лице,козметика лице | лице,"SEMANTIC TARGET — URL, taxonomy, current SEO definition and generated catalogue; no local GSC/search-volume export",subcategory,Българска козметика за лице – грижа и състав | Българитъм,Българска козметика за лице – грижа и състав | Българитъм,GOOD,Българска козметика за лице,Българска козметика за лице,GOOD,"Българска козметика за лице: ориентирай се според грижа за лицето. Ориентирай се по нужда, формула и начин на използване. Данните са от бранда.","Българска козметика за лице: ориентирай се според грижа за лицето. Ориентирай се по нужда, формула и начин на използване. Данните са от бранда.",GOOD,"При българска козметика за лице изборът се насочва към грижа за лицето. При българска козметика за лице прочети начина на употреба и пълния INCI списък на конкретния продукт, особено ако имаш чувствителност или установена кожна нужда.",,GOOD,1,3,2,STRONG,13,0,0,/k/kozmetika-lice/,Начало > Българска козметика,37,GOOD,CONSISTENT,,P2,Optimize flagged fields; preserve the verified catalogue intent,
/k/kozmetika-tyalo/,subcategory,12,българска козметика за тяло,козметика тяло | тяло,"SEMANTIC TARGET — URL, taxonomy, current SEO definition and generated catalogue; no local GSC/search-volume export",subcategory,Българска козметика за тяло | Българитъм,Българска козметика за тяло | Българитъм,GOOD,Българска козметика за тяло,Българска козметика за тяло,GOOD,"Разгледай българска козметика за тяло от локални марки – сапуни, душ гелове, кремове и масла. Ориентирай се по нужда, формула и начин на използване.","Разгледай българска козметика за тяло от локални марки – сапуни, душ гелове, кремове и масла. Ориентирай се по нужда, формула и начин на използване.",GOOD,"Българска козметика за тяло от локални марки, подредена по вид продукт и предназначение.",,GOOD,1,2,0,STRONG,12,0,0,/k/kozmetika-tyalo/,Начало > Българска козметика,34,GOOD,CONSISTENT,,P2,Optimize flagged fields; preserve the verified catalogue intent,
/k/kozmetika-za-deca/,subcategory,0,Козметика за деца,козметика за бебе | детска козметика,"SEMANTIC TARGET — URL, taxonomy, current SEO definition and generated catalogue; no local GSC/search-volume export",subcategory,Козметика за деца | Деца | Българитъм,Козметика за деца | Деца | Българитъм,GOOD,Козметика за деца,Козметика за деца,GOOD,Открий козметика за деца в деца от български марки в Българитъм. Подбрани продукти и по-лесно откриване.,Открий козметика за деца в деца от български марки в Българитъм. Подбрани продукти и по-лесно откриване.,SHORT,"Открий козметика за деца от български марки и разгледай подбрани продукти на едно място. Сравнявай предложенията спокойно, запазвай любимите си находки и се връщай към тях по-късно.",,GOOD,1,3,0,EMPTY,0,0,0,/k/kozmetika-za-deca/,Начало > Деца,1,GOOD,CONSISTENT,,WAIT,WAIT FOR CATALOGUE,Do not enrich copy before catalogue expansion
/k/kozmetika-za-mazhe/,subcategory,0,За мъже,козметика за мъже,"SEMANTIC TARGET — URL, taxonomy, current SEO definition and generated catalogue; no local GSC/search-volume export",subcategory,За мъже | Козметика | Българитъм,За мъже | Козметика | Българитъм,GOOD,За мъже,За мъже,GOOD,"Открий за мъже в козметика от български марки в Българитъм. Подбрани продукти и по-лесно откриване. Ориентирай се по нужда, формула и начин на използване.","Открий за мъже в козметика от български марки в Българитъм. Подбрани продукти и по-лесно откриване. Ориентирай се по нужда, формула и начин на използване.",GOOD,"Открий за мъже от български марки и разгледай подбрани продукти на едно място. Сравнявай предложенията спокойно, запазвай любимите си находки и се връщай към тях по-късно.",,GOOD,1,3,0,EMPTY,0,0,0,/k/kozmetika-za-mazhe/,Начало > Българска козметика,0,NO INCOMING ANCHOR,CONSISTENT,,WAIT,WAIT FOR CATALOGUE,Do not enrich copy before catalogue expansion
/k/kozmetika/,category,44,Българска козметика,козметика,"SEMANTIC TARGET — URL, taxonomy, current SEO definition and generated catalogue; no local GSC/search-volume export",category,Българска козметика | Българитъм,Българска козметика | Българитъм,GOOD,Българска козметика,Българска козметика,GOOD,"Открий българска козметика за лице, тяло и коса от локални марки в Българитъм. Съпостави формулите според нуждата и своята рутина. Провери ги при бранда.","Открий българска козметика за лице, тяло и коса от локални марки в Българитъм. Съпостави формулите според нуждата и своята рутина. Провери ги при бранда.",GOOD,"Открий козметика от български марки, подредени така, че да стигаш по-бързо до точните продукти и брандове. Тази страница събира внимателно подбрани находки в козметика и прави разглеждането по-ясно, спокойно и смислено.",,GOOD,1,2,0,STRONG,44,0,0,/k/kozmetika/,Начало,923,GOOD,CONSISTENT,/bulgarska-bio-kozmetika/ | /k/kozmetika/,P1,Optimize flagged fields; preserve the verified catalogue intent,
/k/kuhnya/,subcategory,16,Кухня,,"SEMANTIC TARGET — URL, taxonomy, current SEO definition and generated catalogue; no local GSC/search-volume export",subcategory,Кухня | Дом и интериор | Българитъм,Кухня | Дом и интериор | Българитъм,GOOD,Кухня,Кухня,GOOD,Открий кухня в дом и интериор от български марки в Българитъм. Подбрани продукти и по-лесно откриване.,"Продукти за кухнята от български марки: практични принадлежности, текстил и идеи за дома. Сравни материалите и предназначението при бранда.",SHORT,"Открий кухня от български марки и разгледай подбрани продукти на едно място. Сравнявай предложенията спокойно, запазвай любимите си находки и се връщай към тях по-късно.",,GOOD,1,2,0,STRONG,16,0,0,/k/kuhnya/,Начало > Дом и интериор,29,GOOD,CONSISTENT,,P1,Optimize flagged fields; preserve the verified catalogue intent,
/k/mazhko-obleklo/,subcategory,38,български мъжки дрехи,мъжко облекло | мъжко,"SEMANTIC TARGET — URL, taxonomy, current SEO definition and generated catalogue; no local GSC/search-volume export",subcategory,Български мъжки дрехи от локални марки | Българитъм,Български мъжки дрехи от локални марки | Българитъм,GOOD,Български мъжки дрехи,Български мъжки дрехи,GOOD,"Разгледай български мъжки дрехи от локални марки – анцузи, пуловери, якета, пижами и други модели. Съпостави кройките, материите и начина на носене.","Разгледай български мъжки дрехи от локални марки – анцузи, пуловери, якета, пижами и други модели. Съпостави кройките, материите и начина на носене.",GOOD,"Български мъжки дрехи от локални марки са подредени тук по вид продукт за по-лесно откриване. Разгледай анцузи, пуловери, якета, пижами и други предложения за мъжко облекло.",,GOOD,1,3,2,STRONG,38,0,0,/k/mazhko-obleklo/,Начало > Качествени български дрехи,106,GOOD,CONSISTENT,,P2,Optimize flagged fields; preserve the verified catalogue intent,
/k/napitki/,subcategory,0,Напитки,drinks,"SEMANTIC TARGET — URL, taxonomy, current SEO definition and generated catalogue; no local GSC/search-volume export",subcategory,Напитки | Храна и напитки | Българитъм,Напитки | Храна и напитки | Българитъм,GOOD,Напитки,Напитки,GOOD,Открий напитки в храна и напитки от български марки в Българитъм. Подбрани продукти и по-лесно откриване.,Открий напитки в храна и напитки от български марки в Българитъм. Подбрани продукти и по-лесно откриване.,SHORT,"Открий напитки от български марки и разгледай подбрани продукти на едно място. Сравнявай предложенията спокойно, запазвай любимите си находки и се връщай към тях по-късно.",,GOOD,1,3,0,EMPTY,0,0,0,/k/napitki/,Начало > Храна и напитки,0,NO INCOMING ANCHOR,CONSISTENT,,WAIT,WAIT FOR CATALOGUE,Do not enrich copy before catalogue expansion
/k/pochistvane/,subcategory,4,Почистване,,"SEMANTIC TARGET — URL, taxonomy, current SEO definition and generated catalogue; no local GSC/search-volume export",subcategory,Почистване | Дом и интериор | Българитъм,Почистване | Дом и интериор | Българитъм,GOOD,Почистване,Почистване,GOOD,Открий почистване в дом и интериор от български марки в Българитъм. Подбрани продукти и по-лесно откриване.,"Продукти за почистване от български марки за дома и ежедневната грижа. Сравни предназначението, състава и начина на употреба при бранда.",SHORT,"Открий почистване от български марки и разгледай подбрани продукти на едно място. Сравнявай предложенията спокойно, запазвай любимите си находки и се връщай към тях по-късно.",,GOOD,1,2,0,STRONG,4,0,0,/k/pochistvane/,Начало > Дом и интериор,16,GOOD,CONSISTENT,,P2,IMPROVING — review the flagged on-page fields,
/k/sport/,subcategory,0,Спорт,,"SEMANTIC TARGET — URL, taxonomy, current SEO definition and generated catalogue; no local GSC/search-volume export",subcategory,Спорт | Здраве и грижа | Българитъм,Спорт | Здраве и грижа | Българитъм,GOOD,Спорт,Спорт,GOOD,Открий спорт в здраве и грижа от български марки в Българитъм. Подбрани продукти и по-лесно откриване.,Открий спорт в здраве и грижа от български марки в Българитъм. Подбрани продукти и по-лесно откриване.,SHORT,"Открий спорт от български марки и разгледай подбрани продукти на едно място. Сравнявай предложенията спокойно, запазвай любимите си находки и се връщай към тях по-късно.",,GOOD,1,3,0,EMPTY,0,0,0,/k/sport/,Начало > Здраве и грижа,0,NO INCOMING ANCHOR,CONSISTENT,,WAIT,WAIT FOR CATALOGUE,Do not enrich copy before catalogue expansion
/k/za-doma/,category,68,Дом и интериор,за дома | дом,"SEMANTIC TARGET — URL, taxonomy, current SEO definition and generated catalogue; no local GSC/search-volume export",category,Дом и интериор | Български продукти | Българитъм,Дом и интериор | Български продукти | Българитъм,GOOD,Дом и интериор,Дом и интериор,GOOD,"Открий дом и интериор от български марки в Българитъм. Подбрани продукти, ясна структура и по-лесно откриване.","Открий дом и интериор от български марки в Българитъм. Подбрани продукти, ясна структура и по-лесно откриване.",GOOD,"Открий дом и интериор от български марки, подредени така, че да стигаш по-бързо до точните продукти и брандове. Тази страница събира внимателно подбрани находки в дом и интериор и прави разглеждането по-ясно, спокойно и смислено.",,GOOD,1,2,0,STRONG,68,0,0,/k/za-doma/,Начало,923,GOOD,CONSISTENT,,P2,Optimize flagged fields; preserve the verified catalogue intent,
/k/za-glava/,subcategory,3,български аксесоари за коса,за глава | аксесоари за глава,"SEMANTIC TARGET — URL, taxonomy, current SEO definition and generated catalogue; no local GSC/search-volume export",subcategory,Български аксесоари за коса | Българитъм,Български аксесоари за коса | Българитъм,GOOD,Български аксесоари за коса,Български аксесоари за коса,GOOD,Разгледай български аксесоари за коса от локални марки и открий наличните модели в Българитъм. Съпостави вариантите според нуждата и употребата.,Разгледай български аксесоари за коса от локални марки и открий наличните модели в Българитъм. Съпостави вариантите според нуждата и употребата.,GOOD,"Български аксесоари за коса от локални марки са събрани тук за по-лесно разглеждане. Сравни наличните модели и запази предложенията, към които искаш да се върнеш.",,GOOD,1,2,0,STRONG,3,0,0,/k/za-glava/,Начало > Аксесоари,63,GOOD,CONSISTENT,,P3,IMPROVING — review the flagged on-page fields,
/k/zabavlenie/,category,0,Забавление,хоби,"SEMANTIC TARGET — URL, taxonomy, current SEO definition and generated catalogue; no local GSC/search-volume export",category,Забавление | Български продукти | Българитъм,Забавление | Български продукти | Българитъм,GOOD,Забавление,Забавление,GOOD,"Открий забавление от български марки в Българитъм. Подбрани продукти, ясна структура и по-лесно откриване.","Открий забавление от български марки в Българитъм. Подбрани продукти, ясна структура и по-лесно откриване.",SHORT,"Открий забавление от български марки, подредени така, че да стигаш по-бързо до точните продукти и брандове. Тази страница събира внимателно подбрани находки в забавление и прави разглеждането по-ясно, спокойно и смислено.",,GOOD,1,3,0,EMPTY,0,0,0,/k/zabavlenie/,Начало,4,GOOD,CONSISTENT,,WAIT,WAIT FOR CATALOGUE,Do not enrich copy before catalogue expansion
/k/zdrave-i-grizha/,category,18,Здраве и грижа,здраве,"SEMANTIC TARGET — URL, taxonomy, current SEO definition and generated catalogue; no local GSC/search-volume export",category,Здраве и грижа | Български продукти | Българитъм,Здраве и грижа | Български продукти | Българитъм,GOOD,Здраве и грижа,Здраве и грижа,GOOD,"Открий здраве и грижа от български марки в Българитъм. Подбрани продукти, ясна структура и по-лесно откриване.","Открий здраве и грижа от български марки в Българитъм. Подбрани продукти, ясна структура и по-лесно откриване.",GOOD,"Открий здраве и грижа от български марки, подредени така, че да стигаш по-бързо до точните продукти и брандове. Тази страница събира внимателно подбрани находки в здраве и грижа и прави разглеждането по-ясно, спокойно и смислено.",,GOOD,1,2,0,STRONG,18,0,0,/k/zdrave-i-grizha/,Начало,29,GOOD,CONSISTENT,,P2,Optimize flagged fields; preserve the verified catalogue intent,
/kafyava-roklya/,intent,0,кафяви рокли,,"SEMANTIC TARGET — URL, taxonomy, current SEO definition and generated catalogue; no local GSC/search-volume export",attribute/color,Кафяви рокли – модели и идеи | Българитъм,Кафяви рокли – модели и идеи | Българитъм,GOOD,Кафяви рокли,Кафяви рокли,GOOD,"Кафяви рокли: сравни нюанса, кройката и размерите в предложенията от български брандове. Сравни моделите по материя, кройка, размер и предназначение.","Кафяви рокли: сравни нюанса, кройката и размерите в предложенията от български брандове. Сравни моделите по материя, кройка, размер и предназначение.",GOOD,"При кафяви рокли цветът е на преден план, но силуетът, материята и детайлите остават също толкова важни. При кафяви рокли провери размерите, точния състав и указанията за поддръжка в информацията от бранда.",,GOOD,1,4,2,EMPTY,0,0,0,/kafyava-roklya/,Начало > Качествени български дрехи > Български дамски дрехи,0,NO INCOMING ANCHOR,CONSISTENT,,WAIT,WAIT FOR CATALOGUE,Do not enrich copy before catalogue expansion
/kafyavo-palto/,intent,2,кафяви палта,,"SEMANTIC TARGET — URL, taxonomy, current SEO definition and generated catalogue; no local GSC/search-volume export",attribute/color,Кафяви палта – модели и идеи | Българитъм,Кафяви палта – модели и идеи | Българитъм,GOOD,Кафяви палта,Кафяви палта,GOOD,"Кафяви палта: сравни нюанса, кройката и размерите в предложенията от български брандове. Сравни моделите по материя, кройка, размер и предназначение.","Кафяви палта: сравни нюанса, кройката и размерите в предложенията от български брандове. Сравни моделите по материя, кройка, размер и предназначение.",GOOD,"При кафяви палта цветът е на преден план, но силуетът, материята и детайлите остават също толкова важни. При кафяви палта провери размерите, точния състав и указанията за поддръжка в информацията от бранда.",,GOOD,1,3,2,STRONG,2,0,0,/kafyavo-palto/,Начало > Качествени български дрехи > Български дамски дрехи,2,GOOD,CONSISTENT,,P3,THIN — CATALOGUE PRIORITY,
/koleden-podarak-za-mazh/,intent,0,коледен подарък за мъж,подарък за коледа на мъж | подарък за мъж за коледа | идеи за коледен подарък за мъж | коледен подарък за мъже | коледни подаръци за мъж | подаръци за мъже за коледа,"SEMANTIC TARGET — URL, taxonomy, current SEO definition and generated catalogue; no local GSC/search-volume export",gift/occasion,Коледен подарък за мъж – идеи за подарък | Българитъм,Коледен подарък за мъж – идеи за подарък | Българитъм,GOOD,Коледен подарък за мъж,Коледен подарък за мъж,GOOD,"Коледен подарък за мъж: идеи според повода коледа, с подробности за вариантите, персонализацията и доставката при бранда.","Коледен подарък за мъж: идеи според повода коледа, с подробности за вариантите, персонализацията и доставката при бранда.",GOOD,"Изборът на коледен подарък за мъж започва от човека и повода коледа, а не от универсален списък с подаръци. Когато търсиш коледен подарък за мъж, съобрази избора с интересите, ежедневието и начина на поднасяне; при персонализирани продукти провери и срока за изработка.",,GOOD,1,4,2,EMPTY,0,0,0,/koleden-podarak-za-mazh/,Начало > Идеи за подарък > Подарък за мъж,0,NO INCOMING ANCHOR,CONSISTENT,,WAIT,WAIT FOR CATALOGUE,Do not enrich copy before catalogue expansion
/koleden-podarak-za-zhena/,intent,3,коледен подарък за жена,коледни подаръци за жени | коледен подарък жена | идеи за коледен подарък за жена | идеи за коледен подарък на жена | идея за коледен подарък за жена | идеи за коледни подаръци за жена,"SEMANTIC TARGET — URL, taxonomy, current SEO definition and generated catalogue; no local GSC/search-volume export",gift/occasion,Коледен подарък за жена – идеи за подарък | Българитъм,Коледен подарък за жена – идеи за подарък | Българитъм,GOOD,Коледен подарък за жена,Коледен подарък за жена,GOOD,"Коледен подарък за жена: идеи според повода коледа, с подробности за вариантите, персонализацията и доставката при бранда.","Коледен подарък за жена: идеи според повода коледа, с подробности за вариантите, персонализацията и доставката при бранда.",GOOD,"Изборът на коледен подарък за жена започва от човека и повода коледа, а не от универсален списък с подаръци. Когато търсиш коледен подарък за жена, съобрази избора с интересите, ежедневието и начина на поднасяне; при персонализирани продукти провери и срока за изработка.",,GOOD,1,3,2,STRONG,3,0,0,/koleden-podarak-za-zhena/,Начало > Идеи за подарък > Подарък за жена,22,GOOD,CONSISTENT,,P3,IMPROVING — review the flagged on-page fields,
/kolieta-ot-meditsinska-stomana/,intent,0,колиета от медицинска стомана,,"SEMANTIC TARGET — URL, taxonomy, current SEO definition and generated catalogue; no local GSC/search-volume export",material,Колиета от медицинска стомана | Българитъм,Колиета от медицинска стомана | Българитъм,GOOD,Колиета от медицинска стомана,Колиета от медицинска стомана,GOOD,"Колиета от медицинска стомана: сравни колиета, материала медицинска стомана, размера и закопчаването в информацията от бранда.","Колиета от медицинска стомана: сравни колиета, материала медицинска стомана, размера и закопчаването в информацията от бранда.",GOOD,"При колиета от медицинска стомана материалът медицинска стомана е отправната точка, следвана от формата, размера и покритието. Преди избор на колиета от медицинска стомана провери точния материал, размерите и начина на поддръжка, посочени за конкретното бижу.",,GOOD,1,4,2,EMPTY,0,0,0,/kolieta-ot-meditsinska-stomana/,Начало > Аксесоари > Български бижута,0,NO INCOMING ANCHOR,CONSISTENT,,WAIT,WAIT FOR CATALOGUE,Do not enrich copy before catalogue expansion
/kozmetika-s-shafran/,intent,6,козметика с шафран,,"SEMANTIC TARGET — URL, taxonomy, current SEO definition and generated catalogue; no local GSC/search-volume export",informational-commercial hybrid,Козметика с шафран – грижа и състав | Българитъм,Козметика с шафран – грижа и състав | Българитъм,GOOD,Козметика с шафран,Козметика с шафран,GOOD,"Козметика с шафран: ориентирай се според съставката шафран. Ориентирай се по нужда, формула и начин на използване. Данните са от бранда.","Козметика с шафран: ориентирай се според съставката шафран. Ориентирай се по нужда, формула и начин на използване. Данните са от бранда.",GOOD,"При козметика с шафран изборът се насочва към вида грижа и присъствието на шафран в състава. При козметика с шафран прочети начина на употреба и пълния INCI списък на конкретния продукт, особено ако имаш чувствителност или установена кожна нужда.",,GOOD,1,3,2,STRONG,6,0,0,/kozmetika-s-shafran/,Начало > Българска козметика,3,GOOD,CONSISTENT,,P2,Optimize flagged fields; preserve the verified catalogue intent,
/kozmetika-za-chuvstvitelna-kozha/,intent,4,козметика за чувствителна кожа,,"SEMANTIC TARGET — URL, taxonomy, current SEO definition and generated catalogue; no local GSC/search-volume export",informational-commercial hybrid,Козметика за чувствителна кожа – грижа и състав | Българитъм,Козметика за чувствителна кожа – грижа и състав | Българитъм,GOOD,Козметика за чувствителна кожа,Козметика за чувствителна кожа,GOOD,"Козметика за чувствителна кожа: ориентирай се според чувствителна кожа. Сравни продуктите по предназначение, състав и употреба. Детайлите са при бранда.","Козметика за чувствителна кожа: ориентирай се според чувствителна кожа. Сравни продуктите по предназначение, състав и употреба. Детайлите са при бранда.",GOOD,"При козметика за чувствителна кожа изборът се насочва към чувствителна кожа. При козметика за чувствителна кожа прочети начина на употреба и пълния INCI списък на конкретния продукт, особено ако имаш чувствителност или установена кожна нужда.",,GOOD,1,3,2,STRONG,4,0,0,/kozmetika-za-chuvstvitelna-kozha/,Начало > Българска козметика > Българска козметика за лице,6,GOOD,CONSISTENT,,P3,IMPROVING — review the flagged on-page fields,
/kozmetika-za-dehidratirana-kozha/,intent,0,козметика за дехидратирана кожа,,"SEMANTIC TARGET — URL, taxonomy, current SEO definition and generated catalogue; no local GSC/search-volume export",informational-commercial hybrid,Козметика за дехидратирана кожа | Българитъм,Козметика за дехидратирана кожа | Българитъм,GOOD,Козметика за дехидратирана кожа,Козметика за дехидратирана кожа,GOOD,"Козметика за дехидратирана кожа: ориентирай се според дехидратирана кожа. Сравни продуктите по предназначение, състав и употреба. Детайлите са при бранда.","Козметика за дехидратирана кожа: ориентирай се според дехидратирана кожа. Сравни продуктите по предназначение, състав и употреба. Детайлите са при бранда.",GOOD,"При козметика за дехидратирана кожа изборът се насочва към дехидратирана кожа. При козметика за дехидратирана кожа прочети начина на употреба и пълния INCI списък на конкретния продукт, особено ако имаш чувствителност или установена кожна нужда.",,GOOD,1,4,2,EMPTY,0,0,0,/kozmetika-za-dehidratirana-kozha/,Начало > Българска козметика > Българска козметика за лице,0,NO INCOMING ANCHOR,CONSISTENT,,WAIT,WAIT FOR CATALOGUE,Do not enrich copy before catalogue expansion
/kozmetika-za-hidratatsiya/,intent,9,козметика за хидратация,,"SEMANTIC TARGET — URL, taxonomy, current SEO definition and generated catalogue; no local GSC/search-volume export",informational-commercial hybrid,Козметика за хидратация – грижа и състав | Българитъм,Козметика за хидратация – грижа и състав | Българитъм,GOOD,Козметика за хидратация,Козметика за хидратация,GOOD,"Козметика за хидратация: ориентирай се според хидратация. Ориентирай се по нужда, формула и начин на използване. Данните са от бранда.","Козметика за хидратация: ориентирай се според хидратация. Ориентирай се по нужда, формула и начин на използване. Данните са от бранда.",GOOD,"При козметика за хидратация изборът се насочва към хидратация. При козметика за хидратация прочети начина на употреба и пълния INCI списък на конкретния продукт, особено ако имаш чувствителност или установена кожна нужда.",,GOOD,1,3,2,STRONG,9,0,0,/kozmetika-za-hidratatsiya/,Начало > Българска козметика > Българска козметика за лице,6,GOOD,CONSISTENT,,P2,Optimize flagged fields; preserve the verified catalogue intent,
/kozmetika-za-kosopad/,intent,3,козметика за косопад,,"SEMANTIC TARGET — URL, taxonomy, current SEO definition and generated catalogue; no local GSC/search-volume export",informational-commercial hybrid,Козметика за косопад – грижа и състав | Българитъм,Козметика за косопад – грижа и състав | Българитъм,GOOD,Козметика за косопад,Козметика за косопад,GOOD,Козметика за косопад: ориентирай се според грижа при косопад. Съпостави формулите според нуждата и своята рутина. Провери ги при бранда.,Козметика за косопад: ориентирай се според грижа при косопад. Съпостави формулите според нуждата и своята рутина. Провери ги при бранда.,GOOD,"При козметика за косопад изборът се насочва към грижа при косопад. При козметика за косопад прочети начина на употреба и пълния INCI списък на конкретния продукт, особено ако имаш чувствителност или установена кожна нужда.",,GOOD,1,3,2,STRONG,3,0,0,/kozmetika-za-kosopad/,Начало > Българска козметика > Българска козметика за коса,4,GOOD,CONSISTENT,,P3,IMPROVING — review the flagged on-page fields,
/kozmetika-za-mazna-kosa/,intent,2,козметика за мазна коса,,"SEMANTIC TARGET — URL, taxonomy, current SEO definition and generated catalogue; no local GSC/search-volume export",informational-commercial hybrid,Козметика за мазна коса – грижа и състав | Българитъм,Козметика за мазна коса – грижа и състав | Българитъм,GOOD,Козметика за мазна коса,Козметика за мазна коса,GOOD,"Козметика за мазна коса: ориентирай се според грижа за мазна коса. Сравни продуктите по предназначение, състав и употреба. Детайлите са при бранда.","Козметика за мазна коса: ориентирай се според грижа за мазна коса. Сравни продуктите по предназначение, състав и употреба. Детайлите са при бранда.",GOOD,"При козметика за мазна коса изборът се насочва към грижа за мазна коса. При козметика за мазна коса прочети начина на употреба и пълния INCI списък на конкретния продукт, особено ако имаш чувствителност или установена кожна нужда.",,GOOD,1,3,2,STRONG,2,0,0,/kozmetika-za-mazna-kosa/,Начало > Българска козметика > Българска козметика за коса,4,GOOD,CONSISTENT,,P3,THIN — CATALOGUE PRIORITY,
/kozmetika-za-mazna-kozha/,intent,1,козметика за мазна кожа,,"SEMANTIC TARGET — URL, taxonomy, current SEO definition and generated catalogue; no local GSC/search-volume export",informational-commercial hybrid,Козметика за мазна кожа – грижа и състав | Българитъм,Козметика за мазна кожа – грижа и състав | Българитъм,GOOD,Козметика за мазна кожа,Козметика за мазна кожа,GOOD,Козметика за мазна кожа: ориентирай се според мазна кожа. Съпостави формулите според нуждата и своята рутина. Провери ги при бранда.,Козметика за мазна кожа: ориентирай се според мазна кожа. Съпостави формулите според нуждата и своята рутина. Провери ги при бранда.,GOOD,"При козметика за мазна кожа изборът се насочва към мазна кожа. При козметика за мазна кожа прочети начина на употреба и пълния INCI списък на конкретния продукт, особено ако имаш чувствителност или установена кожна нужда.",,GOOD,1,3,2,STRONG,1,0,0,/kozmetika-za-mazna-kozha/,Начало > Българска козметика > Българска козметика за лице,6,GOOD,CONSISTENT,,P3,THIN — CATALOGUE PRIORITY,
/kozmetika-za-protiv-brachki/,intent,3,козметика за против бръчки,,"SEMANTIC TARGET — URL, taxonomy, current SEO definition and generated catalogue; no local GSC/search-volume export",informational-commercial hybrid,Козметика против бръчки – грижа и състав | Българитъм,Козметика против бръчки – грижа и състав | Българитъм,GOOD,Козметика против бръчки,Козметика против бръчки,GOOD,Козметика против бръчки: ориентирай се според грижа при бръчки. Съпостави формулите според нуждата и своята рутина. Провери ги при бранда.,Козметика против бръчки: ориентирай се според грижа при бръчки. Съпостави формулите според нуждата и своята рутина. Провери ги при бранда.,GOOD,"При козметика против бръчки изборът се насочва към грижа при бръчки. При козметика против бръчки прочети начина на употреба и пълния INCI списък на конкретния продукт, особено ако имаш чувствителност или установена кожна нужда.",,GOOD,1,3,2,STRONG,3,0,0,/kozmetika-za-protiv-brachki/,Начало > Българска козметика > Българска козметика за лице,6,GOOD,CONSISTENT,,P3,IMPROVING — review the flagged on-page fields,
/kozmetika-za-suha-kosa/,intent,0,козметика за суха коса,,"SEMANTIC TARGET — URL, taxonomy, current SEO definition and generated catalogue; no local GSC/search-volume export",informational-commercial hybrid,Козметика за суха коса – грижа и състав | Българитъм,Козметика за суха коса – грижа и състав | Българитъм,GOOD,Козметика за суха коса,Козметика за суха коса,GOOD,"Козметика за суха коса: ориентирай се според грижа за суха коса. Провери съставките, типа грижа и указанията за употреба. Виж данните от бранда.","Козметика за суха коса: ориентирай се според грижа за суха коса. Провери съставките, типа грижа и указанията за употреба. Виж данните от бранда.",GOOD,"При козметика за суха коса изборът се насочва към грижа за суха коса. При козметика за суха коса прочети начина на употреба и пълния INCI списък на конкретния продукт, особено ако имаш чувствителност или установена кожна нужда.",,GOOD,1,4,2,EMPTY,0,0,0,/kozmetika-za-suha-kosa/,Начало > Българска козметика > Българска козметика за коса,0,NO INCOMING ANCHOR,CONSISTENT,,WAIT,WAIT FOR CATALOGUE,Do not enrich copy before catalogue expansion
/kozmetika-za-suha-kozha/,intent,4,козметика за суха кожа,,"SEMANTIC TARGET — URL, taxonomy, current SEO definition and generated catalogue; no local GSC/search-volume export",informational-commercial hybrid,Козметика за суха кожа – грижа и състав | Българитъм,Козметика за суха кожа – грижа и състав | Българитъм,GOOD,Козметика за суха кожа,Козметика за суха кожа,GOOD,"Козметика за суха кожа: ориентирай се според суха кожа. Ориентирай се по нужда, формула и начин на използване. Данните са от бранда.","Козметика за суха кожа: ориентирай се според суха кожа. Ориентирай се по нужда, формула и начин на използване. Данните са от бранда.",GOOD,"При козметика за суха кожа изборът се насочва към суха кожа. При козметика за суха кожа прочети начина на употреба и пълния INCI списък на конкретния продукт, особено ако имаш чувствителност или установена кожна нужда.",,GOOD,1,3,2,STRONG,4,0,0,/kozmetika-za-suha-kozha/,Начало > Българска козметика > Българска козметика за лице,6,GOOD,CONSISTENT,,P3,IMPROVING — review the flagged on-page fields,
/kozmetika-za-uvredena-kosa/,intent,2,козметика за увредена коса,,"SEMANTIC TARGET — URL, taxonomy, current SEO definition and generated catalogue; no local GSC/search-volume export",informational-commercial hybrid,Козметика за увредена коса – грижа и състав | Българитъм,Козметика за увредена коса – грижа и състав | Българитъм,GOOD,Козметика за увредена коса,Козметика за увредена коса,GOOD,Козметика за увредена коса: ориентирай се според грижа за увредена коса. Съпостави формулите според нуждата и своята рутина. Провери ги при бранда.,Козметика за увредена коса: ориентирай се според грижа за увредена коса. Съпостави формулите според нуждата и своята рутина. Провери ги при бранда.,GOOD,"При козметика за увредена коса изборът се насочва към грижа за увредена коса. При козметика за увредена коса прочети начина на употреба и пълния INCI списък на конкретния продукт, особено ако имаш чувствителност или установена кожна нужда.",,GOOD,1,3,2,STRONG,2,0,0,/kozmetika-za-uvredena-kosa/,Начало > Българска козметика > Българска козметика за коса,4,GOOD,CONSISTENT,,P3,THIN — CATALOGUE PRIORITY,
/kutiya-za-bizhuta/,intent,0,Кутия за бижута,,"SEMANTIC TARGET — URL, taxonomy, current SEO definition and generated catalogue; no local GSC/search-volume export",informational-commercial hybrid,Кутия за бижута | Българитъм,Кутия за бижута | Българитъм,GOOD,Кутия за бижута,Кутия за бижута,GOOD,"Открий кутия за бижута от български брандове в Българитъм. Ориентирай се по функция, изработка и приложението им. Данните са от бранда.","Открий кутия за бижута от български брандове в Българитъм. Ориентирай се по функция, изработка и приложението им. Данните са от бранда.",GOOD,Открий кутия за бижута от български марки и автори. Тук ще добавяме практични и красиви решения за съхранение на любимите ти бижута.,,GOOD,1,3,0,EMPTY,0,0,0,/kutiya-za-bizhuta/,Начало > Аксесоари > Български бижута,0,NO INCOMING ANCHOR,CONSISTENT,,WAIT,WAIT FOR CATALOGUE,Do not enrich copy before catalogue expansion
/lenena-roklya/,intent,2,ленена рокля,ленени рокли | ленени рокли онлайн,"SEMANTIC TARGET — URL, taxonomy, current SEO definition and generated catalogue; no local GSC/search-volume export",material,Ленени рокли – модели и идеи | Българитъм,Ленени рокли – модели и идеи | Българитъм,GOOD,Ленени рокли,Ленени рокли,GOOD,"Ленени рокли: сравни състава, кройката и размерите в предложенията от български брандове. Сравни моделите по материя, кройка, размер и предназначение.","Ленени рокли: сравни състава, кройката и размерите в предложенията от български брандове. Сравни моделите по материя, кройка, размер и предназначение.",GOOD,"При ленени рокли съставът има значение наред с кройката и начина на носене. При ленени рокли провери размерите, точния състав и указанията за поддръжка в информацията от бранда.",,GOOD,1,3,2,STRONG,2,0,0,/lenena-roklya/,Начало > Качествени български дрехи > Български дамски дрехи,2,GOOD,CONSISTENT,,P3,THIN — CATALOGUE PRIORITY,
/luksozen-podarak-za-uchitelka/,intent,1,подарък за учителка,,"SEMANTIC TARGET — URL, taxonomy, current SEO definition and generated catalogue; no local GSC/search-volume export",gift/occasion,Подарък за учителка – идеи за подарък | Българитъм,Подарък за учителка – идеи за подарък | Българитъм,GOOD,Подарък за учителка,Подарък за учителка,GOOD,"Подарък за учителка: идеи според интересите на получателя, с подробности за вариантите, персонализацията и доставката при бранда.","Подарък за учителка: идеи според интересите на получателя, с подробности за вариантите, персонализацията и доставката при бранда.",GOOD,"Изборът на подарък за учителка започва от човека, а не от универсален списък с подаръци. Когато търсиш подарък за учителка, съобрази избора с интересите, ежедневието и начина на поднасяне; при персонализирани продукти провери и срока за изработка.",,GOOD,1,3,2,STRONG,1,0,0,/luksozen-podarak-za-uchitelka/,Начало > Идеи за подарък > Подарък за жена,1,GOOD,CONSISTENT,,P3,THIN — CATALOGUE PRIORITY,
/mazhki-bizhuta/,intent,12,мъжки бижута,бижута мъжки | мъжка бижутерия | луксозни мъжки бижута | мъжки аксесоари и бижута,"SEMANTIC TARGET — URL, taxonomy, current SEO definition and generated catalogue; no local GSC/search-volume export",product type,Мъжки бижута – материал и детайли | Българитъм,Мъжки бижута – материал и детайли | Българитъм,GOOD,Мъжки бижута,Мъжки бижута,GOOD,"Мъжки бижута: сравни размера и закопчаването в информацията от бранда. Ориентирай се по вид бижу, материал, камък и размер. Виж данните от бранда.","Мъжки бижута: сравни размера и закопчаването в информацията от бранда. Ориентирай се по вид бижу, материал, камък и размер. Виж данните от бранда.",GOOD,"При мъжки бижута сравни материала, формата, размера и начина на закопчаване. Преди избор на мъжки бижута провери точния материал, размерите и начина на поддръжка, посочени за конкретното бижу.",,GOOD,1,3,2,STRONG,12,0,0,/mazhki-bizhuta/,Начало > Аксесоари > Български бижута,61,GOOD,CONSISTENT,,P2,Optimize flagged fields; preserve the verified catalogue intent,
/mazhki-leneni-rizi/,intent,4,мъжки ленени ризи,ленени ризи мъжки | ленени мъжки ризи | ленени ризи за мъже | бели ленени мъжки ризи | летни мъжки ленени ризи | мъжка бяла ленена риза,"SEMANTIC TARGET — URL, taxonomy, current SEO definition and generated catalogue; no local GSC/search-volume export",material,Мъжки ленени ризи – модели и идеи | Българитъм,Мъжки ленени ризи – модели и идеи | Българитъм,GOOD,Мъжки ленени ризи,Мъжки ленени ризи,GOOD,"Мъжки ленени ризи: сравни състава, кройката и размерите в предложенията от български брандове. Ориентирай се по състав, силует и таблица с размери.","Мъжки ленени ризи: сравни състава, кройката и размерите в предложенията от български брандове. Ориентирай се по състав, силует и таблица с размери.",GOOD,"При мъжки ленени ризи съставът има значение наред с кройката и начина на носене. При мъжки ленени ризи провери размерите, точния състав и указанията за поддръжка в информацията от бранда.",,GOOD,1,3,2,STRONG,4,0,0,/mazhki-leneni-rizi/,Начало > Качествени български дрехи > Български мъжки дрехи,7,GOOD,CONSISTENT,,P3,IMPROVING — review the flagged on-page fields,
/naturalna-bulgarska-kozmetika/,intent,21,българска натурална козметика,натурална българска козметика | българска био козметика | българска органична козметика | българска натурална био козметика,"SEMANTIC TARGET — URL, taxonomy, current SEO definition and generated catalogue; no local GSC/search-volume export",informational-commercial hybrid,Българска натурална козметика – грижа и състав | Българитъм,Българска натурална козметика – грижа и състав | Българитъм,GOOD,Българска натурална козметика,Българска натурална козметика,GOOD,"Българска натурална козметика: ориентирай се според вида грижа и състава. Ориентирай се по нужда, формула и начин на използване. Данните са от бранда.","Българска натурална козметика: ориентирай се според вида грижа и състава. Ориентирай се по нужда, формула и начин на използване. Данните са от бранда.",GOOD,"При българска натурална козметика изборът се насочва към вида грижа. При българска натурална козметика прочети начина на употреба и пълния INCI списък на конкретния продукт, особено ако имаш чувствителност или установена кожна нужда.",,GOOD,1,3,2,STRONG,21,0,0,/naturalna-bulgarska-kozmetika/,Начало > Българска козметика,3,GOOD,CONSISTENT,,P2,Optimize flagged fields; preserve the verified catalogue intent,
/obetsi-ot-meditsinska-stomana/,intent,3,обеци от медицинска стомана,,"SEMANTIC TARGET — URL, taxonomy, current SEO definition and generated catalogue; no local GSC/search-volume export",material,Обеци от медицинска стомана | Българитъм,Обеци от медицинска стомана | Българитъм,GOOD,Обеци от медицинска стомана,Обеци от медицинска стомана,GOOD,"Обеци от медицинска стомана: сравни обеци, материала медицинска стомана, размера и закопчаването в информацията от бранда.","Обеци от медицинска стомана: сравни обеци, материала медицинска стомана, размера и закопчаването в информацията от бранда.",GOOD,"При обеци от медицинска стомана материалът медицинска стомана е отправната точка, следвана от формата, размера и покритието. Преди избор на обеци от медицинска стомана провери точния материал, размерите и начина на поддръжка, посочени за конкретното бижу.",,GOOD,1,3,2,STRONG,3,0,0,/obetsi-ot-meditsinska-stomana/,Начало > Аксесоари > Български бижута,3,GOOD,CONSISTENT,,P3,IMPROVING — review the flagged on-page fields,
/obetsi-ot-srebro/,intent,9,обеци от сребро,,"SEMANTIC TARGET — URL, taxonomy, current SEO definition and generated catalogue; no local GSC/search-volume export",material,Обеци от сребро – материал и детайли | Българитъм,Обеци от сребро – материал и детайли | Българитъм,GOOD,Обеци от сребро,Обеци от сребро,GOOD,"Обеци от сребро: сравни обеци, материала сребро, размера и закопчаването в информацията от бранда. Ориентирай се по вид бижу, материал, камък и размер.","Обеци от сребро: сравни обеци, материала сребро, размера и закопчаването в информацията от бранда. Ориентирай се по вид бижу, материал, камък и размер.",GOOD,"При обеци от сребро материалът сребро е отправната точка, следвана от формата, размера и покритието. Преди избор на обеци от сребро провери точния материал, размерите и начина на поддръжка, посочени за конкретното бижу.",,GOOD,1,3,2,STRONG,9,0,0,/obetsi-ot-srebro/,Начало > Аксесоари > Български бижута,46,GOOD,CONSISTENT,,P2,Optimize flagged fields; preserve the verified catalogue intent,
/originalen-podarak-za-10-godishno-momche/,intent,0,подарък за 10-годишно момче,,"SEMANTIC TARGET — URL, taxonomy, current SEO definition and generated catalogue; no local GSC/search-volume export",gift/occasion,Подарък за 10-годишно момче – идеи за подарък | Българитъм,Подарък за 10-годишно момче – идеи за подарък | Българитъм,GOOD,Подарък за 10-годишно момче,Подарък за 10-годишно момче,GOOD,"Подарък за 10-годишно момче: идеи според възрастта 10 години, с подробности за вариантите, персонализацията и доставката при бранда.","Подарък за 10-годишно момче: идеи според възрастта 10 години, с подробности за вариантите, персонализацията и доставката при бранда.",GOOD,"Изборът на подарък за 10-годишно момче започва от човека, а не от универсален списък с подаръци. Когато търсиш подарък за 10-годишно момче, съобрази избора с интересите, ежедневието и начина на поднасяне; при персонализирани продукти провери и срока за изработка.",,GOOD,1,4,2,EMPTY,0,0,0,/originalen-podarak-za-10-godishno-momche/,Начало > Идеи за подарък > Подарък за дете,0,NO INCOMING ANCHOR,CONSISTENT,,WAIT,WAIT FOR CATALOGUE,Do not enrich copy before catalogue expansion
/originalen-podarak-za-10-godishno-momiche/,intent,0,подарък за 10-годишно момиче,,"SEMANTIC TARGET — URL, taxonomy, current SEO definition and generated catalogue; no local GSC/search-volume export",gift/occasion,Подарък за 10-годишно момиче – идеи за подарък | Българитъм,Подарък за 10-годишно момиче – идеи за подарък | Българитъм,GOOD,Подарък за 10-годишно момиче,Подарък за 10-годишно момиче,GOOD,"Подарък за 10-годишно момиче: идеи според възрастта 10 години, с подробности за вариантите, персонализацията и доставката при бранда.","Подарък за 10-годишно момиче: идеи според възрастта 10 години, с подробности за вариантите, персонализацията и доставката при бранда.",GOOD,"Изборът на подарък за 10-годишно момиче започва от човека, а не от универсален списък с подаръци. Когато търсиш подарък за 10-годишно момиче, съобрази избора с интересите, ежедневието и начина на поднасяне; при персонализирани продукти провери и срока за изработка.",,GOOD,1,4,2,EMPTY,0,0,0,/originalen-podarak-za-10-godishno-momiche/,Начало > Идеи за подарък > Подарък за дете,0,NO INCOMING ANCHOR,CONSISTENT,,WAIT,WAIT FOR CATALOGUE,Do not enrich copy before catalogue expansion
/originalen-podarak-za-9-godishno-momiche/,intent,0,подарък за 9-годишно момиче,,"SEMANTIC TARGET — URL, taxonomy, current SEO definition and generated catalogue; no local GSC/search-volume export",gift/occasion,Подарък за 9-годишно момиче – идеи за подарък | Българитъм,Подарък за 9-годишно момиче – идеи за подарък | Българитъм,GOOD,Подарък за 9-годишно момиче,Подарък за 9-годишно момиче,GOOD,"Подарък за 9-годишно момиче: идеи според възрастта 9 години, с подробности за вариантите, персонализацията и доставката при бранда.","Подарък за 9-годишно момиче: идеи според възрастта 9 години, с подробности за вариантите, персонализацията и доставката при бранда.",GOOD,"Изборът на подарък за 9-годишно момиче започва от човека, а не от универсален списък с подаръци. Когато търсиш подарък за 9-годишно момиче, съобрази избора с интересите, ежедневието и начина на поднасяне; при персонализирани продукти провери и срока за изработка.",,GOOD,1,4,2,EMPTY,0,0,0,/originalen-podarak-za-9-godishno-momiche/,Начало > Идеи за подарък > Подарък за дете,0,NO INCOMING ANCHOR,CONSISTENT,,WAIT,WAIT FOR CATALOGUE,Do not enrich copy before catalogue expansion
/originalen-podarak-za-momche-na-14-godini/,intent,1,подарък за 14-годишно момче,,"SEMANTIC TARGET — URL, taxonomy, current SEO definition and generated catalogue; no local GSC/search-volume export",gift/occasion,Подарък за 14-годишно момче – идеи за подарък | Българитъм,Подарък за 14-годишно момче – идеи за подарък | Българитъм,GOOD,Подарък за 14-годишно момче,Подарък за 14-годишно момче,GOOD,"Подарък за 14-годишно момче: идеи според възрастта 14 години, с подробности за вариантите, персонализацията и доставката при бранда.","Подарък за 14-годишно момче: идеи според възрастта 14 години, с подробности за вариантите, персонализацията и доставката при бранда.",GOOD,"Изборът на подарък за 14-годишно момче започва от човека, а не от универсален списък с подаръци. Когато търсиш подарък за 14-годишно момче, съобрази избора с интересите, ежедневието и начина на поднасяне; при персонализирани продукти провери и срока за изработка.",,GOOD,1,3,2,STRONG,1,0,0,/originalen-podarak-za-momche-na-14-godini/,Начало > Идеи за подарък > Подарък за дете,16,GOOD,CONSISTENT,/originalen-podarak-za-momche-na-14-godini/ | /originalen-podarak-za-momiche-na-14-godini/,P3,THIN — CATALOGUE PRIORITY,
/originalen-podarak-za-momiche-na-14-godini/,intent,1,подарък за 14-годишно момиче,,"SEMANTIC TARGET — URL, taxonomy, current SEO definition and generated catalogue; no local GSC/search-volume export",gift/occasion,Подарък за 14-годишно момиче – идеи за подарък | Българитъм,Подарък за 14-годишно момиче – идеи за подарък | Българитъм,GOOD,Подарък за 14-годишно момиче,Подарък за 14-годишно момиче,GOOD,"Подарък за 14-годишно момиче: идеи според възрастта 14 години, с подробности за вариантите, персонализацията и доставката при бранда.","Подарък за 14-годишно момиче: идеи според възрастта 14 години, с подробности за вариантите, персонализацията и доставката при бранда.",GOOD,"Изборът на подарък за 14-годишно момиче започва от човека, а не от универсален списък с подаръци. Когато търсиш подарък за 14-годишно момиче, съобрази избора с интересите, ежедневието и начина на поднасяне; при персонализирани продукти провери и срока за изработка.",,GOOD,1,3,2,STRONG,1,0,0,/originalen-podarak-za-momiche-na-14-godini/,Начало > Идеи за подарък > Подарък за дете,16,GOOD,CONSISTENT,/originalen-podarak-za-momche-na-14-godini/ | /originalen-podarak-za-momiche-na-14-godini/,P3,THIN — CATALOGUE PRIORITY,
/originalen-podarak-za-momiche-na-7-godini/,intent,0,подарък за 7-годишно момиче,,"SEMANTIC TARGET — URL, taxonomy, current SEO definition and generated catalogue; no local GSC/search-volume export",gift/occasion,Подарък за 7-годишно момиче – идеи за подарък | Българитъм,Подарък за 7-годишно момиче – идеи за подарък | Българитъм,GOOD,Подарък за 7-годишно момиче,Подарък за 7-годишно момиче,GOOD,"Подарък за 7-годишно момиче: идеи според възрастта 7 години, с подробности за вариантите, персонализацията и доставката при бранда.","Подарък за 7-годишно момиче: идеи според възрастта 7 години, с подробности за вариантите, персонализацията и доставката при бранда.",GOOD,"Изборът на подарък за 7-годишно момиче започва от човека, а не от универсален списък с подаръци. Когато търсиш подарък за 7-годишно момиче, съобрази избора с интересите, ежедневието и начина на поднасяне; при персонализирани продукти провери и срока за изработка.",,GOOD,1,4,2,EMPTY,0,0,0,/originalen-podarak-za-momiche-na-7-godini/,Начало > Идеи за подарък > Подарък за дете,0,NO INCOMING ANCHOR,CONSISTENT,,WAIT,WAIT FOR CATALOGUE,Do not enrich copy before catalogue expansion
/pamuchni-rokli/,intent,4,памучни рокли,рокли от памук | български памучни рокли,"SEMANTIC TARGET — URL, taxonomy, current SEO definition and generated catalogue; no local GSC/search-volume export",material,Памучни рокли – модели и идеи | Българитъм,Памучни рокли – модели и идеи | Българитъм,GOOD,Памучни рокли,Памучни рокли,GOOD,"Памучни рокли: сравни състава, кройката и размерите в предложенията от български брандове. Ориентирай се по състав, силует и таблица с размери.","Памучни рокли: сравни състава, кройката и размерите в предложенията от български брандове. Ориентирай се по състав, силует и таблица с размери.",GOOD,"При памучни рокли съставът има значение наред с кройката и начина на носене. При памучни рокли провери размерите, точния състав и указанията за поддръжка в информацията от бранда.",,GOOD,1,3,2,STRONG,4,0,0,/pamuchni-rokli/,Начало > Качествени български дрехи > Български дамски дрехи,43,GOOD,CONSISTENT,,P3,IMPROVING — review the flagged on-page fields,
/personaliziran-podarak-za-bebe/,intent,15,персонализиран подарък за бебе,персонализирани подаръци за бебе,"SEMANTIC TARGET — URL, taxonomy, current SEO definition and generated catalogue; no local GSC/search-volume export",gift/occasion,Персонализиран подарък за бебе | Българитъм,Персонализиран подарък за бебе | Българитъм,GOOD,Персонализиран подарък за бебе,Персонализиран подарък за бебе,GOOD,"Персонализиран подарък за бебе: идеи според конкретния получател, с подробности за вариантите, персонализацията и доставката при бранда.","Персонализиран подарък за бебе: идеи според конкретния получател, с подробности за вариантите, персонализацията и доставката при бранда.",GOOD,"Изборът на персонализиран подарък за бебе започва от човека, а не от универсален списък с подаръци. Когато търсиш персонализиран подарък за бебе, съобрази избора с интересите, ежедневието и начина на поднасяне; при персонализирани продукти провери и срока за изработка.",,GOOD,1,3,2,STRONG,15,0,0,/personaliziran-podarak-za-bebe/,Начало > Идеи за подарък > Подарък за бебе,8,GOOD,CONSISTENT,,P2,Optimize flagged fields; preserve the verified catalogue intent,
/personaliziran-podarak-za-mazh/,intent,9,персонализиран подарък за мъж,персонализирани подаръци за мъж | гравиран подарък за мъж | гравирани подаръци за мъж | персонален подарък за мъж | персонални подаръци за мъж | подарък със снимка за мъж,"SEMANTIC TARGET — URL, taxonomy, current SEO definition and generated catalogue; no local GSC/search-volume export",gift/occasion,Персонализиран подарък за мъж – идеи за подарък | Българитъм,Персонализиран подарък за мъж – идеи за подарък | Българитъм,GOOD,Персонализиран подарък за мъж,Персонализиран подарък за мъж,GOOD,"Персонализиран подарък за мъж: идеи според конкретния получател, с подробности за вариантите, персонализацията и доставката при бранда.","Персонализиран подарък за мъж: идеи според конкретния получател, с подробности за вариантите, персонализацията и доставката при бранда.",GOOD,"Изборът на персонализиран подарък за мъж започва от човека, а не от универсален списък с подаръци. Когато търсиш персонализиран подарък за мъж, съобрази избора с интересите, ежедневието и начина на поднасяне; при персонализирани продукти провери и срока за изработка.",,GOOD,1,3,2,STRONG,9,0,0,/personaliziran-podarak-za-mazh/,Начало > Идеи за подарък > Подарък за мъж,24,GOOD,CONSISTENT,,P2,Optimize flagged fields; preserve the verified catalogue intent,
/personaliziran-podarak-za-zhena/,intent,15,персонализиран подарък за жена,,"SEMANTIC TARGET — URL, taxonomy, current SEO definition and generated catalogue; no local GSC/search-volume export",gift/occasion,Персонализиран подарък за жена | Българитъм,Персонализиран подарък за жена | Българитъм,GOOD,Персонализиран подарък за жена,Персонализиран подарък за жена,GOOD,"Персонализиран подарък за жена: идеи според конкретния получател, с подробности за вариантите, персонализацията и доставката при бранда.","Персонализиран подарък за жена: идеи според конкретния получател, с подробности за вариантите, персонализацията и доставката при бранда.",GOOD,"Изборът на персонализиран подарък за жена започва от човека, а не от универсален списък с подаръци. Когато търсиш персонализиран подарък за жена, съобрази избора с интересите, ежедневието и начина на поднасяне; при персонализирани продукти провери и срока за изработка.",,GOOD,1,3,2,STRONG,15,0,0,/personaliziran-podarak-za-zhena/,Начало > Идеи за подарък > Подарък за жена,22,GOOD,CONSISTENT,,P2,Optimize flagged fields; preserve the verified catalogue intent,
/podarak-za-10-godishnina-ot-svatba/,intent,0,подарък за 10 годишнина от сватба,10 годишнина от сватба подарък,"SEMANTIC TARGET — URL, taxonomy, current SEO definition and generated catalogue; no local GSC/search-volume export",gift/occasion,Подарък за 10 години от сватбата | Българитъм,Подарък за 10 години от сватбата | Българитъм,GOOD,Подарък за 10 години от сватбата,Подарък за 10 години от сватбата,GOOD,"Подарък за 10 години от сватбата: идеи според повода сватба, с подробности за вариантите, персонализацията и доставката при бранда.","Подарък за 10 години от сватбата: идеи според повода сватба, с подробности за вариантите, персонализацията и доставката при бранда.",GOOD,"Изборът на подарък за 10 години от сватбата започва от човека и повода сватба, а не от универсален списък с подаръци. Когато търсиш подарък за 10 години от сватбата, съобрази избора с интересите, ежедневието и начина на поднасяне; при персонализирани продукти провери и срока за изработка.",,GOOD,1,4,2,EMPTY,0,0,0,/podarak-za-10-godishnina-ot-svatba/,Начало > Идеи за подарък,0,NO INCOMING ANCHOR,CONSISTENT,,WAIT,WAIT FOR CATALOGUE,Do not enrich copy before catalogue expansion
/podarak-za-20-godishen-mazh/,intent,1,подарък за мъж на 20,,"SEMANTIC TARGET — URL, taxonomy, current SEO definition and generated catalogue; no local GSC/search-volume export",gift/occasion,Подарък за 20-годишен мъж – идеи за подарък | Българитъм,Подарък за 20-годишен мъж – идеи за подарък | Българитъм,GOOD,Подарък за 20-годишен мъж,Подарък за 20-годишен мъж,GOOD,"Подарък за 20-годишен мъж: идеи според възрастта 20 години, с подробности за вариантите, персонализацията и доставката при бранда.","Подарък за 20-годишен мъж: идеи според възрастта 20 години, с подробности за вариантите, персонализацията и доставката при бранда.",GOOD,"Изборът на подарък за 20-годишен мъж започва от човека, а не от универсален списък с подаръци. Когато търсиш подарък за 20-годишен мъж, съобрази избора с интересите, ежедневието и начина на поднасяне; при персонализирани продукти провери и срока за изработка.",,GOOD,1,3,2,STRONG,1,0,0,/podarak-za-20-godishen-mazh/,Начало > Идеи за подарък > Подарък за мъж,1,GOOD,CONSISTENT,/podarak-za-20-godishen-mazh/ | /podarak-za-30-godishnina-na-mazh/,P3,THIN — CATALOGUE PRIORITY,
/podarak-za-25-godishen-mazh/,intent,0,подарък за мъж на 25,,"SEMANTIC TARGET — URL, taxonomy, current SEO definition and generated catalogue; no local GSC/search-volume export",gift/occasion,Подарък за 25-годишен мъж – идеи за подарък | Българитъм,Подарък за 25-годишен мъж – идеи за подарък | Българитъм,GOOD,Подарък за 25-годишен мъж,Подарък за 25-годишен мъж,GOOD,"Подарък за 25-годишен мъж: идеи според възрастта 25 години, с подробности за вариантите, персонализацията и доставката при бранда.","Подарък за 25-годишен мъж: идеи според възрастта 25 години, с подробности за вариантите, персонализацията и доставката при бранда.",GOOD,"Изборът на подарък за 25-годишен мъж започва от човека, а не от универсален списък с подаръци. Когато търсиш подарък за 25-годишен мъж, съобрази избора с интересите, ежедневието и начина на поднасяне; при персонализирани продукти провери и срока за изработка.",,GOOD,1,4,2,EMPTY,0,0,0,/podarak-za-25-godishen-mazh/,Начало > Идеи за подарък > Подарък за мъж,0,NO INCOMING ANCHOR,CONSISTENT,,WAIT,WAIT FOR CATALOGUE,Do not enrich copy before catalogue expansion
/podarak-za-30-godishen-yubiley-zhena/,intent,0,подарък за жена на 30,подарък за 30 годишен юбилей за жена | подарък за 30 годишен юбилей на жена,"SEMANTIC TARGET — URL, taxonomy, current SEO definition and generated catalogue; no local GSC/search-volume export",gift/occasion,Подарък за 30-годишна жена – идеи за подарък | Българитъм,Подарък за 30-годишна жена – идеи за подарък | Българитъм,GOOD,Подарък за 30-годишна жена,Подарък за 30-годишна жена,GOOD,"Подарък за 30-годишна жена: идеи според възрастта 30 години, с подробности за вариантите, персонализацията и доставката при бранда.","Подарък за 30-годишна жена: идеи според възрастта 30 години, с подробности за вариантите, персонализацията и доставката при бранда.",GOOD,"Изборът на подарък за 30-годишна жена започва от човека, а не от универсален списък с подаръци. Когато търсиш подарък за 30-годишна жена, съобрази избора с интересите, ежедневието и начина на поднасяне; при персонализирани продукти провери и срока за изработка.",,GOOD,1,4,2,EMPTY,0,0,0,/podarak-za-30-godishen-yubiley-zhena/,Начало > Идеи за подарък > Подарък за жена,0,NO INCOMING ANCHOR,CONSISTENT,,WAIT,WAIT FOR CATALOGUE,Do not enrich copy before catalogue expansion
/podarak-za-30-godishnina-na-mazh/,intent,1,подарък за мъж на 30,подарък 30 години мъж | подарък за 30 години мъж | подарък за 30 годишен мъж | подарък за 30 годишнина на мъж | подарък за 30 рожден ден на мъж | подарък за юбилей 30 години мъж,"SEMANTIC TARGET — URL, taxonomy, current SEO definition and generated catalogue; no local GSC/search-volume export",gift/occasion,Подарък за 30-годишен мъж – идеи за подарък | Българитъм,Подарък за 30-годишен мъж – идеи за подарък | Българитъм,GOOD,Подарък за 30-годишен мъж,Подарък за 30-годишен мъж,GOOD,"Подарък за 30-годишен мъж: идеи според възрастта 30 години, с подробности за вариантите, персонализацията и доставката при бранда.","Подарък за 30-годишен мъж: идеи според възрастта 30 години, с подробности за вариантите, персонализацията и доставката при бранда.",GOOD,"Изборът на подарък за 30-годишен мъж започва от човека, а не от универсален списък с подаръци. Когато търсиш подарък за 30-годишен мъж, съобрази избора с интересите, ежедневието и начина на поднасяне; при персонализирани продукти провери и срока за изработка.",,GOOD,1,3,2,STRONG,1,0,0,/podarak-za-30-godishnina-na-mazh/,Начало > Идеи за подарък > Подарък за мъж,1,GOOD,CONSISTENT,/podarak-za-20-godishen-mazh/ | /podarak-za-30-godishnina-na-mazh/,P3,THIN — CATALOGUE PRIORITY,
/podarak-za-4-godishno-momche/,intent,0,подарък за 4-годишно момче,,"SEMANTIC TARGET — URL, taxonomy, current SEO definition and generated catalogue; no local GSC/search-volume export",gift/occasion,Подарък за 4-годишно момче – идеи за подарък | Българитъм,Подарък за 4-годишно момче – идеи за подарък | Българитъм,GOOD,Подарък за 4-годишно момче,Подарък за 4-годишно момче,GOOD,"Подарък за 4-годишно момче: идеи според възрастта 4 години, с подробности за вариантите, персонализацията и доставката при бранда.","Подарък за 4-годишно момче: идеи според възрастта 4 години, с подробности за вариантите, персонализацията и доставката при бранда.",GOOD,"Изборът на подарък за 4-годишно момче започва от човека, а не от универсален списък с подаръци. Когато търсиш подарък за 4-годишно момче, съобрази избора с интересите, ежедневието и начина на поднасяне; при персонализирани продукти провери и срока за изработка.",,GOOD,1,4,2,EMPTY,0,0,0,/podarak-za-4-godishno-momche/,Начало > Идеи за подарък > Подарък за дете,0,NO INCOMING ANCHOR,CONSISTENT,,WAIT,WAIT FOR CATALOGUE,Do not enrich copy before catalogue expansion
/podarak-za-40-godishnina-na-mazh/,intent,0,подарък за мъж на 40,подарък за 40 годишен мъж*,"SEMANTIC TARGET — URL, taxonomy, current SEO definition and generated catalogue; no local GSC/search-volume export",gift/occasion,Подарък за 40-годишен мъж – идеи за подарък | Българитъм,Подарък за 40-годишен мъж – идеи за подарък | Българитъм,GOOD,Подарък за 40-годишен мъж,Подарък за 40-годишен мъж,GOOD,"Подарък за 40-годишен мъж: идеи според възрастта 40 години, с подробности за вариантите, персонализацията и доставката при бранда.","Подарък за 40-годишен мъж: идеи според възрастта 40 години, с подробности за вариантите, персонализацията и доставката при бранда.",GOOD,"Изборът на подарък за 40-годишен мъж започва от човека, а не от универсален списък с подаръци. Когато търсиш подарък за 40-годишен мъж, съобрази избора с интересите, ежедневието и начина на поднасяне; при персонализирани продукти провери и срока за изработка.",,GOOD,1,4,2,EMPTY,0,0,0,/podarak-za-40-godishnina-na-mazh/,Начало > Идеи за подарък > Подарък за мъж,0,NO INCOMING ANCHOR,CONSISTENT,,WAIT,WAIT FOR CATALOGUE,Do not enrich copy before catalogue expansion
/podarak-za-40-godishnina-ot-svatba/,intent,0,подарък за 40 годишнина от сватба,,"SEMANTIC TARGET — URL, taxonomy, current SEO definition and generated catalogue; no local GSC/search-volume export",gift/occasion,Подарък за 40 години от сватбата | Българитъм,Подарък за 40 години от сватбата | Българитъм,GOOD,Подарък за 40 години от сватбата,Подарък за 40 години от сватбата,GOOD,"Подарък за 40 години от сватбата: идеи според повода сватба, с подробности за вариантите, персонализацията и доставката при бранда.","Подарък за 40 години от сватбата: идеи според повода сватба, с подробности за вариантите, персонализацията и доставката при бранда.",GOOD,"Изборът на подарък за 40 години от сватбата започва от човека и повода сватба, а не от универсален списък с подаръци. Когато търсиш подарък за 40 години от сватбата, съобрази избора с интересите, ежедневието и начина на поднасяне; при персонализирани продукти провери и срока за изработка.",,GOOD,1,4,2,EMPTY,0,0,0,/podarak-za-40-godishnina-ot-svatba/,Начало > Идеи за подарък,0,NO INCOMING ANCHOR,CONSISTENT,,WAIT,WAIT FOR CATALOGUE,Do not enrich copy before catalogue expansion
/podarak-za-60-godishen-yubiley-mazh/,intent,0,подарък за мъж на 60,подарък за мъж 60 годишен юбилей | подаръци за 60 годишен юбилей мъж | подарък за 60 годишен юбилей за мъж | подарък за 60 годишен юбилей на мъж | подарък за мъж за 60 годишен юбилей | идеи за подарък за 60 годишен юбилей на мъж,"SEMANTIC TARGET — URL, taxonomy, current SEO definition and generated catalogue; no local GSC/search-volume export",gift/occasion,Подарък за 60-годишен мъж – идеи за подарък | Българитъм,Подарък за 60-годишен мъж – идеи за подарък | Българитъм,GOOD,Подарък за 60-годишен мъж,Подарък за 60-годишен мъж,GOOD,"Подарък за 60-годишен мъж: идеи според възрастта 60 години, с подробности за вариантите, персонализацията и доставката при бранда.","Подарък за 60-годишен мъж: идеи според възрастта 60 години, с подробности за вариантите, персонализацията и доставката при бранда.",GOOD,"Изборът на подарък за 60-годишен мъж започва от човека, а не от универсален списък с подаръци. Когато търсиш подарък за 60-годишен мъж, съобрази избора с интересите, ежедневието и начина на поднасяне; при персонализирани продукти провери и срока за изработка.",,GOOD,1,4,2,EMPTY,0,0,0,/podarak-za-60-godishen-yubiley-mazh/,Начало > Идеи за подарък > Подарък за мъж,0,NO INCOMING ANCHOR,CONSISTENT,,WAIT,WAIT FOR CATALOGUE,Do not enrich copy before catalogue expansion
/podarak-za-70-godishen-yubiley-na-zhena/,intent,0,подарък за жена на 70,подарък за 70 годишен юбилей жена | подарък за 70 годишен юбилей за жена | идеи за подарък за 70 годишен юбилей на жена,"SEMANTIC TARGET — URL, taxonomy, current SEO definition and generated catalogue; no local GSC/search-volume export",gift/occasion,Подарък за 70-годишна жена – идеи за подарък | Българитъм,Подарък за 70-годишна жена – идеи за подарък | Българитъм,GOOD,Подарък за 70-годишна жена,Подарък за 70-годишна жена,GOOD,"Подарък за 70-годишна жена: идеи според възрастта 70 години, с подробности за вариантите, персонализацията и доставката при бранда.","Подарък за 70-годишна жена: идеи според възрастта 70 години, с подробности за вариантите, персонализацията и доставката при бранда.",GOOD,"Изборът на подарък за 70-годишна жена започва от човека, а не от универсален списък с подаръци. Когато търсиш подарък за 70-годишна жена, съобрази избора с интересите, ежедневието и начина на поднасяне; при персонализирани продукти провери и срока за изработка.",,GOOD,1,4,2,EMPTY,0,0,0,/podarak-za-70-godishen-yubiley-na-zhena/,Начало > Идеи за подарък > Подарък за жена,0,NO INCOMING ANCHOR,CONSISTENT,,WAIT,WAIT FOR CATALOGUE,Do not enrich copy before catalogue expansion
/podarak-za-70-godishnina-na-mazh/,intent,0,подарък за мъж на 70,подарък за юбилей на мъж 70 години | подарък за мъж на 70 години | подарък за 70 годишнина на мъж,"SEMANTIC TARGET — URL, taxonomy, current SEO definition and generated catalogue; no local GSC/search-volume export",gift/occasion,Подарък за 70-годишен мъж – идеи за подарък | Българитъм,Подарък за 70-годишен мъж – идеи за подарък | Българитъм,GOOD,Подарък за 70-годишен мъж,Подарък за 70-годишен мъж,GOOD,"Подарък за 70-годишен мъж: идеи според възрастта 70 години, с подробности за вариантите, персонализацията и доставката при бранда.","Подарък за 70-годишен мъж: идеи според възрастта 70 години, с подробности за вариантите, персонализацията и доставката при бранда.",GOOD,"Изборът на подарък за 70-годишен мъж започва от човека, а не от универсален списък с подаръци. Когато търсиш подарък за 70-годишен мъж, съобрази избора с интересите, ежедневието и начина на поднасяне; при персонализирани продукти провери и срока за изработка.",,GOOD,1,4,2,EMPTY,0,0,0,/podarak-za-70-godishnina-na-mazh/,Начало > Идеи за подарък > Подарък за мъж,0,NO INCOMING ANCHOR,CONSISTENT,,WAIT,WAIT FOR CATALOGUE,Do not enrich copy before catalogue expansion
/podarak-za-8-mart-za-uchitelka/,intent,0,подарък за 8 март за учителка,подарък 8 март учителка | подарък за учителка 8 март | подарък за учител за 8 март | подарък за 8 март на учителка,"SEMANTIC TARGET — URL, taxonomy, current SEO definition and generated catalogue; no local GSC/search-volume export",gift/occasion,Подарък за учителка за 8 март – идеи за подарък | Българитъм,Подарък за учителка за 8 март – идеи за подарък | Българитъм,GOOD,Подарък за учителка за 8 март,Подарък за учителка за 8 март,GOOD,"Подарък за учителка за 8 март: идеи според повода 8 март, с подробности за вариантите, персонализацията и доставката при бранда.","Подарък за учителка за 8 март: идеи според повода 8 март, с подробности за вариантите, персонализацията и доставката при бранда.",GOOD,"Изборът на подарък за учителка за 8 март започва от човека и повода 8 март, а не от универсален списък с подаръци. Когато търсиш подарък за учителка за 8 март, съобрази избора с интересите, ежедневието и начина на поднасяне; при персонализирани продукти провери и срока за изработка.",,GOOD,1,4,2,EMPTY,0,0,0,/podarak-za-8-mart-za-uchitelka/,Начало > Идеи за подарък > Подарък за жена,0,NO INCOMING ANCHOR,CONSISTENT,,WAIT,WAIT FOR CATALOGUE,Do not enrich copy before catalogue expansion
/podarak-za-80-godishen-yubiley-zhena/,intent,0,подарък за жена на 80,подарък за 80 годишен юбилей на жена,"SEMANTIC TARGET — URL, taxonomy, current SEO definition and generated catalogue; no local GSC/search-volume export",gift/occasion,Подарък за 80-годишна жена – идеи за подарък | Българитъм,Подарък за 80-годишна жена – идеи за подарък | Българитъм,GOOD,Подарък за 80-годишна жена,Подарък за 80-годишна жена,GOOD,"Подарък за 80-годишна жена: идеи според възрастта 80 години, с подробности за вариантите, персонализацията и доставката при бранда.","Подарък за 80-годишна жена: идеи според възрастта 80 години, с подробности за вариантите, персонализацията и доставката при бранда.",GOOD,"Изборът на подарък за 80-годишна жена започва от човека, а не от универсален списък с подаръци. Когато търсиш подарък за 80-годишна жена, съобрази избора с интересите, ежедневието и начина на поднасяне; при персонализирани продукти провери и срока за изработка.",,GOOD,1,4,2,EMPTY,0,0,0,/podarak-za-80-godishen-yubiley-zhena/,Начало > Идеи за подарък > Подарък за жена,0,NO INCOMING ANCHOR,CONSISTENT,,WAIT,WAIT FOR CATALOGUE,Do not enrich copy before catalogue expansion
/podarak-za-80-godishnina-na-mazh/,intent,0,подарък за мъж на 80,подарък за 80 годишен мъж | подарък за 80 годишнина на мъж | подарък за юбилей 80 години мъж,"SEMANTIC TARGET — URL, taxonomy, current SEO definition and generated catalogue; no local GSC/search-volume export",gift/occasion,Подарък за 80-годишен мъж – идеи за подарък | Българитъм,Подарък за 80-годишен мъж – идеи за подарък | Българитъм,GOOD,Подарък за 80-годишен мъж,Подарък за 80-годишен мъж,GOOD,"Подарък за 80-годишен мъж: идеи според възрастта 80 години, с подробности за вариантите, персонализацията и доставката при бранда.","Подарък за 80-годишен мъж: идеи според възрастта 80 години, с подробности за вариантите, персонализацията и доставката при бранда.",GOOD,"Изборът на подарък за 80-годишен мъж започва от човека, а не от универсален списък с подаръци. Когато търсиш подарък за 80-годишен мъж, съобрази избора с интересите, ежедневието и начина на поднасяне; при персонализирани продукти провери и срока за изработка.",,GOOD,1,4,2,EMPTY,0,0,0,/podarak-za-80-godishnina-na-mazh/,Начало > Идеи за подарък > Подарък за мъж,0,NO INCOMING ANCHOR,CONSISTENT,,WAIT,WAIT FOR CATALOGUE,Do not enrich copy before catalogue expansion
/podarak-za-bebe-momche/,intent,21,подарък за бебе момче,подарък бебе момче | подаръци за бебе момче,"SEMANTIC TARGET — URL, taxonomy, current SEO definition and generated catalogue; no local GSC/search-volume export",gift/occasion,Подарък за бебе момченце – идеи за подарък | Българитъм,Подарък за бебе момченце – идеи за подарък | Българитъм,GOOD,Подарък за бебе момченце,Подарък за бебе момченце,GOOD,"Подарък за бебе момченце: идеи според конкретния получател, с подробности за вариантите, персонализацията и доставката при бранда.","Подарък за бебе момченце: идеи според конкретния получател, с подробности за вариантите, персонализацията и доставката при бранда.",GOOD,"Изборът на подарък за бебе момченце започва от човека, а не от универсален списък с подаръци. Когато търсиш подарък за бебе момченце, съобрази избора с интересите, ежедневието и начина на поднасяне; при персонализирани продукти провери и срока за изработка.",,GOOD,1,3,2,STRONG,21,0,0,/podarak-za-bebe-momche/,Начало > Идеи за подарък > Подарък за бебе,8,GOOD,CONSISTENT,/podarak-za-bebe-momche/ | /podarak-za-bebe-momiche/,P1,Optimize flagged fields; preserve the verified catalogue intent,
/podarak-za-bebe-momiche/,intent,24,подарък за бебе момиче,подаръци за бебе момиче,"SEMANTIC TARGET — URL, taxonomy, current SEO definition and generated catalogue; no local GSC/search-volume export",gift/occasion,Подарък за бебе момиченце – идеи за подарък | Българитъм,Подарък за бебе момиченце – идеи за подарък | Българитъм,GOOD,Подарък за бебе момиченце,Подарък за бебе момиченце,GOOD,"Подарък за бебе момиченце: идеи според конкретния получател, с подробности за вариантите, персонализацията и доставката при бранда.","Подарък за бебе момиченце: идеи според конкретния получател, с подробности за вариантите, персонализацията и доставката при бранда.",GOOD,"Изборът на подарък за бебе момиченце започва от човека, а не от универсален списък с подаръци. Когато търсиш подарък за бебе момиченце, съобрази избора с интересите, ежедневието и начина на поднасяне; при персонализирани продукти провери и срока за изработка.",,GOOD,1,3,2,STRONG,24,0,0,/podarak-za-bebe-momiche/,Начало > Идеи за подарък > Подарък за бебе,8,GOOD,CONSISTENT,/podarak-za-bebe-momche/ | /podarak-za-bebe-momiche/,P1,Optimize flagged fields; preserve the verified catalogue intent,
/podarak-za-dete-na-1-godina/,intent,0,подарък за дете на 1 година,подарък дете 1 година | подарък за дете 1 година | идеи за подарък за дете на 1 година | идея за подарък на дете на 1 година,"SEMANTIC TARGET — URL, taxonomy, current SEO definition and generated catalogue; no local GSC/search-volume export",gift/occasion,Подарък за дете на 1 година – идеи за подарък | Българитъм,Подарък за дете на 1 година – идеи за подарък | Българитъм,GOOD,Подарък за дете на 1 година,Подарък за дете на 1 година,GOOD,"Подарък за дете на 1 година: идеи според възрастта 1 години, с подробности за вариантите, персонализацията и доставката при бранда.","Подарък за дете на 1 година: идеи според възрастта 1 години, с подробности за вариантите, персонализацията и доставката при бранда.",GOOD,"Изборът на подарък за дете на 1 година започва от човека, а не от универсален списък с подаръци. Когато търсиш подарък за дете на 1 година, съобрази избора с интересите, ежедневието и начина на поднасяне; при персонализирани продукти провери и срока за изработка.",,GOOD,1,4,2,EMPTY,0,0,0,/podarak-za-dete-na-1-godina/,Начало > Идеи за подарък > Подарък за дете,0,NO INCOMING ANCHOR,CONSISTENT,,WAIT,WAIT FOR CATALOGUE,Do not enrich copy before catalogue expansion
/podarak-za-dete-na-10-godini/,intent,0,подарък за дете на 10 години,,"SEMANTIC TARGET — URL, taxonomy, current SEO definition and generated catalogue; no local GSC/search-volume export",gift/occasion,Подарък за дете на 10 години – идеи за подарък | Българитъм,Подарък за дете на 10 години – идеи за подарък | Българитъм,GOOD,Подарък за дете на 10 години,Подарък за дете на 10 години,GOOD,"Подарък за дете на 10 години: идеи според възрастта 10 години, с подробности за вариантите, персонализацията и доставката при бранда.","Подарък за дете на 10 години: идеи според възрастта 10 години, с подробности за вариантите, персонализацията и доставката при бранда.",GOOD,"Изборът на подарък за дете на 10 години започва от човека, а не от универсален списък с подаръци. Когато търсиш подарък за дете на 10 години, съобрази избора с интересите, ежедневието и начина на поднасяне; при персонализирани продукти провери и срока за изработка.",,GOOD,1,4,2,EMPTY,0,0,0,/podarak-za-dete-na-10-godini/,Начало > Идеи за подарък > Подарък за дете,0,NO INCOMING ANCHOR,CONSISTENT,,WAIT,WAIT FOR CATALOGUE,Do not enrich copy before catalogue expansion
/podarak-za-dete-na-14-godini/,intent,1,подарък за дете на 14 години,,"SEMANTIC TARGET — URL, taxonomy, current SEO definition and generated catalogue; no local GSC/search-volume export",gift/occasion,Подарък за дете на 14 години – идеи за подарък | Българитъм,Подарък за дете на 14 години – идеи за подарък | Българитъм,GOOD,Подарък за дете на 14 години,Подарък за дете на 14 години,GOOD,"Подарък за дете на 14 години: идеи според възрастта 14 години, с подробности за вариантите, персонализацията и доставката при бранда.","Подарък за дете на 14 години: идеи според възрастта 14 години, с подробности за вариантите, персонализацията и доставката при бранда.",GOOD,"Изборът на подарък за дете на 14 години започва от човека, а не от универсален списък с подаръци. Когато търсиш подарък за дете на 14 години, съобрази избора с интересите, ежедневието и начина на поднасяне; при персонализирани продукти провери и срока за изработка.",,GOOD,1,3,2,STRONG,1,0,0,/podarak-za-dete-na-14-godini/,Начало > Идеи за подарък > Подарък за дете,16,GOOD,CONSISTENT,,P3,THIN — CATALOGUE PRIORITY,
/podarak-za-dete-na-2-godini/,intent,0,подарък за дете на 2 години,подарък дете 2 години | подарък за дете 2 години,"SEMANTIC TARGET — URL, taxonomy, current SEO definition and generated catalogue; no local GSC/search-volume export",gift/occasion,Подарък за дете на 2 години – идеи за подарък | Българитъм,Подарък за дете на 2 години – идеи за подарък | Българитъм,GOOD,Подарък за дете на 2 години,Подарък за дете на 2 години,GOOD,"Подарък за дете на 2 години: идеи според възрастта 2 години, с подробности за вариантите, персонализацията и доставката при бранда.","Подарък за дете на 2 години: идеи според възрастта 2 години, с подробности за вариантите, персонализацията и доставката при бранда.",GOOD,"Изборът на подарък за дете на 2 години започва от човека, а не от универсален списък с подаръци. Когато търсиш подарък за дете на 2 години, съобрази избора с интересите, ежедневието и начина на поднасяне; при персонализирани продукти провери и срока за изработка.",,GOOD,1,4,2,EMPTY,0,0,0,/podarak-za-dete-na-2-godini/,Начало > Идеи за подарък > Подарък за дете,0,NO INCOMING ANCHOR,CONSISTENT,,WAIT,WAIT FOR CATALOGUE,Do not enrich copy before catalogue expansion
/podarak-za-dete-na-3-godini/,intent,0,подарък за дете на 3 години,идеи за подарък за дете на 3 години,"SEMANTIC TARGET — URL, taxonomy, current SEO definition and generated catalogue; no local GSC/search-volume export",gift/occasion,Подарък за дете на 3 години – идеи за подарък | Българитъм,Подарък за дете на 3 години – идеи за подарък | Българитъм,GOOD,Подарък за дете на 3 години,Подарък за дете на 3 години,GOOD,"Подарък за дете на 3 години: идеи според възрастта 3 години, с подробности за вариантите, персонализацията и доставката при бранда.","Подарък за дете на 3 години: идеи според възрастта 3 години, с подробности за вариантите, персонализацията и доставката при бранда.",GOOD,"Изборът на подарък за дете на 3 години започва от човека, а не от универсален списък с подаръци. Когато търсиш подарък за дете на 3 години, съобрази избора с интересите, ежедневието и начина на поднасяне; при персонализирани продукти провери и срока за изработка.",,GOOD,1,4,2,EMPTY,0,0,0,/podarak-za-dete-na-3-godini/,Начало > Идеи за подарък > Подарък за дете,0,NO INCOMING ANCHOR,CONSISTENT,,WAIT,WAIT FOR CATALOGUE,Do not enrich copy before catalogue expansion
/podarak-za-dete-na-4-godini/,intent,0,подарък за дете на 4 години,,"SEMANTIC TARGET — URL, taxonomy, current SEO definition and generated catalogue; no local GSC/search-volume export",gift/occasion,Подарък за дете на 4 години – идеи за подарък | Българитъм,Подарък за дете на 4 години – идеи за подарък | Българитъм,GOOD,Подарък за дете на 4 години,Подарък за дете на 4 години,GOOD,"Подарък за дете на 4 години: идеи според възрастта 4 години, с подробности за вариантите, персонализацията и доставката при бранда.","Подарък за дете на 4 години: идеи според възрастта 4 години, с подробности за вариантите, персонализацията и доставката при бранда.",GOOD,"Изборът на подарък за дете на 4 години започва от човека, а не от универсален списък с подаръци. Когато търсиш подарък за дете на 4 години, съобрази избора с интересите, ежедневието и начина на поднасяне; при персонализирани продукти провери и срока за изработка.",,GOOD,1,4,2,EMPTY,0,0,0,/podarak-za-dete-na-4-godini/,Начало > Идеи за подарък > Подарък за дете,0,NO INCOMING ANCHOR,CONSISTENT,,WAIT,WAIT FOR CATALOGUE,Do not enrich copy before catalogue expansion
/podarak-za-dete-na-7-godini/,intent,0,подарък за дете на 7 години,,"SEMANTIC TARGET — URL, taxonomy, current SEO definition and generated catalogue; no local GSC/search-volume export",gift/occasion,Подарък за дете на 7 години – идеи за подарък | Българитъм,Подарък за дете на 7 години – идеи за подарък | Българитъм,GOOD,Подарък за дете на 7 години,Подарък за дете на 7 години,GOOD,"Подарък за дете на 7 години: идеи според възрастта 7 години, с подробности за вариантите, персонализацията и доставката при бранда.","Подарък за дете на 7 години: идеи според възрастта 7 години, с подробности за вариантите, персонализацията и доставката при бранда.",GOOD,"Изборът на подарък за дете на 7 години започва от човека, а не от универсален списък с подаръци. Когато търсиш подарък за дете на 7 години, съобрази избора с интересите, ежедневието и начина на поднасяне; при персонализирани продукти провери и срока за изработка.",,GOOD,1,4,2,EMPTY,0,0,0,/podarak-za-dete-na-7-godini/,Начало > Идеи за подарък > Подарък за дете,0,NO INCOMING ANCHOR,CONSISTENT,,WAIT,WAIT FOR CATALOGUE,Do not enrich copy before catalogue expansion
/podarak-za-dete-na-9-godini/,intent,0,подарък за дете на 9 години,,"SEMANTIC TARGET — URL, taxonomy, current SEO definition and generated catalogue; no local GSC/search-volume export",gift/occasion,Подарък за дете на 9 години – идеи за подарък | Българитъм,Подарък за дете на 9 години – идеи за подарък | Българитъм,GOOD,Подарък за дете на 9 години,Подарък за дете на 9 години,GOOD,"Подарък за дете на 9 години: идеи според възрастта 9 години, с подробности за вариантите, персонализацията и доставката при бранда.","Подарък за дете на 9 години: идеи според възрастта 9 години, с подробности за вариантите, персонализацията и доставката при бранда.",GOOD,"Изборът на подарък за дете на 9 години започва от човека, а не от универсален списък с подаръци. Когато търсиш подарък за дете на 9 години, съобрази избора с интересите, ежедневието и начина на поднасяне; при персонализирани продукти провери и срока за изработка.",,GOOD,1,4,2,EMPTY,0,0,0,/podarak-za-dete-na-9-godini/,Начало > Идеи за подарък > Подарък за дете,0,NO INCOMING ANCHOR,CONSISTENT,,WAIT,WAIT FOR CATALOGUE,Do not enrich copy before catalogue expansion
/podarak-za-godishnina-ot-svatba/,intent,0,подарък за годишнина от сватба,идеи за подарък за годишнина от сватба | годишнина сватба подарък | подарък годишнина сватба | годишнина от сватба подарък | подарък годишнина от сватба | подарък за сватбена годишнина,"SEMANTIC TARGET — URL, taxonomy, current SEO definition and generated catalogue; no local GSC/search-volume export",gift/occasion,Подарък за годишнина от сватба | Българитъм,Подарък за годишнина от сватба | Българитъм,GOOD,Подарък за годишнина от сватба,Подарък за годишнина от сватба,GOOD,"Подарък за годишнина от сватба: идеи според повода сватба, с подробности за вариантите, персонализацията и доставката при бранда.","Подарък за годишнина от сватба: идеи според повода сватба, с подробности за вариантите, персонализацията и доставката при бранда.",GOOD,"Изборът на подарък за годишнина от сватба започва от човека и повода сватба, а не от универсален списък с подаръци. Когато търсиш подарък за годишнина от сватба, съобрази избора с интересите, ежедневието и начина на поднасяне; при персонализирани продукти провери и срока за изработка.",,GOOD,1,4,2,EMPTY,0,0,0,/podarak-za-godishnina-ot-svatba/,Начало > Идеи за подарък,0,NO INCOMING ANCHOR,CONSISTENT,,WAIT,WAIT FOR CATALOGUE,Do not enrich copy before catalogue expansion
/podarak-za-imen-den-na-zhena/,intent,7,подарък за жена за имен ден,подарък имен ден жена | подарък за жена имен ден | подарък за имен ден жена | подарък за имен ден за жена | подаръци за жени за имен ден | подаръци за имен ден за жена,"SEMANTIC TARGET — URL, taxonomy, current SEO definition and generated catalogue; no local GSC/search-volume export",gift/occasion,Подарък за имен ден на жена – идеи за подарък | Българитъм,Подарък за имен ден на жена – идеи за подарък | Българитъм,GOOD,Подарък за имен ден на жена,Подарък за имен ден на жена,GOOD,"Подарък за имен ден на жена: идеи според повода имен ден, с подробности за вариантите, персонализацията и доставката при бранда.","Подарък за имен ден на жена: идеи според повода имен ден, с подробности за вариантите, персонализацията и доставката при бранда.",GOOD,"Изборът на подарък за имен ден на жена започва от човека и повода имен ден, а не от универсален списък с подаръци. Когато търсиш подарък за имен ден на жена, съобрази избора с интересите, ежедневието и начина на поднасяне; при персонализирани продукти провери и срока за изработка.",,GOOD,1,3,2,STRONG,7,0,0,/podarak-za-imen-den-na-zhena/,Начало > Идеи за подарък > Подарък за жена,22,GOOD,CONSISTENT,,P2,Optimize flagged fields; preserve the verified catalogue intent,
/podarak-za-izpisvane-na-bebe/,intent,5,подарък за изписване,,"SEMANTIC TARGET — URL, taxonomy, current SEO definition and generated catalogue; no local GSC/search-volume export",gift/occasion,Подарък за изписване – идеи за подарък | Българитъм,Подарък за изписване – идеи за подарък | Българитъм,GOOD,Подарък за изписване,Подарък за изписване,GOOD,"Подарък за изписване: идеи според повода изписване, с подробности за вариантите, персонализацията и доставката при бранда.","Подарък за изписване: идеи според повода изписване, с подробности за вариантите, персонализацията и доставката при бранда.",GOOD,"Изборът на подарък за изписване започва от човека и повода изписване, а не от универсален списък с подаръци. Когато търсиш подарък за изписване, съобрази избора с интересите, ежедневието и начина на поднасяне; при персонализирани продукти провери и срока за изработка.",,GOOD,1,3,2,STRONG,5,0,0,/podarak-za-izpisvane-na-bebe/,Начало > Идеи за подарък > Подарък за бебе,8,GOOD,CONSISTENT,,P3,IMPROVING — review the flagged on-page fields,
/podarak-za-krashtene/,intent,10,подарък за кръщене,кръщене подарък | подарък кръщене | идеи за подарък кръщене | идеи за подарък за кръщене,"SEMANTIC TARGET — URL, taxonomy, current SEO definition and generated catalogue; no local GSC/search-volume export",gift/occasion,Подарък за кръщене – идеи за подарък | Българитъм,Подарък за кръщене – идеи за подарък | Българитъм,GOOD,Подарък за кръщене,Подарък за кръщене,GOOD,"Подарък за кръщене: идеи според повода кръщене, с подробности за вариантите, персонализацията и доставката при бранда.","Подарък за кръщене: идеи според повода кръщене, с подробности за вариантите, персонализацията и доставката при бранда.",GOOD,"Изборът на подарък за кръщене започва от човека и повода кръщене, а не от универсален списък с подаръци. Когато търсиш подарък за кръщене, съобрази избора с интересите, ежедневието и начина на поднасяне; при персонализирани продукти провери и срока за изработка.",,GOOD,1,3,2,STRONG,10,0,0,/podarak-za-krashtene/,Начало > Идеи за подарък,14,GOOD,CONSISTENT,,P2,Optimize flagged fields; preserve the verified catalogue intent,
/podarak-za-kulinar-mazh/,intent,1,подарък за мъж кулинар,,"SEMANTIC TARGET — URL, taxonomy, current SEO definition and generated catalogue; no local GSC/search-volume export",gift/occasion,"Подарък за мъж, който обича да готви | Българитъм","Подарък за мъж, който обича да готви | Българитъм",GOOD,"Подарък за мъж, който обича да готви","Подарък за мъж, който обича да готви",GOOD,"Подарък за мъж, който обича да готви: идеи според интересите на получателя, с подробности за вариантите, персонализацията и доставката при бранда.","Подарък за мъж, който обича да готви: идеи според интересите на получателя, с подробности за вариантите, персонализацията и доставката при бранда.",GOOD,"Изборът на подарък за мъж, който обича да готви започва от човека, а не от универсален списък с подаръци. Когато търсиш подарък за мъж, който обича да готви, съобрази избора с интересите, ежедневието и начина на поднасяне; при персонализирани продукти провери и срока за изработка.",,GOOD,1,3,2,STRONG,1,0,0,/podarak-za-kulinar-mazh/,Начало > Идеи за подарък > Подарък за мъж,24,GOOD,CONSISTENT,,P3,THIN — CATALOGUE PRIORITY,
/podarak-za-lovets-mazh/,intent,0,подарък за мъж ловец,подарък за мъж ловджия,"SEMANTIC TARGET — URL, taxonomy, current SEO definition and generated catalogue; no local GSC/search-volume export",gift/occasion,Подарък за ловец – идеи за подарък | Българитъм,Подарък за ловец – идеи за подарък | Българитъм,GOOD,Подарък за ловец,Подарък за ловец,GOOD,"Подарък за ловец: идеи според интересите на получателя, с подробности за вариантите, персонализацията и доставката при бранда.","Подарък за ловец: идеи според интересите на получателя, с подробности за вариантите, персонализацията и доставката при бранда.",GOOD,"Изборът на подарък за ловец започва от човека, а не от универсален списък с подаръци. Когато търсиш подарък за ловец, съобрази избора с интересите, ежедневието и начина на поднасяне; при персонализирани продукти провери и срока за изработка.",,GOOD,1,4,2,EMPTY,0,0,0,/podarak-za-lovets-mazh/,Начало > Идеи за подарък > Подарък за мъж,0,NO INCOMING ANCHOR,CONSISTENT,,WAIT,WAIT FOR CATALOGUE,Do not enrich copy before catalogue expansion
/podarak-za-mazh-na-50/,intent,0,подарък за 50 годишнина на мъж,подарък за 50 годишен юбилей на мъж | подарък за мъж на 50 | подарък за мъж 50 години | подарък за мъж 50 годишнина | подарък за юбилей на мъж 50 | подаръци за 50 годишен юбилей на мъж,"SEMANTIC TARGET — URL, taxonomy, current SEO definition and generated catalogue; no local GSC/search-volume export",gift/occasion,Подарък за 50-годишен мъж – идеи за подарък | Българитъм,Подарък за 50-годишен мъж – идеи за подарък | Българитъм,GOOD,Подарък за 50-годишен мъж,Подарък за 50-годишен мъж,GOOD,"Подарък за 50-годишен мъж: идеи според възрастта 50 години, с подробности за вариантите, персонализацията и доставката при бранда.","Подарък за 50-годишен мъж: идеи според възрастта 50 години, с подробности за вариантите, персонализацията и доставката при бранда.",GOOD,"Изборът на подарък за 50-годишен мъж започва от човека, а не от универсален списък с подаръци. Когато търсиш подарък за 50-годишен мъж, съобрази избора с интересите, ежедневието и начина на поднасяне; при персонализирани продукти провери и срока за изработка.",,GOOD,1,4,2,EMPTY,0,0,0,/podarak-za-mazh-na-50/,Начало > Идеи за подарък > Подарък за мъж,0,NO INCOMING ANCHOR,CONSISTENT,,WAIT,WAIT FOR CATALOGUE,Do not enrich copy before catalogue expansion
/podarak-za-mazh-ribar/,intent,0,подарък за мъж рибар,,"SEMANTIC TARGET — URL, taxonomy, current SEO definition and generated catalogue; no local GSC/search-volume export",gift/occasion,Подарък за рибар – идеи за подарък | Българитъм,Подарък за рибар – идеи за подарък | Българитъм,GOOD,Подарък за рибар,Подарък за рибар,GOOD,"Подарък за рибар: идеи според интересите на получателя, с подробности за вариантите, персонализацията и доставката при бранда.","Подарък за рибар: идеи според интересите на получателя, с подробности за вариантите, персонализацията и доставката при бранда.",GOOD,"Изборът на подарък за рибар започва от човека, а не от универсален списък с подаръци. Когато търсиш подарък за рибар, съобрази избора с интересите, ежедневието и начина на поднасяне; при персонализирани продукти провери и срока за изработка.",,GOOD,1,4,2,EMPTY,0,0,0,/podarak-za-mazh-ribar/,Начало > Идеи за подарък > Подарък за мъж,0,NO INCOMING ANCHOR,CONSISTENT,,WAIT,WAIT FOR CATALOGUE,Do not enrich copy before catalogue expansion
/podarak-za-mazh-sportist/,intent,3,подарък за мъж спортист,,"SEMANTIC TARGET — URL, taxonomy, current SEO definition and generated catalogue; no local GSC/search-volume export",gift/occasion,Подарък за спортуващ мъж – идеи за подарък | Българитъм,Подарък за спортуващ мъж – идеи за подарък | Българитъм,GOOD,Подарък за спортуващ мъж,Подарък за спортуващ мъж,GOOD,"Подарък за спортуващ мъж: идеи според интересите на получателя, с подробности за вариантите, персонализацията и доставката при бранда.","Подарък за спортуващ мъж: идеи според интересите на получателя, с подробности за вариантите, персонализацията и доставката при бранда.",GOOD,"Изборът на подарък за спортуващ мъж започва от човека, а не от универсален списък с подаръци. Когато търсиш подарък за спортуващ мъж, съобрази избора с интересите, ежедневието и начина на поднасяне; при персонализирани продукти провери и срока за изработка.",,GOOD,1,3,2,STRONG,3,0,0,/podarak-za-mazh-sportist/,Начало > Идеи за подарък > Подарък за мъж,24,GOOD,CONSISTENT,,P3,IMPROVING — review the flagged on-page fields,
/podarak-za-mazh-za-diplomirane/,intent,0,подарък за мъж за дипломиране,,"SEMANTIC TARGET — URL, taxonomy, current SEO definition and generated catalogue; no local GSC/search-volume export",gift/occasion,Подарък за дипломиране на мъж – идеи за подарък | Българитъм,Подарък за дипломиране на мъж – идеи за подарък | Българитъм,GOOD,Подарък за дипломиране на мъж,Подарък за дипломиране на мъж,GOOD,"Подарък за дипломиране на мъж: идеи според повода дипломиране, с подробности за вариантите, персонализацията и доставката при бранда.","Подарък за дипломиране на мъж: идеи според повода дипломиране, с подробности за вариантите, персонализацията и доставката при бранда.",GOOD,"Изборът на подарък за дипломиране на мъж започва от човека и повода дипломиране, а не от универсален списък с подаръци. Когато търсиш подарък за дипломиране на мъж, съобрази избора с интересите, ежедневието и начина на поднасяне; при персонализирани продукти провери и срока за изработка.",,GOOD,1,4,2,EMPTY,0,0,0,/podarak-za-mazh-za-diplomirane/,Начало > Идеи за подарък > Подарък за мъж,0,NO INCOMING ANCHOR,CONSISTENT,,WAIT,WAIT FOR CATALOGUE,Do not enrich copy before catalogue expansion
/podarak-za-mazh-za-imen-den/,intent,4,подарък за имен ден на мъж,подарък за имен ден за мъж | подарък за имен ден мъж | идеи за подарък за имен ден на мъж | подаръци за имен ден на мъж,"SEMANTIC TARGET — URL, taxonomy, current SEO definition and generated catalogue; no local GSC/search-volume export",gift/occasion,Подарък за имен ден на мъж – идеи за подарък | Българитъм,Подарък за имен ден на мъж – идеи за подарък | Българитъм,GOOD,Подарък за имен ден на мъж,Подарък за имен ден на мъж,GOOD,"Подарък за имен ден на мъж: идеи според повода имен ден, с подробности за вариантите, персонализацията и доставката при бранда.","Подарък за имен ден на мъж: идеи според повода имен ден, с подробности за вариантите, персонализацията и доставката при бранда.",GOOD,"Изборът на подарък за имен ден на мъж започва от човека и повода имен ден, а не от универсален списък с подаръци. Когато търсиш подарък за имен ден на мъж, съобрази избора с интересите, ежедневието и начина на поднасяне; при персонализирани продукти провери и срока за изработка.",,GOOD,1,3,2,STRONG,4,0,0,/podarak-za-mazh-za-imen-den/,Начало > Идеи за подарък > Подарък за мъж,24,GOOD,CONSISTENT,,P3,IMPROVING — review the flagged on-page fields,
/podarak-za-mazh-za-rozhden-den/,intent,53,подарък за мъж за рожден ден,подарък за рожден ден на мъж | подаръци за мъже за рожден ден | оригинални подаръци за рожден ден на мъж | оригинален подарък за рожден ден на мъж | подарък за рожден ден за мъж | подарък за рожден ден мъж,"SEMANTIC TARGET — URL, taxonomy, current SEO definition and generated catalogue; no local GSC/search-volume export",gift/occasion,Подарък за мъж за рожден ден – идеи за подарък | Българитъм,Подарък за мъж за рожден ден – идеи за подарък | Българитъм,GOOD,Подарък за мъж за рожден ден,Подарък за мъж за рожден ден,GOOD,"Подарък за мъж за рожден ден: идеи според повода рожден ден, с подробности за вариантите, персонализацията и доставката при бранда.","Подарък за мъж за рожден ден: идеи според повода рожден ден, с подробности за вариантите, персонализацията и доставката при бранда.",GOOD,"Изборът на подарък за мъж за рожден ден започва от човека и повода рожден ден, а не от универсален списък с подаръци. Когато търсиш подарък за мъж за рожден ден, съобрази избора с интересите, ежедневието и начина на поднасяне; при персонализирани продукти провери и срока за изработка.",,GOOD,1,3,2,STRONG,53,0,0,/podarak-za-mazh-za-rozhden-den/,Начало > Идеи за подарък > Подарък за мъж,24,GOOD,CONSISTENT,,P2,Optimize flagged fields; preserve the verified catalogue intent,
/podarak-za-mazh-za-sveti-valentin/,intent,11,подарък за свети валентин за мъж,подарък за мъж за св валентин | подарък за мъж за свети валентин | подарък за мъж свети валентин | подарък за св валентин за мъж | свети валентин подарък за мъж | подаръци за мъж за свети валентин,"SEMANTIC TARGET — URL, taxonomy, current SEO definition and generated catalogue; no local GSC/search-volume export",gift/occasion,Подарък за мъж за Свети Валентин | Българитъм,Подарък за мъж за Свети Валентин | Българитъм,GOOD,Подарък за мъж за Свети Валентин,Подарък за мъж за Свети Валентин,GOOD,"Подарък за мъж за Свети Валентин: идеи според повода свети Валентин, с подробности за вариантите, персонализацията и доставката при бранда.","Подарък за мъж за Свети Валентин: идеи според повода свети Валентин, с подробности за вариантите, персонализацията и доставката при бранда.",GOOD,"Изборът на подарък за мъж за Свети Валентин започва от човека и повода свети Валентин, а не от универсален списък с подаръци. Когато търсиш подарък за мъж за Свети Валентин, съобрази избора с интересите, ежедневието и начина на поднасяне; при персонализирани продукти провери и срока за изработка.",,GOOD,1,3,2,STRONG,11,0,0,/podarak-za-mazh-za-sveti-valentin/,Начало > Идеи за подарък > Подарък за мъж,24,GOOD,CONSISTENT,,P2,Optimize flagged fields; preserve the verified catalogue intent,
/podarak-za-novorodeno/,intent,18,подарък за новородено,подарък новородено | идеи за подарък за новородено | идеи за подарък на новородено,"SEMANTIC TARGET — URL, taxonomy, current SEO definition and generated catalogue; no local GSC/search-volume export",gift/occasion,Подарък за новородено – идеи за подарък | Българитъм,Подарък за новородено – идеи за подарък | Българитъм,GOOD,Подарък за новородено,Подарък за новородено,GOOD,"Подарък за новородено: идеи според повода новородено, с подробности за вариантите, персонализацията и доставката при бранда.","Подарък за новородено: идеи според повода новородено, с подробности за вариантите, персонализацията и доставката при бранда.",GOOD,"Изборът на подарък за новородено започва от човека и повода новородено, а не от универсален списък с подаръци. Когато търсиш подарък за новородено, съобрази избора с интересите, ежедневието и начина на поднасяне; при персонализирани продукти провери и срока за изработка.",,GOOD,1,3,2,STRONG,18,0,0,/podarak-za-novorodeno/,Начало > Идеи за подарък > Подарък за бебе,8,GOOD,CONSISTENT,,P2,Optimize flagged fields; preserve the verified catalogue intent,
/podarak-za-parva-godishnina-ot-svatba/,intent,0,подарък за първа годишнина от сватба,първа годишнина от сватба подарък,"SEMANTIC TARGET — URL, taxonomy, current SEO definition and generated catalogue; no local GSC/search-volume export",gift/occasion,Подарък за първа годишнина от сватба | Българитъм,Подарък за първа годишнина от сватба | Българитъм,GOOD,Подарък за първа годишнина от сватба,Подарък за първа годишнина от сватба,GOOD,"Подарък за първа годишнина от сватба: идеи според повода сватба, с подробности за вариантите, персонализацията и доставката при бранда.","Подарък за първа годишнина от сватба: идеи според повода сватба, с подробности за вариантите, персонализацията и доставката при бранда.",GOOD,"Изборът на подарък за първа годишнина от сватба започва от човека и повода сватба, а не от универсален списък с подаръци. Когато търсиш подарък за първа годишнина от сватба, съобрази избора с интересите, ежедневието и начина на поднасяне; при персонализирани продукти провери и срока за изработка.",,GOOD,1,4,2,EMPTY,0,0,0,/podarak-za-parva-godishnina-ot-svatba/,Начало > Идеи за подарък,0,NO INCOMING ANCHOR,CONSISTENT,,WAIT,WAIT FOR CATALOGUE,Do not enrich copy before catalogue expansion
/podarak-za-pensionirane-na-mazh/,intent,0,подарък за мъж за пенсиониране,идеи за подарък за пенсиониране на мъж | подарък за пенсионер мъж | подарък за пенсиониране за мъж,"SEMANTIC TARGET — URL, taxonomy, current SEO definition and generated catalogue; no local GSC/search-volume export",gift/occasion,Подарък за пенсиониране на мъж | Българитъм,Подарък за пенсиониране на мъж | Българитъм,GOOD,Подарък за пенсиониране на мъж,Подарък за пенсиониране на мъж,GOOD,"Подарък за пенсиониране на мъж: идеи според повода пенсиониране, с подробности за вариантите, персонализацията и доставката при бранда.","Подарък за пенсиониране на мъж: идеи според повода пенсиониране, с подробности за вариантите, персонализацията и доставката при бранда.",GOOD,"Изборът на подарък за пенсиониране на мъж започва от човека и повода пенсиониране, а не от универсален списък с подаръци. Когато търсиш подарък за пенсиониране на мъж, съобрази избора с интересите, ежедневието и начина на поднасяне; при персонализирани продукти провери и срока за изработка.",,GOOD,1,4,2,EMPTY,0,0,0,/podarak-za-pensionirane-na-mazh/,Начало > Идеи за подарък > Подарък за мъж,0,NO INCOMING ANCHOR,CONSISTENT,,WAIT,WAIT FOR CATALOGUE,Do not enrich copy before catalogue expansion
/podarak-za-pensionirane-na-zhena/,intent,0,подарък за жена за пенсиониране,идеи за подарък за пенсиониране на жена | подарък за пенсиониране жена | подарък за пенсиониране за жена,"SEMANTIC TARGET — URL, taxonomy, current SEO definition and generated catalogue; no local GSC/search-volume export",gift/occasion,Подарък за пенсиониране на жена | Българитъм,Подарък за пенсиониране на жена | Българитъм,GOOD,Подарък за пенсиониране на жена,Подарък за пенсиониране на жена,GOOD,"Подарък за пенсиониране на жена: идеи според повода пенсиониране, с подробности за вариантите, персонализацията и доставката при бранда.","Подарък за пенсиониране на жена: идеи според повода пенсиониране, с подробности за вариантите, персонализацията и доставката при бранда.",GOOD,"Изборът на подарък за пенсиониране на жена започва от човека и повода пенсиониране, а не от универсален списък с подаръци. Когато търсиш подарък за пенсиониране на жена, съобрази избора с интересите, ежедневието и начина на поднасяне; при персонализирани продукти провери и срока за изработка.",,GOOD,1,4,2,EMPTY,0,0,0,/podarak-za-pensionirane-na-zhena/,Начало > Идеи за подарък > Подарък за жена,0,NO INCOMING ANCHOR,CONSISTENT,,WAIT,WAIT FOR CATALOGUE,Do not enrich copy before catalogue expansion
/podarak-za-perlena-svatba/,intent,0,подарък за перлена сватба,перлена сватба подарък,"SEMANTIC TARGET — URL, taxonomy, current SEO definition and generated catalogue; no local GSC/search-volume export",gift/occasion,Подарък за перлена сватба – идеи за подарък | Българитъм,Подарък за перлена сватба – идеи за подарък | Българитъм,GOOD,Подарък за перлена сватба,Подарък за перлена сватба,GOOD,"Подарък за перлена сватба: идеи според повода сватба, с подробности за вариантите, персонализацията и доставката при бранда.","Подарък за перлена сватба: идеи според повода сватба, с подробности за вариантите, персонализацията и доставката при бранда.",GOOD,"Изборът на подарък за перлена сватба започва от човека и повода сватба, а не от универсален списък с подаръци. Когато търсиш подарък за перлена сватба, съобрази избора с интересите, ежедневието и начина на поднасяне; при персонализирани продукти провери и срока за изработка.",,GOOD,1,4,2,EMPTY,0,0,0,/podarak-za-perlena-svatba/,Начало > Идеи за подарък,0,NO INCOMING ANCHOR,CONSISTENT,,WAIT,WAIT FOR CATALOGUE,Do not enrich copy before catalogue expansion
/podarak-za-rozhden-den-na-zhena/,intent,115,подарък за рожден ден на жена,подарък за жена за рожден ден | подарък за рожден ден за жена | идеи за подарък за жена за рожден ден | подарък жена рожден ден | подарък рожден ден жена | рожден ден жена подарък,"SEMANTIC TARGET — URL, taxonomy, current SEO definition and generated catalogue; no local GSC/search-volume export",gift/occasion,Подарък за рожден ден на жена – идеи за подарък | Българитъм,Подарък за рожден ден на жена – идеи за подарък | Българитъм,GOOD,Подарък за рожден ден на жена,Подарък за рожден ден на жена,GOOD,"Подарък за рожден ден на жена: идеи според повода рожден ден, с подробности за вариантите, персонализацията и доставката при бранда.","Подарък за рожден ден на жена: идеи според повода рожден ден, с подробности за вариантите, персонализацията и доставката при бранда.",GOOD,"Изборът на подарък за рожден ден на жена започва от човека и повода рожден ден, а не от универсален списък с подаръци. Когато търсиш подарък за рожден ден на жена, съобрази избора с интересите, ежедневието и начина на поднасяне; при персонализирани продукти провери и срока за изработка.",,GOOD,1,3,2,STRONG,115,0,0,/podarak-za-rozhden-den-na-zhena/,Начало > Идеи за подарък > Подарък за жена,22,GOOD,CONSISTENT,,P2,Optimize flagged fields; preserve the verified catalogue intent,
/podarak-za-srebarna-svatba/,intent,0,подарък за сребърна сватба,подарък сребърна сватба | сребърна сватба подарък | сребърна сватба подаръци | подарък за сребърна сватба идеи,"SEMANTIC TARGET — URL, taxonomy, current SEO definition and generated catalogue; no local GSC/search-volume export",gift/occasion,Подарък за сребърна сватба – идеи за подарък | Българитъм,Подарък за сребърна сватба – идеи за подарък | Българитъм,GOOD,Подарък за сребърна сватба,Подарък за сребърна сватба,GOOD,"Подарък за сребърна сватба: идеи според повода сватба, с подробности за вариантите, персонализацията и доставката при бранда.","Подарък за сребърна сватба: идеи според повода сватба, с подробности за вариантите, персонализацията и доставката при бранда.",GOOD,"Изборът на подарък за сребърна сватба започва от човека и повода сватба, а не от универсален списък с подаръци. Когато търсиш подарък за сребърна сватба, съобрази избора с интересите, ежедневието и начина на поднасяне; при персонализирани продукти провери и срока за изработка.",,GOOD,1,4,2,EMPTY,0,0,0,/podarak-za-srebarna-svatba/,Начало > Идеи за подарък,0,NO INCOMING ANCHOR,CONSISTENT,,WAIT,WAIT FOR CATALOGUE,Do not enrich copy before catalogue expansion
/podarak-za-sveti-valentin-za-zhena/,intent,23,подарък за жена за свети валентин,подарък за жена свети валентин | подарък за свети валентин жена | подарък свети валентин за жена | подаръци за жена за свети валентин | идеи за подарък за свети валентин за жена,"SEMANTIC TARGET — URL, taxonomy, current SEO definition and generated catalogue; no local GSC/search-volume export",gift/occasion,Подарък за жена за Свети Валентин | Българитъм,Подарък за жена за Свети Валентин | Българитъм,GOOD,Подарък за жена за Свети Валентин,Подарък за жена за Свети Валентин,GOOD,"Подарък за жена за Свети Валентин: идеи според повода свети Валентин, с подробности за вариантите, персонализацията и доставката при бранда.","Подарък за жена за Свети Валентин: идеи според повода свети Валентин, с подробности за вариантите, персонализацията и доставката при бранда.",GOOD,"Изборът на подарък за жена за Свети Валентин започва от човека и повода свети Валентин, а не от универсален списък с подаръци. Когато търсиш подарък за жена за Свети Валентин, съобрази избора с интересите, ежедневието и начина на поднасяне; при персонализирани продукти провери и срока за изработка.",,GOOD,1,3,2,STRONG,23,0,0,/podarak-za-sveti-valentin-za-zhena/,Начало > Идеи за подарък > Подарък за жена,22,GOOD,CONSISTENT,,P2,Optimize flagged fields; preserve the verified catalogue intent,
/podarak-za-zhena-na-50/,intent,0,подарък за жена на 50,подарък за жена над 50 | подаръци за жена на 50 | идеи за подарък на жена на 50,"SEMANTIC TARGET — URL, taxonomy, current SEO definition and generated catalogue; no local GSC/search-volume export",gift/occasion,Подарък за 50-годишна жена – идеи за подарък | Българитъм,Подарък за 50-годишна жена – идеи за подарък | Българитъм,GOOD,Подарък за 50-годишна жена,Подарък за 50-годишна жена,GOOD,"Подарък за 50-годишна жена: идеи според възрастта 50 години, с подробности за вариантите, персонализацията и доставката при бранда.","Подарък за 50-годишна жена: идеи според възрастта 50 години, с подробности за вариантите, персонализацията и доставката при бранда.",GOOD,"Изборът на подарък за 50-годишна жена започва от човека, а не от универсален списък с подаръци. Когато търсиш подарък за 50-годишна жена, съобрази избора с интересите, ежедневието и начина на поднасяне; при персонализирани продукти провери и срока за изработка.",,GOOD,1,4,2,EMPTY,0,0,0,/podarak-za-zhena-na-50/,Начало > Идеи за подарък > Подарък за жена,0,NO INCOMING ANCHOR,CONSISTENT,,WAIT,WAIT FOR CATALOGUE,Do not enrich copy before catalogue expansion
/podarak-za-zhena-na-60/,intent,0,подарък за жена на 60,,"SEMANTIC TARGET — URL, taxonomy, current SEO definition and generated catalogue; no local GSC/search-volume export",gift/occasion,Подарък за 60-годишна жена – идеи за подарък | Българитъм,Подарък за 60-годишна жена – идеи за подарък | Българитъм,GOOD,Подарък за 60-годишна жена,Подарък за 60-годишна жена,GOOD,"Подарък за 60-годишна жена: идеи според възрастта 60 години, с подробности за вариантите, персонализацията и доставката при бранда.","Подарък за 60-годишна жена: идеи според възрастта 60 години, с подробности за вариантите, персонализацията и доставката при бранда.",GOOD,"Изборът на подарък за 60-годишна жена започва от човека, а не от универсален списък с подаръци. Когато търсиш подарък за 60-годишна жена, съобрази избора с интересите, ежедневието и начина на поднасяне; при персонализирани продукти провери и срока за изработка.",,GOOD,1,4,2,EMPTY,0,0,0,/podarak-za-zhena-na-60/,Начало > Идеи за подарък > Подарък за жена,0,NO INCOMING ANCHOR,CONSISTENT,,WAIT,WAIT FOR CATALOGUE,Do not enrich copy before catalogue expansion
/podarak-za-zhena-sportist/,intent,4,подарък за жена спортист,,"SEMANTIC TARGET — URL, taxonomy, current SEO definition and generated catalogue; no local GSC/search-volume export",gift/occasion,Подарък за спортуваща жена – идеи за подарък | Българитъм,Подарък за спортуваща жена – идеи за подарък | Българитъм,GOOD,Подарък за спортуваща жена,Подарък за спортуваща жена,GOOD,"Подарък за спортуваща жена: идеи според интересите на получателя, с подробности за вариантите, персонализацията и доставката при бранда.","Подарък за спортуваща жена: идеи според интересите на получателя, с подробности за вариантите, персонализацията и доставката при бранда.",GOOD,"Изборът на подарък за спортуваща жена започва от човека, а не от универсален списък с подаръци. Когато търсиш подарък за спортуваща жена, съобрази избора с интересите, ежедневието и начина на поднасяне; при персонализирани продукти провери и срока за изработка.",,GOOD,1,3,2,STRONG,4,0,0,/podarak-za-zhena-sportist/,Начало > Идеи за подарък > Подарък за жена,4,GOOD,CONSISTENT,,P3,IMPROVING — review the flagged on-page fields,
/podarak-za-zhena-za-8-mart/,intent,1,подарък за жена за 8 март,подарък 8 март учителка | подарък за учителка 8 март | подарък за учител за 8 март | подарък за 8 март на учителка,"SEMANTIC TARGET — URL, taxonomy, current SEO definition and generated catalogue; no local GSC/search-volume export",gift/occasion,Подарък за жена за 8 март – идеи за подарък | Българитъм,Подарък за жена за 8 март – идеи за подарък | Българитъм,GOOD,Подарък за жена за 8 март,Подарък за жена за 8 март,GOOD,"Подарък за жена за 8 март: идеи според повода 8 март, с подробности за вариантите, персонализацията и доставката при бранда.","Подарък за жена за 8 март: идеи според повода 8 март, с подробности за вариантите, персонализацията и доставката при бранда.",GOOD,"Изборът на подарък за жена за 8 март започва от човека и повода 8 март, а не от универсален списък с подаръци. Когато търсиш подарък за жена за 8 март, съобрази избора с интересите, ежедневието и начина на поднасяне; при персонализирани продукти провери и срока за изработка.",,GOOD,1,3,2,STRONG,1,0,0,/podarak-za-zhena-za-8-mart/,Начало > Идеи за подарък > Подарък за жена,1,GOOD,CONSISTENT,,P3,THIN — CATALOGUE PRIORITY,
/podarak-za-zhena-za-diplomirane/,intent,0,подарък за жена за дипломиране,,"SEMANTIC TARGET — URL, taxonomy, current SEO definition and generated catalogue; no local GSC/search-volume export",gift/occasion,Подарък за дипломиране на жена | Българитъм,Подарък за дипломиране на жена | Българитъм,GOOD,Подарък за дипломиране на жена,Подарък за дипломиране на жена,GOOD,"Подарък за дипломиране на жена: идеи според повода дипломиране, с подробности за вариантите, персонализацията и доставката при бранда.","Подарък за дипломиране на жена: идеи според повода дипломиране, с подробности за вариантите, персонализацията и доставката при бранда.",GOOD,"Изборът на подарък за дипломиране на жена започва от човека и повода дипломиране, а не от универсален списък с подаръци. Когато търсиш подарък за дипломиране на жена, съобрази избора с интересите, ежедневието и начина на поднасяне; при персонализирани продукти провери и срока за изработка.",,GOOD,1,4,2,EMPTY,0,0,0,/podarak-za-zhena-za-diplomirane/,Начало > Идеи за подарък > Подарък за жена,0,NO INCOMING ANCHOR,CONSISTENT,,WAIT,WAIT FOR CATALOGUE,Do not enrich copy before catalogue expansion
/podarak-za-zhena-za-rozhden-den/,intent,115,Подарък за жена за рожден ден,,"SEMANTIC TARGET — URL, taxonomy, current SEO definition and generated catalogue; no local GSC/search-volume export",gift/occasion,Подарък за жена за рожден ден | Българитъм,Подарък за жена за рожден ден | Българитъм,GOOD,Подарък за жена за рожден ден,Подарък за жена за рожден ден,GOOD,"Открий подарък за жена за рожден ден от български марки. Подреди избора според човека, повода и вида подарък. Виж данните от бранда.","Открий подарък за жена за рожден ден от български марки. Подреди избора според човека, повода и вида подарък. Виж данните от бранда.",GOOD,"Открий подарък за жена за рожден ден от български брандове. Разгледай бижута, козметика, продукти за дома и ръчно изработени идеи.",,GOOD,1,2,0,MEDIUM,0,115,0,/podarak-za-zhena-za-rozhden-den/,Начало > Идеи за подарък > Подарък за жена,22,GOOD,CONSISTENT,,P2,Optimize flagged fields; preserve the verified catalogue intent,
/podarak-za-zlatna-svatba/,intent,0,подарък за златна сватба,златна сватба подарък | подарък златна сватба | златни подаръци за сватба,"SEMANTIC TARGET — URL, taxonomy, current SEO definition and generated catalogue; no local GSC/search-volume export",gift/occasion,Подарък за златна сватба – идеи за подарък | Българитъм,Подарък за златна сватба – идеи за подарък | Българитъм,GOOD,Подарък за златна сватба,Подарък за златна сватба,GOOD,"Подарък за златна сватба: идеи според повода сватба, с подробности за вариантите, персонализацията и доставката при бранда.","Подарък за златна сватба: идеи според повода сватба, с подробности за вариантите, персонализацията и доставката при бранда.",GOOD,"Изборът на подарък за златна сватба започва от човека и повода сватба, а не от универсален списък с подаръци. Когато търсиш подарък за златна сватба, съобрази избора с интересите, ежедневието и начина на поднасяне; при персонализирани продукти провери и срока за изработка.",,GOOD,1,4,2,EMPTY,0,0,0,/podarak-za-zlatna-svatba/,Начало > Идеи за подарък,0,NO INCOMING ANCHOR,CONSISTENT,,WAIT,WAIT FOR CATALOGUE,Do not enrich copy before catalogue expansion
/podaratsi-za-pogacha-na-momche/,intent,5,подарък за погача,подарък за погача момче,"SEMANTIC TARGET — URL, taxonomy, current SEO definition and generated catalogue; no local GSC/search-volume export",gift/occasion,Подарък за погача – идеи за подарък | Българитъм,Подарък за погача – идеи за подарък | Българитъм,GOOD,Подарък за погача,Подарък за погача,GOOD,"Подарък за погача: идеи според повода погача, с подробности за вариантите, персонализацията и доставката при бранда.","Подарък за погача: идеи според повода погача, с подробности за вариантите, персонализацията и доставката при бранда.",GOOD,"Изборът на подарък за погача започва от човека и повода погача, а не от универсален списък с подаръци. Когато търсиш подарък за погача, съобрази избора с интересите, ежедневието и начина на поднасяне; при персонализирани продукти провери и срока за изработка.",,GOOD,1,3,2,STRONG,5,0,0,/podaratsi-za-pogacha-na-momche/,Начало > Идеи за подарък > Подарък за бебе,8,GOOD,CONSISTENT,,P3,IMPROVING — review the flagged on-page fields,
/pozlateni-bizhuta/,intent,6,български позлатени бижута,,"SEMANTIC TARGET — URL, taxonomy, current SEO definition and generated catalogue; no local GSC/search-volume export",informational-commercial hybrid,Български позлатени бижута от локални марки | Българитъм,Български позлатени бижута от локални марки | Българитъм,GOOD,Български позлатени бижута,Български позлатени бижута,GOOD,"Разгледай български позлатени бижута от локални марки и автори и сравни наличните модели. Сравни моделите по материал, размер, детайли и закопчаване.","Разгледай български позлатени бижута от локални марки и автори и сравни наличните модели. Сравни моделите по материал, размер, детайли и закопчаване.",GOOD,"Български позлатени бижута от марки и автори са събрани тук за по-лесно разглеждане. Сравни наличните модели и запази бижутата, които пасват на твоя стил.",,GOOD,1,2,0,MEDIUM,0,6,0,/pozlateni-bizhuta/,Начало > Аксесоари > Български бижута,46,GOOD,CONSISTENT,,P2,Optimize flagged fields; preserve the verified catalogue intent,
/praktichen-podarak-za-mazh/,intent,1,практичен подарък за мъж,,"SEMANTIC TARGET — URL, taxonomy, current SEO definition and generated catalogue; no local GSC/search-volume export",gift/occasion,Практичен подарък за мъж – идеи за подарък | Българитъм,Практичен подарък за мъж – идеи за подарък | Българитъм,GOOD,Практичен подарък за мъж,Практичен подарък за мъж,GOOD,"Практичен подарък за мъж: идеи според конкретния получател, с подробности за вариантите, персонализацията и доставката при бранда.","Практичен подарък за мъж: идеи според конкретния получател, с подробности за вариантите, персонализацията и доставката при бранда.",GOOD,"Изборът на практичен подарък за мъж започва от човека, а не от универсален списък с подаръци. Когато търсиш практичен подарък за мъж, съобрази избора с интересите, ежедневието и начина на поднасяне; при персонализирани продукти провери и срока за изработка.",,GOOD,1,3,2,STRONG,1,0,0,/praktichen-podarak-za-mazh/,Начало > Идеи за подарък > Подарък за мъж,1,GOOD,CONSISTENT,,P3,THIN — CATALOGUE PRIORITY,
/praktichen-podarak-za-zhena/,intent,5,практичен подарък за жена,,"SEMANTIC TARGET — URL, taxonomy, current SEO definition and generated catalogue; no local GSC/search-volume export",gift/occasion,Практичен подарък за жена – идеи за подарък | Българитъм,Практичен подарък за жена – идеи за подарък | Българитъм,GOOD,Практичен подарък за жена,Практичен подарък за жена,GOOD,"Практичен подарък за жена: идеи според конкретния получател, с подробности за вариантите, персонализацията и доставката при бранда.","Практичен подарък за жена: идеи според конкретния получател, с подробности за вариантите, персонализацията и доставката при бранда.",GOOD,"Изборът на практичен подарък за жена започва от човека, а не от универсален списък с подаръци. Когато търсиш практичен подарък за жена, съобрази избора с интересите, ежедневието и начина на поднасяне; при персонализирани продукти провери и срока за изработка.",,GOOD,1,3,2,STRONG,5,0,0,/praktichen-podarak-za-zhena/,Начало > Идеи за подарък > Подарък за жена,5,GOOD,CONSISTENT,,P3,IMPROVING — review the flagged on-page fields,
/prasteni-ot-meditsinska-stomana/,intent,0,пръстени от медицинска стомана,,"SEMANTIC TARGET — URL, taxonomy, current SEO definition and generated catalogue; no local GSC/search-volume export",material,Пръстени от медицинска стомана | Българитъм,Пръстени от медицинска стомана | Българитъм,GOOD,Пръстени от медицинска стомана,Пръстени от медицинска стомана,GOOD,"Пръстени от медицинска стомана: сравни пръстени, материала медицинска стомана, размера и закопчаването в информацията от бранда.","Пръстени от медицинска стомана: сравни пръстени, материала медицинска стомана, размера и закопчаването в информацията от бранда.",GOOD,"При пръстени от медицинска стомана материалът медицинска стомана е отправната точка, следвана от формата, размера и покритието. Преди избор на пръстени от медицинска стомана провери точния материал, размерите и начина на поддръжка, посочени за конкретното бижу.",,GOOD,1,4,2,EMPTY,0,0,0,/prasteni-ot-meditsinska-stomana/,Начало > Аксесоари > Български бижута,0,NO INCOMING ANCHOR,CONSISTENT,,WAIT,WAIT FOR CATALOGUE,Do not enrich copy before catalogue expansion
/prasteni-srebro/,intent,0,пръстени от сребро,сребро пръстени,"SEMANTIC TARGET — URL, taxonomy, current SEO definition and generated catalogue; no local GSC/search-volume export",material,Пръстени от сребро – материал и детайли | Българитъм,Пръстени от сребро – материал и детайли | Българитъм,GOOD,Пръстени от сребро,Пръстени от сребро,GOOD,"Пръстени от сребро: сравни пръстени, материала сребро, размера и закопчаването в информацията от бранда.","Пръстени от сребро: сравни пръстени, материала сребро, размера и закопчаването в информацията от бранда.",SHORT,"При пръстени от сребро материалът сребро е отправната точка, следвана от формата, размера и покритието. Преди избор на пръстени от сребро провери точния материал, размерите и начина на поддръжка, посочени за конкретното бижу.",,GOOD,1,4,2,EMPTY,0,0,0,/prasteni-srebro/,Начало > Аксесоари > Български бижута,0,NO INCOMING ANCHOR,CONSISTENT,,WAIT,WAIT FOR CATALOGUE,Do not enrich copy before catalogue expansion
/prehodni-damski-yaketa/,intent,0,преходни дамски якета,,"SEMANTIC TARGET — URL, taxonomy, current SEO definition and generated catalogue; no local GSC/search-volume export",product type,Преходни дамски якета – модели и идеи | Българитъм,Преходни дамски якета – модели и идеи | Българитъм,GOOD,Преходни дамски якета,Преходни дамски якета,GOOD,"Преходни дамски якета: сравни сезонността, кройката и размерите в предложенията от български брандове.","Преходни дамски якета: сравни сезонността, кройката и размерите в предложенията от български брандове.",SHORT,"При преходни дамски якета сезонът насочва към подходящи материи и различни начини на комбиниране. При преходни дамски якета провери размерите, точния състав и указанията за поддръжка в информацията от бранда.",,GOOD,1,4,2,EMPTY,0,0,0,/prehodni-damski-yaketa/,Начало > Качествени български дрехи > Български дамски дрехи,0,NO INCOMING ANCHOR,CONSISTENT,,WAIT,WAIT FOR CATALOGUE,Do not enrich copy before catalogue expansion
/rachno-izraboteni-bizhuta/,intent,27,български ръчно изработени бижута,,"SEMANTIC TARGET — URL, taxonomy, current SEO definition and generated catalogue; no local GSC/search-volume export",product type,Български ръчно изработени бижута | Българитъм,Български ръчно изработени бижута | Българитъм,GOOD,Български ръчно изработени бижута,Български ръчно изработени бижута,GOOD,"Разгледай български ръчно изработени бижута от автори и малки марки в Българитъм. Провери материала, размерите и начина на закопчаване.","Разгледай български ръчно изработени бижута от автори и малки марки в Българитъм. Провери материала, размерите и начина на закопчаване.",GOOD,"Български ръчно изработени бижута от автори и малки марки са събрани тук в една селекция. Разгледай наличните обеци, гривни, колиета и други изделия по вид и материал.",,GOOD,1,2,0,STRONG,27,0,0,/rachno-izraboteni-bizhuta/,Начало > Аксесоари > Български бижута,82,GOOD,CONSISTENT,,P2,Optimize flagged fields; preserve the verified catalogue intent,
/rachno-izraboteni-grivni/,intent,9,Ръчно изработени гривни,,"SEMANTIC TARGET — URL, taxonomy, current SEO definition and generated catalogue; no local GSC/search-volume export",product type,Ръчно изработени гривни | Българитъм,Ръчно изработени гривни | Българитъм,GOOD,Ръчно изработени гривни,Ръчно изработени гривни,GOOD,"Открий ръчно изработени гривни от български марки и автори. Провери материала, размерите и начина на закопчаване. Данните са от бранда.","Открий ръчно изработени гривни от български марки и автори. Провери материала, размерите и начина на закопчаване. Данните са от бранда.",GOOD,"Открий ръчно изработени гривни от български автори. Тук ще намираш модели от естествени камъни, мъниста, метал и други материали.",,GOOD,1,2,0,STRONG,9,0,0,/rachno-izraboteni-grivni/,Начало > Аксесоари > Български бижута,55,GOOD,CONSISTENT,,P2,Optimize flagged fields; preserve the verified catalogue intent,
/rachno-izraboteni-kartichki/,intent,15,Ръчно изработени картички,,"SEMANTIC TARGET — URL, taxonomy, current SEO definition and generated catalogue; no local GSC/search-volume export",informational-commercial hybrid,Ръчно изработени картички | Българитъм,Ръчно изработени картички | Българитъм,GOOD,Ръчно изработени картички,Ръчно изработени картички,GOOD,"Открий ръчно изработени картички от български автори. Сравни предложенията по вид, материали и предназначение. Детайлите са при бранда.","Открий ръчно изработени картички от български автори. Сравни предложенията по вид, материали и предназначение. Детайлите са при бранда.",GOOD,"Открий ръчно изработени картички от български илюстратори и малки студиа. Разгледай картички за рожден ден, сватба и други лични поводи.",,GOOD,1,2,0,WEAK,1,6,8,/rachno-izraboteni-kartichki/,Начало,15,GOOD,CONSISTENT,,P1,Optimize flagged fields; preserve the verified catalogue intent,8 obvious product mismatches require taxonomy review before copy optimization
/rachno-izraboteni-obetsi/,intent,11,Ръчно изработени обеци,,"SEMANTIC TARGET — URL, taxonomy, current SEO definition and generated catalogue; no local GSC/search-volume export",product type,Ръчно изработени обеци | Българитъм,Ръчно изработени обеци | Българитъм,GOOD,Ръчно изработени обеци,Ръчно изработени обеци,GOOD,"Открий ръчно изработени обеци от български автори. Сравни моделите по материал, размер, детайли и закопчаване. Детайлите са при бранда.","Открий ръчно изработени обеци от български автори. Сравни моделите по материал, размер, детайли и закопчаване. Детайлите са при бранда.",GOOD,"Открий ръчно изработени обеци от български автори. Разгледай различни материали, форми и малки авторски серии.",,GOOD,1,2,0,STRONG,11,0,0,/rachno-izraboteni-obetsi/,Начало > Аксесоари > Български бижута,58,GOOD,CONSISTENT,,P2,Optimize flagged fields; preserve the verified catalogue intent,
/rachno-izraboteni-sveshti/,intent,7,Ръчно изработени свещи,,"SEMANTIC TARGET — URL, taxonomy, current SEO definition and generated catalogue; no local GSC/search-volume export",product type,Ръчно изработени свещи | Българитъм,Ръчно изработени свещи | Българитъм,GOOD,Ръчно изработени свещи,Ръчно изработени свещи,GOOD,"Открий ръчно изработени свещи от български марки. Сравни предложенията по вид, материали и предназначение. Детайлите са при бранда.","Открий ръчно изработени свещи от български марки. Сравни предложенията по вид, материали и предназначение. Детайлите са при бранда.",GOOD,Открий ръчно изработени свещи от български брандове. Разгледай ароматни и декоративни свещи за дома или подарък.,,GOOD,1,2,0,STRONG,7,0,0,/rachno-izraboteni-sveshti/,Начало > Дом и интериор > Декор,13,GOOD,CONSISTENT,,P2,Optimize flagged fields; preserve the verified catalogue intent,
/rachno-izraboteni/,intent,138,Ръчно изработени,ръчно изработени бижута | handmade bulgarian products,"SEMANTIC TARGET — URL, taxonomy, current SEO definition and generated catalogue; no local GSC/search-volume export",informational-commercial hybrid,Ръчно изработени | Българитъм,Ръчно изработени | Българитъм,GOOD,Ръчно изработени,Ръчно изработени,GOOD,"Открий ръчно изработени български продукти и подаръци в Българитъм. Ориентирай се по интереси, възраст и конкретен повод. Условията са при бранда.","Открий ръчно изработени български продукти и подаръци в Българитъм. Ориентирай се по интереси, възраст и конкретен повод. Условията са при бранда.",GOOD,"Открий ръчно изработени български продукти от автори и малки брандове, подредени в по-ясна селекция. Тази страница събира изделия с видим почерк, по-близка изработка и по-смислено откриване.",,GOOD,1,2,0,MEDIUM,0,138,0,/rachno-izraboteni/,Начало > Идеи за подарък,923,GOOD,CONSISTENT,,P2,Optimize flagged fields; preserve the verified catalogue intent,
/roklya-saten/,intent,4,рокля сатен,рокля от сатен | сатен рокля,"SEMANTIC TARGET — URL, taxonomy, current SEO definition and generated catalogue; no local GSC/search-volume export",material,Сатенени рокли – модели и идеи | Българитъм,Сатенени рокли – модели и идеи | Българитъм,GOOD,Сатенени рокли,Сатенени рокли,GOOD,"Сатенени рокли: сравни състава, кройката и размерите в предложенията от български брандове. Сравни моделите по материя, кройка, размер и предназначение.","Сатенени рокли: сравни състава, кройката и размерите в предложенията от български брандове. Сравни моделите по материя, кройка, размер и предназначение.",GOOD,"При сатенени рокли съставът има значение наред с кройката и начина на носене. При сатенени рокли провери размерите, точния състав и указанията за поддръжка в информацията от бранда.",,GOOD,1,3,2,STRONG,4,0,0,/roklya-saten/,Начало > Качествени български дрехи > Български дамски дрехи,43,GOOD,CONSISTENT,,P3,IMPROVING — review the flagged on-page fields,
/romantichen-podarak-za-mazh/,intent,5,романтичен подарък за мъж,романтични подаръци за мъж | романтични подаръци за мъже,"SEMANTIC TARGET — URL, taxonomy, current SEO definition and generated catalogue; no local GSC/search-volume export",gift/occasion,Романтичен подарък за мъж – идеи за подарък | Българитъм,Романтичен подарък за мъж – идеи за подарък | Българитъм,GOOD,Романтичен подарък за мъж,Романтичен подарък за мъж,GOOD,"Романтичен подарък за мъж: идеи според конкретния получател, с подробности за вариантите, персонализацията и доставката при бранда.","Романтичен подарък за мъж: идеи според конкретния получател, с подробности за вариантите, персонализацията и доставката при бранда.",GOOD,"Изборът на романтичен подарък за мъж започва от човека, а не от универсален списък с подаръци. Когато търсиш романтичен подарък за мъж, съобрази избора с интересите, ежедневието и начина на поднасяне; при персонализирани продукти провери и срока за изработка.",,GOOD,1,3,2,STRONG,5,0,0,/romantichen-podarak-za-mazh/,Начало > Идеи за подарък > Подарък за мъж,24,GOOD,CONSISTENT,/romantichen-podarak-za-mazh/ | /romantichen-podarak-za-zhena/,P2,IMPROVING — review the flagged on-page fields,
/romantichen-podarak-za-zhena/,intent,11,романтичен подарък за жена,романтични подаръци за жена,"SEMANTIC TARGET — URL, taxonomy, current SEO definition and generated catalogue; no local GSC/search-volume export",gift/occasion,Романтичен подарък за жена – идеи за подарък | Българитъм,Романтичен подарък за жена – идеи за подарък | Българитъм,GOOD,Романтичен подарък за жена,Романтичен подарък за жена,GOOD,"Романтичен подарък за жена: идеи според конкретния получател, с подробности за вариантите, персонализацията и доставката при бранда.","Романтичен подарък за жена: идеи според конкретния получател, с подробности за вариантите, персонализацията и доставката при бранда.",GOOD,"Изборът на романтичен подарък за жена започва от човека, а не от универсален списък с подаръци. Когато търсиш романтичен подарък за жена, съобрази избора с интересите, ежедневието и начина на поднасяне; при персонализирани продукти провери и срока за изработка.",,GOOD,1,3,2,STRONG,11,0,0,/romantichen-podarak-za-zhena/,Начало > Идеи за подарък > Подарък за жена,22,GOOD,CONSISTENT,/romantichen-podarak-za-mazh/ | /romantichen-podarak-za-zhena/,P1,Optimize flagged fields; preserve the verified catalogue intent,
/rozova-riza/,intent,1,розови ризи,,"SEMANTIC TARGET — URL, taxonomy, current SEO definition and generated catalogue; no local GSC/search-volume export",attribute/color,Розови ризи – модели и идеи | Българитъм,Розови ризи – модели и идеи | Българитъм,GOOD,Розови ризи,Розови ризи,GOOD,"Розови ризи: сравни нюанса, кройката и размерите в предложенията от български брандове. Провери материята, размерите и указанията за поддръжка.","Розови ризи: сравни нюанса, кройката и размерите в предложенията от български брандове. Провери материята, размерите и указанията за поддръжка.",GOOD,"При розови ризи цветът е на преден план, но силуетът, материята и детайлите остават също толкова важни. При розови ризи провери размерите, точния състав и указанията за поддръжка в информацията от бранда.",,GOOD,1,3,2,STRONG,1,0,0,/rozova-riza/,Начало > Качествени български дрехи > Български дамски дрехи,1,GOOD,CONSISTENT,,P3,THIN — CATALOGUE PRIORITY,
/rozovi-rokli/,intent,2,розови рокли,рокли розови,"SEMANTIC TARGET — URL, taxonomy, current SEO definition and generated catalogue; no local GSC/search-volume export",attribute/color,Розови рокли – модели и идеи | Българитъм,Розови рокли – модели и идеи | Българитъм,GOOD,Розови рокли,Розови рокли,GOOD,"Розови рокли: сравни нюанса, кройката и размерите в предложенията от български брандове. Ориентирай се по състав, силует и таблица с размери.","Розови рокли: сравни нюанса, кройката и размерите в предложенията от български брандове. Ориентирай се по състав, силует и таблица с размери.",GOOD,"При розови рокли цветът е на преден план, но силуетът, материята и детайлите остават също толкова важни. При розови рокли провери размерите, точния състав и указанията за поддръжка в информацията от бранда.",,GOOD,1,3,2,STRONG,2,0,0,/rozovi-rokli/,Начало > Качествени български дрехи > Български дамски дрехи,2,GOOD,CONSISTENT,,P3,THIN — CATALOGUE PRIORITY,
/sinya-roklya/,intent,1,сини рокли,,"SEMANTIC TARGET — URL, taxonomy, current SEO definition and generated catalogue; no local GSC/search-volume export",attribute/color,Сини рокли – модели и идеи | Българитъм,Сини рокли – модели и идеи | Българитъм,GOOD,Сини рокли,Сини рокли,GOOD,"Сини рокли: сравни нюанса, кройката и размерите в предложенията от български брандове. Ориентирай се по състав, силует и таблица с размери.","Сини рокли: сравни нюанса, кройката и размерите в предложенията от български брандове. Ориентирай се по състав, силует и таблица с размери.",GOOD,"При сини рокли цветът е на преден план, но силуетът, материята и детайлите остават също толкова важни. При сини рокли провери размерите, точния състав и указанията за поддръжка в информацията от бранда.",,GOOD,1,3,2,STRONG,1,0,0,/sinya-roklya/,Начало > Качествени български дрехи > Български дамски дрехи,1,GOOD,CONSISTENT,,P3,THIN — CATALOGUE PRIORITY,
/sportni-rokli/,intent,0,спортни рокли,рокли спортни,"SEMANTIC TARGET — URL, taxonomy, current SEO definition and generated catalogue; no local GSC/search-volume export",product type,Спортни рокли – модели и идеи | Българитъм,Спортни рокли – модели и идеи | Българитъм,GOOD,Спортни рокли,Спортни рокли,GOOD,"Спортни рокли: сравни кройката и размерите в предложенията от български брандове. Съпостави кройките, материите и начина на носене. Провери ги при бранда.","Спортни рокли: сравни кройката и размерите в предложенията от български брандове. Съпостави кройките, материите и начина на носене. Провери ги при бранда.",GOOD,"При спортни рокли можеш да сравниш рокли според кройката, материята и повода. При спортни рокли провери размерите, точния състав и указанията за поддръжка в информацията от бранда.",,GOOD,1,4,2,EMPTY,0,0,0,/sportni-rokli/,Начало > Качествени български дрехи > Български дамски дрехи,0,NO INCOMING ANCHOR,CONSISTENT,,WAIT,WAIT FOR CATALOGUE,Do not enrich copy before catalogue expansion
/srebarni-kolieta/,intent,4,колиета от сребро,колие сребро | сребро колие | сребърен гердан,"SEMANTIC TARGET — URL, taxonomy, current SEO definition and generated catalogue; no local GSC/search-volume export",material,Колиета от сребро – материал и детайли | Българитъм,Колиета от сребро – материал и детайли | Българитъм,GOOD,Колиета от сребро,Колиета от сребро,GOOD,"Колиета от сребро: сравни колиета, материала сребро, размера и закопчаването в информацията от бранда.","Сребърни колиета от български марки и автори. Сравни пробата, дължината, вида на верижката и детайлите в информацията от конкретния бранд.",SHORT,"При колиета от сребро материалът сребро е отправната точка, следвана от формата, размера и покритието. Преди избор на колиета от сребро провери точния материал, размерите и начина на поддръжка, посочени за конкретното бижу.",,GOOD,1,3,2,STRONG,4,0,0,/srebarni-kolieta/,Начало > Аксесоари > Български бижута,4,GOOD,CONSISTENT,,P2,IMPROVING — review the flagged on-page fields,
/srebarni-rokli/,intent,0,сребристи рокли,,"SEMANTIC TARGET — URL, taxonomy, current SEO definition and generated catalogue; no local GSC/search-volume export",attribute/color,Сребристи рокли – модели и идеи | Българитъм,Сребристи рокли – модели и идеи | Българитъм,GOOD,Сребристи рокли,Сребристи рокли,GOOD,"Сребристи рокли: сравни нюанса, кройката и размерите в предложенията от български брандове. Провери материята, размерите и указанията за поддръжка.","Сребристи рокли: сравни нюанса, кройката и размерите в предложенията от български брандове. Провери материята, размерите и указанията за поддръжка.",GOOD,"При сребристи рокли цветът е на преден план, но силуетът, материята и детайлите остават също толкова важни. При сребристи рокли провери размерите, точния състав и указанията за поддръжка в информацията от бранда.",,GOOD,1,4,2,EMPTY,0,0,0,/srebarni-rokli/,Начало > Качествени български дрехи > Български дамски дрехи,0,NO INCOMING ANCHOR,CONSISTENT,,WAIT,WAIT FOR CATALOGUE,Do not enrich copy before catalogue expansion
/svatben-album-rachna-izrabotka/,intent,18,Сватбен албум ръчна изработка,,"SEMANTIC TARGET — URL, taxonomy, current SEO definition and generated catalogue; no local GSC/search-volume export",product type,Сватбен албум ръчна изработка | Българитъм,Сватбен албум ръчна изработка | Българитъм,GOOD,Сватбен албум ръчна изработка,Сватбен албум ръчна изработка,GOOD,"Открий сватбен албум ръчна изработка от български автори. Ориентирай се по функция, изработка и приложението им. Данните са от бранда.","Открий сватбен албум ръчна изработка от български автори. Ориентирай се по функция, изработка и приложението им. Данните са от бранда.",GOOD,Открий сватбен албум ръчна изработка от български автори. Тук ще добавяме персонализирани албуми за снимки и спомени от сватбения ден.,,GOOD,1,2,0,STRONG,18,0,0,/svatben-album-rachna-izrabotka/,Начало > Идеи за подарък > Подаръци за сватба,29,GOOD,CONSISTENT,,P2,Optimize flagged fields; preserve the verified catalogue intent,
/svetlosinya-roklya/,intent,0,светлосини рокли,,"SEMANTIC TARGET — URL, taxonomy, current SEO definition and generated catalogue; no local GSC/search-volume export",attribute/color,Светлосини рокли – модели и идеи | Българитъм,Светлосини рокли – модели и идеи | Българитъм,GOOD,Светлосини рокли,Светлосини рокли,GOOD,"Светлосини рокли: сравни нюанса, кройката и размерите в предложенията от български брандове. Провери материята, размерите и указанията за поддръжка.","Светлосини рокли: сравни нюанса, кройката и размерите в предложенията от български брандове. Провери материята, размерите и указанията за поддръжка.",GOOD,"При светлосини рокли цветът е на преден план, но силуетът, материята и детайлите остават също толкова важни. При светлосини рокли провери размерите, точния състав и указанията за поддръжка в информацията от бранда.",,GOOD,1,4,2,EMPTY,0,0,0,/svetlosinya-roklya/,Начало > Качествени български дрехи > Български дамски дрехи,0,NO INCOMING ANCHOR,CONSISTENT,,WAIT,WAIT FOR CATALOGUE,Do not enrich copy before catalogue expansion
/tamnosinya-roklya/,intent,0,тъмносини рокли,,"SEMANTIC TARGET — URL, taxonomy, current SEO definition and generated catalogue; no local GSC/search-volume export",attribute/color,Тъмносини рокли – модели и идеи | Българитъм,Тъмносини рокли – модели и идеи | Българитъм,GOOD,Тъмносини рокли,Тъмносини рокли,GOOD,"Тъмносини рокли: сравни нюанса, кройката и размерите в предложенията от български брандове. Сравни моделите по материя, кройка, размер и предназначение.","Тъмносини рокли: сравни нюанса, кройката и размерите в предложенията от български брандове. Сравни моделите по материя, кройка, размер и предназначение.",GOOD,"При тъмносини рокли цветът е на преден план, но силуетът, материята и детайлите остават също толкова важни. При тъмносини рокли провери размерите, точния състав и указанията за поддръжка в информацията от бранда.",,GOOD,1,4,2,EMPTY,0,0,0,/tamnosinya-roklya/,Начало > Качествени български дрехи > Български дамски дрехи,0,NO INCOMING ANCHOR,CONSISTENT,,WAIT,WAIT FOR CATALOGUE,Do not enrich copy before catalogue expansion
/tigrovo-oko-grivna/,intent,0,тигрово око гривна,гривна тигрово око,"SEMANTIC TARGET — URL, taxonomy, current SEO definition and generated catalogue; no local GSC/search-volume export",material,Гривни с тигрово око – материал и детайли | Българитъм,Гривни с тигрово око – материал и детайли | Българитъм,GOOD,Гривни с тигрово око,Гривни с тигрово око,GOOD,"Гривни с тигрово око: сравни гривни, камъка тигрово око, размера и закопчаването в информацията от бранда.","Гривни с тигрово око: сравни гривни, камъка тигрово око, размера и закопчаването в информацията от бранда.",SHORT,"При гривни с тигрово око тигрово око е водещият камък, а материалът и обковът допълват избора. Преди избор на гривни с тигрово око провери точния материал, размерите и начина на поддръжка, посочени за конкретното бижу.",,GOOD,1,4,2,EMPTY,0,0,0,/tigrovo-oko-grivna/,Начало > Аксесоари > Български бижута,0,NO INCOMING ANCHOR,CONSISTENT,,WAIT,WAIT FOR CATALOGUE,Do not enrich copy before catalogue expansion
/tsitrin-grivna/,intent,0,цитрин гривна,,"SEMANTIC TARGET — URL, taxonomy, current SEO definition and generated catalogue; no local GSC/search-volume export",material,Гривни с цитрин – материал и детайли | Българитъм,Гривни с цитрин – материал и детайли | Българитъм,GOOD,Гривни с цитрин,Гривни с цитрин,GOOD,"Гривни с цитрин: сравни гривни, камъка цитрин, размера и закопчаването в информацията от бранда. Съпостави изработката, размерите и важните детайли.","Гривни с цитрин: сравни гривни, камъка цитрин, размера и закопчаването в информацията от бранда. Съпостави изработката, размерите и важните детайли.",GOOD,"При гривни с цитрин цитрин е водещият камък, а материалът и обковът допълват избора. Преди избор на гривни с цитрин провери точния материал, размерите и начина на поддръжка, посочени за конкретното бижу.",,GOOD,1,4,2,EMPTY,0,0,0,/tsitrin-grivna/,Начало > Аксесоари > Български бижута,0,NO INCOMING ANCHOR,CONSISTENT,,WAIT,WAIT FOR CATALOGUE,Do not enrich copy before catalogue expansion
/vecherna-roklya/,intent,0,вечерна рокля,вечерни рокли | рокли вечерни | рокля вечерна,"SEMANTIC TARGET — URL, taxonomy, current SEO definition and generated catalogue; no local GSC/search-volume export",attribute/color,Вечерни рокли – модели и идеи | Българитъм,Вечерни рокли – модели и идеи | Българитъм,GOOD,Вечерни рокли,Вечерни рокли,GOOD,"Вечерни рокли: сравни нюанса, кройката и размерите в предложенията от български брандове. Ориентирай се по състав, силует и таблица с размери.","Вечерни рокли: сравни нюанса, кройката и размерите в предложенията от български брандове. Ориентирай се по състав, силует и таблица с размери.",GOOD,"При вечерни рокли цветът е на преден план, но силуетът, материята и детайлите остават също толкова важни. При вечерни рокли провери размерите, точния състав и указанията за поддръжка в информацията от бранда.",,GOOD,1,4,2,EMPTY,0,0,0,/vecherna-roklya/,Начало > Качествени български дрехи > Български дамски дрехи,0,NO INCOMING ANCHOR,CONSISTENT,,WAIT,WAIT FOR CATALOGUE,Do not enrich copy before catalogue expansion
/zabaven-podarak-za-mazh/,intent,7,забавен подарък за мъж,забавни подаръци за мъж | смешен подарък за мъж | шеговит подарък за мъж | закачлив подарък за мъж | майтапчийски подарък за мъж | шантави подаръци за мъже,"SEMANTIC TARGET — URL, taxonomy, current SEO definition and generated catalogue; no local GSC/search-volume export",gift/occasion,Забавен подарък за мъж – идеи за подарък | Българитъм,Забавен подарък за мъж – идеи за подарък | Българитъм,GOOD,Забавен подарък за мъж,Забавен подарък за мъж,GOOD,"Забавен подарък за мъж: идеи според конкретния получател, с подробности за вариантите, персонализацията и доставката при бранда.","Забавен подарък за мъж: идеи според конкретния получател, с подробности за вариантите, персонализацията и доставката при бранда.",GOOD,"Изборът на забавен подарък за мъж започва от човека, а не от универсален списък с подаръци. Когато търсиш забавен подарък за мъж, съобрази избора с интересите, ежедневието и начина на поднасяне; при персонализирани продукти провери и срока за изработка.",,GOOD,1,3,2,STRONG,7,0,0,/zabaven-podarak-za-mazh/,Начало > Идеи за подарък > Подарък за мъж,24,GOOD,CONSISTENT,,P2,Optimize flagged fields; preserve the verified catalogue intent,
/zabaven-podarak-za-zhena/,intent,10,забавен подарък за жена,,"SEMANTIC TARGET — URL, taxonomy, current SEO definition and generated catalogue; no local GSC/search-volume export",gift/occasion,Забавен подарък за жена – идеи за подарък | Българитъм,Забавен подарък за жена – идеи за подарък | Българитъм,GOOD,Забавен подарък за жена,Забавен подарък за жена,GOOD,"Забавен подарък за жена: идеи според конкретния получател, с подробности за вариантите, персонализацията и доставката при бранда.","Забавен подарък за жена: идеи според конкретния получател, с подробности за вариантите, персонализацията и доставката при бранда.",GOOD,"Изборът на забавен подарък за жена започва от човека, а не от универсален списък с подаръци. Когато търсиш забавен подарък за жена, съобрази избора с интересите, ежедневието и начина на поднасяне; при персонализирани продукти провери и срока за изработка.",,GOOD,1,3,2,STRONG,10,0,0,/zabaven-podarak-za-zhena/,Начало > Идеи за подарък > Подарък за жена,22,GOOD,CONSISTENT,,P2,Optimize flagged fields; preserve the verified catalogue intent,
/zelena-roklya/,intent,1,зелени рокли,рокля зелена,"SEMANTIC TARGET — URL, taxonomy, current SEO definition and generated catalogue; no local GSC/search-volume export",attribute/color,Зелени рокли – модели и идеи | Българитъм,Зелени рокли – модели и идеи | Българитъм,GOOD,Зелени рокли,Зелени рокли,GOOD,"Зелени рокли: сравни нюанса, кройката и размерите в предложенията от български брандове. Сравни моделите по материя, кройка, размер и предназначение.","Зелени рокли: сравни нюанса, кройката и размерите в предложенията от български брандове. Сравни моделите по материя, кройка, размер и предназначение.",GOOD,"При зелени рокли цветът е на преден план, но силуетът, материята и детайлите остават също толкова важни. При зелени рокли провери размерите, точния състав и указанията за поддръжка в информацията от бранда.",,GOOD,1,3,2,STRONG,1,0,0,/zelena-roklya/,Начало > Качествени български дрехи > Български дамски дрехи,1,GOOD,CONSISTENT,,P3,THIN — CATALOGUE PRIORITY,
/zeleno-palto/,intent,0,зелени палта,,"SEMANTIC TARGET — URL, taxonomy, current SEO definition and generated catalogue; no local GSC/search-volume export",attribute/color,Зелени палта – модели и идеи | Българитъм,Зелени палта – модели и идеи | Българитъм,GOOD,Зелени палта,Зелени палта,GOOD,"Зелени палта: сравни нюанса, кройката и размерите в предложенията от български брандове. Сравни моделите по материя, кройка, размер и предназначение.","Зелени палта: сравни нюанса, кройката и размерите в предложенията от български брандове. Сравни моделите по материя, кройка, размер и предназначение.",GOOD,"При зелени палта цветът е на преден план, но силуетът, материята и детайлите остават също толкова важни. При зелени палта провери размерите, точния състав и указанията за поддръжка в информацията от бранда.",,GOOD,1,4,2,EMPTY,0,0,0,/zeleno-palto/,Начало > Качествени български дрехи > Български дамски дрехи,0,NO INCOMING ANCHOR,CONSISTENT,,WAIT,WAIT FOR CATALOGUE,Do not enrich copy before catalogue expansion
/zhalta-roklya/,intent,0,жълти рокли,,"SEMANTIC TARGET — URL, taxonomy, current SEO definition and generated catalogue; no local GSC/search-volume export",attribute/color,Жълти рокли – модели и идеи | Българитъм,Жълти рокли – модели и идеи | Българитъм,GOOD,Жълти рокли,Жълти рокли,GOOD,"Жълти рокли: сравни нюанса, кройката и размерите в предложенията от български брандове. Ориентирай се по състав, силует и таблица с размери.","Жълти рокли: сравни нюанса, кройката и размерите в предложенията от български брандове. Ориентирай се по състав, силует и таблица с размери.",GOOD,"При жълти рокли цветът е на преден план, но силуетът, материята и детайлите остават също толкова важни. При жълти рокли провери размерите, точния състав и указанията за поддръжка в информацията от бранда.",,GOOD,1,4,2,EMPTY,0,0,0,/zhalta-roklya/,Начало > Качествени български дрехи > Български дамски дрехи,0,NO INCOMING ANCHOR,CONSISTENT,,WAIT,WAIT FOR CATALOGUE,Do not enrich copy before catalogue expansion
/zlaten-prasten-s-diamant/,intent,0,златен пръстен с диамант,златни пръстени с диаманти,"SEMANTIC TARGET — URL, taxonomy, current SEO definition and generated catalogue; no local GSC/search-volume export",material,Златни пръстени с диамант – материал и детайли | Българитъм,Златни пръстени с диамант – материал и детайли | Българитъм,GOOD,Златни пръстени с диамант,Златни пръстени с диамант,GOOD,"Златни пръстени с диамант: сравни пръстени, материала злато, камъка диамант, размера и закопчаването в информацията от бранда.","Златни пръстени с диамант: сравни пръстени, материала злато, камъка диамант, размера и закопчаването в информацията от бранда.",GOOD,"При златни пръстени с диамант диамант е водещият камък, а материалът и обковът допълват избора. Преди избор на златни пръстени с диамант провери точния материал, размерите и начина на поддръжка, посочени за конкретното бижу.",,GOOD,1,4,2,EMPTY,0,0,0,/zlaten-prasten-s-diamant/,Начало > Аксесоари > Български бижута,0,NO INCOMING ANCHOR,CONSISTENT,,WAIT,WAIT FOR CATALOGUE,Do not enrich copy before catalogue expansion
/zlaten-prasten-s-rubin/,intent,0,златен пръстен с рубин,златни пръстени с рубин,"SEMANTIC TARGET — URL, taxonomy, current SEO definition and generated catalogue; no local GSC/search-volume export",material,Златни пръстени с рубин – материал и детайли | Българитъм,Златни пръстени с рубин – материал и детайли | Българитъм,GOOD,Златни пръстени с рубин,Златни пръстени с рубин,GOOD,"Златни пръстени с рубин: сравни пръстени, материала злато, камъка рубин, размера и закопчаването в информацията от бранда.","Златни пръстени с рубин: сравни пръстени, материала злато, камъка рубин, размера и закопчаването в информацията от бранда.",GOOD,"При златни пръстени с рубин рубин е водещият камък, а материалът и обковът допълват избора. Преди избор на златни пръстени с рубин провери точния материал, размерите и начина на поддръжка, посочени за конкретното бижу.",,GOOD,1,4,2,EMPTY,0,0,0,/zlaten-prasten-s-rubin/,Начало > Аксесоари > Български бижута,0,NO INCOMING ANCHOR,CONSISTENT,,WAIT,WAIT FOR CATALOGUE,Do not enrich copy before catalogue expansion
/zlaten-prasten/,intent,4,златен пръстен,златни пръстени | пръстени златни | златни пръстени онлайн,"SEMANTIC TARGET — URL, taxonomy, current SEO definition and generated catalogue; no local GSC/search-volume export",material,Златни пръстени – материал и детайли | Българитъм,Златни пръстени – материал и детайли | Българитъм,GOOD,Златни пръстени,Златни пръстени,GOOD,"Златни пръстени: сравни пръстени, материала злато, размера и закопчаването в информацията от бранда.","Златни пръстени от български марки и автори. Сравни материала, размера, формата и детайлите и провери точните характеристики при бранда.",SHORT,"При златни пръстени материалът злато е отправната точка, следвана от формата, размера и покритието. Преди избор на златни пръстени провери точния материал, размерите и начина на поддръжка, посочени за конкретното бижу.",,GOOD,1,3,2,STRONG,4,0,0,/zlaten-prasten/,Начало > Аксесоари > Български бижута,4,GOOD,CONSISTENT,,P2,IMPROVING — review the flagged on-page fields,
/zlatista-roklya/,intent,0,златисти рокли,,"SEMANTIC TARGET — URL, taxonomy, current SEO definition and generated catalogue; no local GSC/search-volume export",attribute/color,Златисти рокли – модели и идеи | Българитъм,Златисти рокли – модели и идеи | Българитъм,GOOD,Златисти рокли,Златисти рокли,GOOD,"Златисти рокли: сравни нюанса, кройката и размерите в предложенията от български брандове. Ориентирай се по състав, силует и таблица с размери.","Златисти рокли: сравни нюанса, кройката и размерите в предложенията от български брандове. Ориентирай се по състав, силует и таблица с размери.",GOOD,"При златисти рокли цветът е на преден план, но силуетът, материята и детайлите остават също толкова важни. При златисти рокли провери размерите, точния състав и указанията за поддръжка в информацията от бранда.",,GOOD,1,4,2,EMPTY,0,0,0,/zlatista-roklya/,Начало > Качествени български дрехи > Български дамски дрехи,0,NO INCOMING ANCHOR,CONSISTENT,,WAIT,WAIT FOR CATALOGUE,Do not enrich copy before catalogue expansion
/zlatna-grivna/,intent,0,златна гривна,златни гривни | златни гривни каталог | гривна злато | злато гривни | гривна златна | гривни златни,"SEMANTIC TARGET — URL, taxonomy, current SEO definition and generated catalogue; no local GSC/search-volume export",material,Златни гривни – материал и детайли | Българитъм,Златни гривни – материал и детайли | Българитъм,GOOD,Златни гривни,Златни гривни,GOOD,"Златни гривни: сравни гривни, материала злато, размера и закопчаването в информацията от бранда. Сравни моделите по материал, размер, детайли и","Златни гривни: сравни гривни, материала злато, размера и закопчаването в информацията от бранда. Сравни моделите по материал, размер, детайли и",GOOD,"При златни гривни материалът злато е отправната точка, следвана от формата, размера и покритието. Преди избор на златни гривни провери точния материал, размерите и начина на поддръжка, посочени за конкретното бижу.",,GOOD,1,4,2,EMPTY,0,0,0,/zlatna-grivna/,Начало > Аксесоари > Български бижута,0,NO INCOMING ANCHOR,CONSISTENT,,WAIT,WAIT FOR CATALOGUE,Do not enrich copy before catalogue expansion
/zlatna-obetsa/,intent,0,златни обеци,златно обеци | обеци златни | обеци от злато | златни обеци онлайн,"SEMANTIC TARGET — URL, taxonomy, current SEO definition and generated catalogue; no local GSC/search-volume export",material,Златни обеци – материал и детайли | Българитъм,Златни обеци – материал и детайли | Българитъм,GOOD,Златни обеци,Златни обеци,GOOD,"Златни обеци: сравни обеци, материала злато, размера и закопчаването в информацията от бранда. Съпостави изработката, размерите и важните детайли.","Златни обеци: сравни обеци, материала злато, размера и закопчаването в информацията от бранда. Съпостави изработката, размерите и важните детайли.",GOOD,"При златни обеци материалът злато е отправната точка, следвана от формата, размера и покритието. Преди избор на златни обеци провери точния материал, размерите и начина на поддръжка, посочени за конкретното бижу.",,GOOD,1,4,2,EMPTY,0,0,0,/zlatna-obetsa/,Начало > Аксесоари > Български бижута,0,NO INCOMING ANCHOR,CONSISTENT,,WAIT,WAIT FOR CATALOGUE,Do not enrich copy before catalogue expansion
/zlatni-kolieta/,intent,2,златни колиета,колие злато | колие златно | златен гердан | златни гердани | колиета от злато | златни колиета каталог,"SEMANTIC TARGET — URL, taxonomy, current SEO definition and generated catalogue; no local GSC/search-volume export",material,Златни колиета – материал и детайли | Българитъм,Златни колиета – материал и детайли | Българитъм,GOOD,Златни колиета,Златни колиета,GOOD,"Златни колиета: сравни колиета, материала злато, размера и закопчаването в информацията от бранда. Ориентирай се по вид бижу, материал, камък и размер.","Златни колиета: сравни колиета, материала злато, размера и закопчаването в информацията от бранда. Ориентирай се по вид бижу, материал, камък и размер.",GOOD,"При златни колиета материалът злато е отправната точка, следвана от формата, размера и покритието. Преди избор на златни колиета провери точния материал, размерите и начина на поддръжка, посочени за конкретното бижу.",,GOOD,1,3,2,STRONG,2,0,0,/zlatni-kolieta/,Начало > Аксесоари > Български бижута,2,GOOD,CONSISTENT,,P3,THIN — CATALOGUE PRIORITY,
/zlatni-obetsi-s-diamanti/,intent,0,златни обеци с диаманти,,"SEMANTIC TARGET — URL, taxonomy, current SEO definition and generated catalogue; no local GSC/search-volume export",material,Златни обеци с диаманти – материал и детайли | Българитъм,Златни обеци с диаманти – материал и детайли | Българитъм,GOOD,Златни обеци с диаманти,Златни обеци с диаманти,GOOD,"Златни обеци с диаманти: сравни обеци, материала злато, камъка диамант, размера и закопчаването в информацията от бранда.","Златни обеци с диаманти: сравни обеци, материала злато, камъка диамант, размера и закопчаването в информацията от бранда.",GOOD,"При златни обеци с диаманти диамант е водещият камък, а материалът и обковът допълват избора. Преди избор на златни обеци с диаманти провери точния материал, размерите и начина на поддръжка, посочени за конкретното бижу.",,GOOD,1,4,2,EMPTY,0,0,0,/zlatni-obetsi-s-diamanti/,Начало > Аксесоари > Български бижута,0,NO INCOMING ANCHOR,CONSISTENT,,WAIT,WAIT FOR CATALOGUE,Do not enrich copy before catalogue expansion
/zlatno-kolie-s-diamant/,intent,0,златно колие с диамант,,"SEMANTIC TARGET — URL, taxonomy, current SEO definition and generated catalogue; no local GSC/search-volume export",material,Златни колиета с диамант – материал и детайли | Българитъм,Златни колиета с диамант – материал и детайли | Българитъм,GOOD,Златни колиета с диамант,Златни колиета с диамант,GOOD,"Златни колиета с диамант: сравни колиета, материала злато, камъка диамант, размера и закопчаването в информацията от бранда.","Златни колиета с диамант: сравни колиета, материала злато, камъка диамант, размера и закопчаването в информацията от бранда.",GOOD,"При златни колиета с диамант диамант е водещият камък, а материалът и обковът допълват избора. Преди избор на златни колиета с диамант провери точния материал, размерите и начина на поддръжка, посочени за конкретното бижу.",,GOOD,1,4,2,EMPTY,0,0,0,/zlatno-kolie-s-diamant/,Начало > Аксесоари > Български бижута,0,NO INCOMING ANCHOR,CONSISTENT,,WAIT,WAIT FOR CATALOGUE,Do not enrich copy before catalogue expansion
/zlatno-kolie-s-perla/,intent,0,златно колие с перла,,"SEMANTIC TARGET — URL, taxonomy, current SEO definition and generated catalogue; no local GSC/search-volume export",material,Златни колиета с перла – материал и детайли | Българитъм,Златни колиета с перла – материал и детайли | Българитъм,GOOD,Златни колиета с перла,Златни колиета с перла,GOOD,"Златни колиета с перла: сравни колиета, материала злато, камъка перла, размера и закопчаването в информацията от бранда.","Златни колиета с перла: сравни колиета, материала злато, камъка перла, размера и закопчаването в информацията от бранда.",GOOD,"При златни колиета с перла перла е водещият камък, а материалът и обковът допълват избора. Преди избор на златни колиета с перла провери точния материал, размерите и начина на поддръжка, посочени за конкретното бижу.",,GOOD,1,4,2,EMPTY,0,0,0,/zlatno-kolie-s-perla/,Начало > Аксесоари > Български бижута,0,NO INCOMING ANCHOR,CONSISTENT,,WAIT,WAIT FOR CATALOGUE,Do not enrich copy before catalogue expansion
