primary_keyword,cluster_keywords,final_url,disposition,H1,SEO_title,meta_description,intro_copy,collapsible_copy,cluster_keywords_used,cluster_keywords_missing,cluster_keywords_exact_match,cluster_keywords_semantic_or_grammatical_match,cluster_coverage_percent,notes
"българско дамско бельо памук","","/balgarsko-damsko-belo-pamuk/","CREATE","Българско дамско памучно бельо","Българско дамско памучно бельо – материи и модели","Разгледай българско дамско памучно бельо от български брандове. Сравни наличните предложения и отвори продуктовите страници за подробности.","В „Българско дамско памучно бельо“ можеш да разгледаш облекло, обединено от конкретен вид, материя, цвят, сезон или стил. Селекцията е фокусирана върху материя: памук; отвори конкретния продукт, за да провериш всички негови характеристики.","Материя, кройка и предназначение Прочети още Сравни материята, сезона, ръкава и стила само когато са попълнени за конкретния модел. Така близки категории остават ясно разграничени. За тази селекция са важни следните ориентири: материя: памук. Провери ги и в описанието на конкретния продукт. | Преди да избереш модел Прочети още Провери предназначението, варианта и информацията от бранда. Запази подходящите предложения, за да ги сравниш спокойно.","","","","","","PRIMARY H1=SEMANTIC/GRAMMATICAL; TITLE=SEMANTIC/GRAMMATICAL; CONTENT=SEMANTIC/GRAMMATICAL No original cluster keywords for this input row. Priority: LOW — no material gap. Rendered page is indexable."
"българско мъжко бельо","българско бельо мъжко · мъжко бельо българско · мъжко българско бельо · мъжки боксерки българско производство","/bulgarsko-mazhko-belyo/","CREATE","Българско мъжко бельо","Българско мъжко бельо – модели по вид и стил | Българитъм","Открий българско мъжко бельо на едно място. Сравни наличните предложения и отвори продуктовите страници за подробности.","В „Българско мъжко бельо“ можеш да разгледаш облекло, обединено от конкретен вид, материя, цвят, сезон или стил. Разгледай отделните предложения и провери характеристиките, вариантите и информацията от бранда на продуктовата страница.","Материя, кройка и предназначение Прочети още Сравни материята, сезона, ръкава и стила само когато са попълнени за конкретния модел. Така близки категории остават ясно разграничени. Използвай наличните характеристики като отправна точка и провери подробностите за конкретното предложение. При мъжките боксерки провери данните за произход, ако държиш на българско производство — присъствието на български бранд само по себе си не е достатъчно доказателство къде е изработен продуктът. | Преди да избереш модел Прочети още Провери предназначението, варианта и информацията от бранда. Запази подходящите предложения, за да ги сравниш спокойно.","българско бельо мъжко [SEMANTIC/GRAMMATICAL] · мъжко бельо българско [SEMANTIC/GRAMMATICAL] · мъжко българско бельо [SEMANTIC/GRAMMATICAL] · мъжки боксерки българско производство [SEMANTIC/GRAMMATICAL]","","","българско бельо мъжко · мъжко бельо българско · мъжко българско бельо · мъжки боксерки българско производство","100.0","PRIMARY H1=EXACT; TITLE=EXACT; CONTENT=EXACT Cluster coverage 100.0%. Priority: LOW — no material gap. Rendered page is indexable."
"бели дамски ризи","бяла риза дамска · дамска бяла риза","/byala-damska-riza/","CREATE","Бели дамски ризи","Бели дамски ризи – цветове и модели | Българитъм","Бели дамски ризи в подредена продуктова селекция. Сравни наличните предложения и отвори продуктовите страници за подробности.","В „Бели дамски ризи“ можеш да разгледаш облекло, обединено от конкретен вид, материя, цвят, сезон или стил. Селекцията е фокусирана върху цвят: бял; отвори конкретния продукт, за да провериш всички негови характеристики.","Материя, кройка и предназначение Прочети още Сравни материята, сезона, ръкава и стила само когато са попълнени за конкретния модел. Така близки категории остават ясно разграничени. За тази селекция са важни следните ориентири: цвят: бял. Провери ги и в описанието на конкретния продукт. | Преди да избереш модел Прочети още Провери предназначението, варианта и информацията от бранда. Запази подходящите предложения, за да ги сравниш спокойно.","бяла риза дамска [SEMANTIC/GRAMMATICAL] · дамска бяла риза [SEMANTIC/GRAMMATICAL]","","","бяла риза дамска · дамска бяла риза","100.0","PRIMARY H1=EXACT; TITLE=EXACT; CONTENT=EXACT Cluster coverage 100.0%. Priority: LOW — no material gap. Rendered page is indexable."
"дамски блузи с дълъг ръкав","евтини дамски блузи с дълъг ръкав · блузи с дълъг ръкав дамски · български дамски блузи с дълъг ръкав","/damski-bluzi-s-dalag-rakav/","CREATE","Дамски блузи с дълъг ръкав","Дамски блузи с дълъг ръкав – модели по вид и стил","Търсиш дамски блузи с дълъг ръкав? Сравни наличните предложения и отвори продуктовите страници за подробности.","В „Дамски блузи с дълъг ръкав“ можеш да разгледаш облекло, обединено от конкретен вид, материя, цвят, сезон или стил. Селекцията е фокусирана върху ръкав: дълъг ръкав; отвори конкретния продукт, за да провериш всички негови характеристики.","Материя, кройка и предназначение Прочети още Сравни материята, сезона, ръкава и стила само когато са попълнени за конкретния модел. Така близки категории остават ясно разграничени. За тази селекция са важни следните ориентири: ръкав: дълъг ръкав. Провери ги и в описанието на конкретния продукт. При български дамски блузи с дълъг ръкав сравни материята, плътността и кройката, защото еднаквата дължина на ръкава не означава еднакво усещане при носене. | Преди да избереш модел Прочети още Провери предназначението, варианта и информацията от бранда. Запази подходящите предложения, за да ги сравниш спокойно.","български дамски блузи с дълъг ръкав [EXACT] · блузи с дълъг ръкав дамски [SEMANTIC/GRAMMATICAL]","евтини дамски блузи с дълъг ръкав","български дамски блузи с дълъг ръкав","блузи с дълъг ръкав дамски","66.7","PRIMARY H1=EXACT; TITLE=EXACT; CONTENT=EXACT Cluster coverage 66.7%. Priority: MEDIUM. Rendered page is indexable."
"дамски блузи с къс ръкав","блузи с къс ръкав дамски · дамска блуза с къс ръкав · евтини дамски блузи с къс ръкав · български дамски блузи с къс ръкав","/damski-bluzi-s-kas-rakav/","CREATE","Дамски блузи с къс ръкав","Дамски блузи с къс ръкав – модели по вид и стил | Българитъм","Виж предложения за дамски блузи с къс ръкав. Сравни наличните предложения и отвори продуктовите страници за подробности.","В „Дамски блузи с къс ръкав“ можеш да разгледаш облекло, обединено от конкретен вид, материя, цвят, сезон или стил. Селекцията е фокусирана върху ръкав: къс ръкав; отвори конкретния продукт, за да провериш всички негови характеристики.","Материя, кройка и предназначение Прочети още Сравни материята, сезона, ръкава и стила само когато са попълнени за конкретния модел. Така близки категории остават ясно разграничени. За тази селекция са важни следните ориентири: ръкав: къс ръкав. Провери ги и в описанието на конкретния продукт. | Преди да избереш модел Прочети още Провери предназначението, варианта и информацията от бранда. Запази подходящите предложения, за да ги сравниш спокойно.","блузи с къс ръкав дамски [SEMANTIC/GRAMMATICAL] · дамска блуза с къс ръкав [SEMANTIC/GRAMMATICAL] · български дамски блузи с къс ръкав [SEMANTIC/GRAMMATICAL]","евтини дамски блузи с къс ръкав","","блузи с къс ръкав дамски · дамска блуза с къс ръкав · български дамски блузи с къс ръкав","75.0","PRIMARY H1=EXACT; TITLE=EXACT; CONTENT=EXACT Cluster coverage 75.0%. Priority: MEDIUM. Rendered page is indexable."
"дамска ленена риза","дамски ленени ризи · ленена риза дамска · ленени дамски ризи · ленени ризи дамски · дамски ленени ризи онлайн","/damska-lenena-riza/","CREATE","Дамска ленена риза","Дамска ленена риза – материи и модели | Българитъм","Ориентирай се сред предложенията за дамска ленена риза. Сравни наличните предложения и отвори продуктовите страници за подробности.","В „Дамска ленена риза“ можеш да разгледаш облекло, обединено от конкретен вид, материя, цвят, сезон или стил. Селекцията е фокусирана върху материя: лен; отвори конкретния продукт, за да провериш всички негови характеристики.","Материя, кройка и предназначение Прочети още Сравни материята, сезона, ръкава и стила само когато са попълнени за конкретния модел. Така близки категории остават ясно разграничени. За тази селекция са важни следните ориентири: материя: лен. Провери ги и в описанието на конкретния продукт. Когато разглеждаш дамски ленени ризи онлайн, провери състава и указанията за поддръжка на конкретния модел, вместо да разчиташ единствено на снимката. | Преди да избереш модел Прочети още Провери предназначението, варианта и информацията от бранда. Запази подходящите предложения, за да ги сравниш спокойно.","дамски ленени ризи [EXACT] · дамски ленени ризи онлайн [EXACT] · ленена риза дамска [SEMANTIC/GRAMMATICAL] · ленени дамски ризи [SEMANTIC/GRAMMATICAL] · ленени ризи дамски [SEMANTIC/GRAMMATICAL]","","дамски ленени ризи · дамски ленени ризи онлайн","ленена риза дамска · ленени дамски ризи · ленени ризи дамски","100.0","PRIMARY H1=EXACT; TITLE=EXACT; CONTENT=EXACT Cluster coverage 100.0%. Priority: LOW — no material gap. Rendered page is indexable."
"розови ризи","","/rozova-riza/","CREATE","Розови ризи","Розови ризи – цветове и модели | Българитъм","Селекция за розови ризи от български брандове. Сравни наличните предложения и отвори продуктовите страници за подробности.","В „Розови ризи“ можеш да разгледаш облекло, обединено от конкретен вид, материя, цвят, сезон или стил. Селекцията е фокусирана върху цвят: розов; отвори конкретния продукт, за да провериш всички негови характеристики.","Материя, кройка и предназначение Прочети още Сравни материята, сезона, ръкава и стила само когато са попълнени за конкретния модел. Така близки категории остават ясно разграничени. За тази селекция са важни следните ориентири: цвят: розов. Провери ги и в описанието на конкретния продукт. | Преди да избереш модел Прочети още Провери предназначението, варианта и информацията от бранда. Запази подходящите предложения, за да ги сравниш спокойно.","","","","","","PRIMARY H1=EXACT; TITLE=EXACT; CONTENT=EXACT No original cluster keywords for this input row. Priority: LOW — no material gap. Rendered page is indexable."
"черни ризи","черни ризи","/cherna-riza/","CREATE","Черни ризи","Черни ризи – цветове и модели | Българитъм","Намери черни ризи и прегледай подробностите за всеки продукт. Сравни наличните предложения и отвори продуктовите страници за подробности.","В „Черни ризи“ можеш да разгледаш облекло, обединено от конкретен вид, материя, цвят, сезон или стил. Селекцията е фокусирана върху цвят: черен; отвори конкретния продукт, за да провериш всички негови характеристики.","Материя, кройка и предназначение Прочети още Сравни материята, сезона, ръкава и стила само когато са попълнени за конкретния модел. Така близки категории остават ясно разграничени. За тази селекция са важни следните ориентири: цвят: черен. Провери ги и в описанието на конкретния продукт. | Преди да избереш модел Прочети още Провери предназначението, варианта и информацията от бранда. Запази подходящите предложения, за да ги сравниш спокойно.","черни ризи [EXACT]","","черни ризи","","100.0","PRIMARY H1=EXACT; TITLE=EXACT; CONTENT=EXACT Cluster coverage 100.0%. Priority: LOW — no material gap. Rendered page is indexable."
"български дамски спортни екипи","български спортен екип · български спортни екипи онлайн · дамски спортни екипи български · спортни екипи български · спортни екипи българско производство","/bulgarski-damski-sportni-ekipi/","REUSE","Български дамски спортни екипи","Български дамски спортни екипи – селекция от български","Разгледай темата „Български дамски спортни екипи“ и сравни подходящите предложения. Сравни наличните предложения и отвори продуктовите страници за","Тук можеш да разгледаш „Български дамски спортни екипи“ като самостоятелна продуктова селекция от български брандове. Разгледай отделните предложения и провери характеристиките, вариантите и информацията от бранда на продуктовата страница.","Как да сравниш предложенията Прочети още Сравни предназначението и изрично посочените характеристики на всеки продукт. Общото име на селекцията не означава, че всички модели са еднакви. Използвай наличните характеристики като отправна точка и провери подробностите за конкретното предложение. При избор на български спортни екипи онлайн сравни материята, кройката и предназначението. Ако за теб е важно българското производство, провери изрично посочения произход на продукта. | Преди да избереш Прочети още Провери предназначението, варианта и информацията от бранда. Запази подходящите предложения, за да ги сравниш спокойно.","български спортни екипи онлайн [EXACT] · български спортен екип [SEMANTIC/GRAMMATICAL] · дамски спортни екипи български [SEMANTIC/GRAMMATICAL] · спортни екипи български [SEMANTIC/GRAMMATICAL] · спортни екипи българско производство [SEMANTIC/GRAMMATICAL]","","български спортни екипи онлайн","български спортен екип · дамски спортни екипи български · спортни екипи български · спортни екипи българско производство","100.0","PRIMARY H1=EXACT; TITLE=EXACT; CONTENT=EXACT Cluster coverage 100.0%. Priority: LOW — no material gap. Rendered page is indexable."
"български рокли","български дамски рокли · български рокли онлайн · рокли български · стилни български рокли · елегантни български рокли","/bulgarski-drehi/rokli/","REUSE","Български рокли","Български рокли – модели по вид и стил | Българитъм","Открий продукти в селекцията „Български рокли“. Сравни наличните предложения и отвори продуктовите страници за подробности.","В „Български рокли“ можеш да разгледаш облекло, обединено от конкретен вид, материя, цвят, сезон или стил. Разгледай отделните предложения и провери характеристиките, вариантите и информацията от бранда на продуктовата страница.","Как роклите влизат в различни моменти от деня и повода Прочети още Фразата български рокли все по-често се използва от хора, които искат по-близки марки, по-ясен стил и усещане, че откриват нещо с характер. Това не означава непременно повод. Понякога става дума за рокля за ежедневно носене, понякога за по-специален момент, а понякога просто за силует, който стои по-меко и по-естествено. Когато разглеждаш български дамски рокли онлайн, използвай стила като ориентир, а не като обещание за конкретна изработка. При елегантните български рокли сравни кройката, материята и указанията на самия продукт, за да прецениш дали моделът е подходящ за търсения повод. Именно затова страницата за български рокли трябва да помага повече от това да показва продукти. Тя трябва да улеснява сравняването, запазването и връщането към модели, които са ти направили впечатление. Така можеш да избереш рокля не под натиск, а след като видиш какво наистина пасва на твоя стил. Когато локалните марки са събрани по този начин, по-лесно се вижда и разликата между тях. Някои са по-романтични, други по-минималистични, трети по-артистични. Това прави търсенето на български рокли по-интересно и по-малко шаблонно. | Защо една добра страница за рокли помага на избора Прочети още Хората обикновено не търсят просто рокля. Търсят нещо за конкретен ден, за конкретно настроение или за момент, в който искат да се чувстват по свой начин. Затова е важно селекцията да дава посока, а не просто много продукти наведнъж. Ако харесаш модел, можеш да го запазиш, да го добавиш в своя галерия и да се върнеш към него, когато искаш да решиш по-спокойно. Така страницата за български рокли става полезна и днес, и когато се върнеш към нея по-късно. Тя дава по-ясен вход към точните модели, без да превръща избора в шумен каталог.","български дамски рокли [EXACT] · български рокли онлайн [SEMANTIC/GRAMMATICAL] · рокли български [SEMANTIC/GRAMMATICAL] · стилни български рокли [SEMANTIC/GRAMMATICAL] · елегантни български рокли [SEMANTIC/GRAMMATICAL]","","български дамски рокли","български рокли онлайн · рокли български · стилни български рокли · елегантни български рокли","100.0","PRIMARY H1=EXACT; TITLE=EXACT; CONTENT=EXACT Cluster coverage 100.0%. Priority: LOW — no material gap. Rendered page is indexable."
"мъжки пижами","български пижами мъжки · мъжки пижами български · качествени мъжки пижами · мъжки пижами онлайн · мъжки пижами с дълъг ръкав · мъжки пижами с копчета · мъжки памучни пижами · памучни мъжки пижами","/bulgarski-mazhki-pizhami/","REUSE","Мъжки пижами","Мъжки пижами – модели по вид и стил | Българитъм","Сравни предложения в категорията „Мъжки пижами“. Сравни наличните предложения и отвори продуктовите страници за подробности.","В „Мъжки пижами“ можеш да разгледаш облекло, обединено от конкретен вид, материя, цвят, сезон или стил. Разгледай отделните предложения и провери характеристиките, вариантите и информацията от бранда на продуктовата страница.","Защо удобството е в центъра, когато избираш мъжки пижами Прочети още Мъжките пижами почти винаги се избират с мисъл за удобство, материя и това как се усеща дрехата у дома. Това не е импулсивна покупка. Често е избор за по-спокоен вечерен ритъм, за по-приятни сутрини и за усещане, че си добре в собственото си ежедневие. Когато селекцията е ясна, по-лесно виждаш кои модели са по-леки, кои са по-топли и кои биха паснали на навиците ти през различните сезони. Това прави избора по-личен, а не просто бърз. Точно затова страницата е най-полезна, когато оставя продукта в центъра и ти позволява да сравняваш спокойно, без да се разсейваш от несвързани дрехи. Когато търсиш качествени мъжки пижами онлайн, сравни състава, плътността и начина на закопчаване. При мъжките пижами с дълъг ръкав или с копчета тези детайли често са по-полезни от общото име на модела. Ако предпочиташ мъжки памучни пижами, провери точния процент памук в състава — определението памучни мъжки пижами не означава непременно еднаква материя при всеки продукт. | Защо е полезно да запазваш домашните модели Прочети още Домашното облекло често се избира по-бавно, защото удобството и усещането са важни. Ако не искаш да решаваш веднага, можеш да запазиш няколко мъжки пижами в галерия и да се върнеш към тях по-късно. Това е особено полезно, когато искаш да сравниш материи, кройки или просто да си оставиш няколко добри идеи за момент, в който решаваш по-спокойно. Вместо да започваш отначало, вече имаш подреден свой кратък списък. Ако искаш, можеш и да споделиш тази галерия с линк. Така изборът остава лек и практичен, а страницата се превръща в нещо повече от каталог.","качествени мъжки пижами [EXACT] · мъжки пижами онлайн [EXACT] · мъжки памучни пижами [EXACT] · памучни мъжки пижами [EXACT] · български пижами мъжки [SEMANTIC/GRAMMATICAL] · мъжки пижами български [SEMANTIC/GRAMMATICAL] · мъжки пижами с дълъг ръкав [SEMANTIC/GRAMMATICAL] · мъжки пижами с копчета [SEMANTIC/GRAMMATICAL]","","качествени мъжки пижами · мъжки пижами онлайн · мъжки памучни пижами · памучни мъжки пижами","български пижами мъжки · мъжки пижами български · мъжки пижами с дълъг ръкав · мъжки пижами с копчета","100.0","PRIMARY H1=EXACT; TITLE=EXACT; CONTENT=EXACT Cluster coverage 100.0%. Priority: LOW — no material gap. Rendered page is indexable."
"български ленени дрехи","","/bulgarski-leneni-drehi/","REUSE","Български ленени дрехи","Български ленени дрехи – селекция от български брандове","Прегледай селекцията „Български ленени дрехи“ от български брандове. Сравни наличните предложения и отвори продуктовите страници за подробности.","Тук можеш да разгледаш „Български ленени дрехи“ като самостоятелна продуктова селекция от български брандове. Разгледай отделните предложения и провери характеристиките, вариантите и информацията от бранда на продуктовата страница.","Как да сравниш предложенията Прочети още Сравни предназначението и изрично посочените характеристики на всеки продукт. Общото име на селекцията не означава, че всички модели са еднакви. Използвай наличните характеристики като отправна точка и провери подробностите за конкретното предложение. | Преди да избереш Прочети още Провери предназначението, варианта и информацията от бранда. Запази подходящите предложения, за да ги сравниш спокойно.","","","","","","PRIMARY H1=EXACT; TITLE=EXACT; CONTENT=EXACT No original cluster keywords for this input row. Priority: LOW — no material gap. Rendered page is indexable."
"българско бельо","българско дамско бельо · качествено българско бельо · бельо българско · българско бельо дамско · дамско бельо българско · дамско българско бельо · българско бельо онлайн · магазин българско бельо · магазин за българско бельо · онлайн магазин за българско бельо · производители на българско бельо · фирми за българско бельо","/k/belio/","REUSE","Българско бельо","Българско бельо – модели по вид и стил | Българитъм","Разгледай българско бельо от български брандове. Сравни наличните предложения и отвори продуктовите страници за подробности.","В „Българско бельо“ можеш да разгледаш облекло, обединено от конкретен вид, материя, цвят, сезон или стил. Разгледай отделните предложения и провери характеристиките, вариантите и информацията от бранда на продуктовата страница.","Материя, кройка и предназначение Прочети още Сравни материята, сезона, ръкава и стила само когато са попълнени за конкретния модел. Така близки категории остават ясно разграничени. Използвай наличните характеристики като отправна точка и провери подробностите за конкретното предложение. Българското дамско бельо и останалите модели в категорията могат да се различават по материя, конструкция и предназначение. При избор на качествено българско бельо сравни точния състав и указанията за поддръжка. Когато разглеждаш българско бельо онлайн, отвори страницата на конкретния модел и профила на бранда. Ако търсиш производители на българско бельо или фирми за българско бельо, провери дали произходът и ролята на бранда са изрично описани. | Преди да избереш модел Прочети още Провери предназначението, варианта и информацията от бранда. Запази подходящите предложения, за да ги сравниш спокойно.","качествено българско бельо [EXACT] · българско бельо онлайн [EXACT] · производители на българско бельо [EXACT] · фирми за българско бельо [EXACT] · българско дамско бельо [SEMANTIC/GRAMMATICAL] · бельо българско [SEMANTIC/GRAMMATICAL] · българско бельо дамско [SEMANTIC/GRAMMATICAL] · дамско бельо българско [SEMANTIC/GRAMMATICAL] · дамско българско бельо [SEMANTIC/GRAMMATICAL]","магазин българско бельо · магазин за българско бельо · онлайн магазин за българско бельо","качествено българско бельо · българско бельо онлайн · производители на българско бельо · фирми за българско бельо","българско дамско бельо · бельо българско · българско бельо дамско · дамско бельо българско · дамско българско бельо","75.0","PRIMARY H1=EXACT; TITLE=EXACT; CONTENT=EXACT Cluster coverage 75.0%. Priority: MEDIUM. Rendered page is indexable."
"български боти","боти български · дамски боти български · дамски български боти","/bulgarski-boti/","CREATE","Български боти","Български боти – модели по вид и стил | Българитъм","Открий български боти на едно място. Сравни наличните предложения и отвори продуктовите страници за подробности.","В „Български боти“ можеш да разгледаш облекло, обединено от конкретен вид, материя, цвят, сезон или стил. Разгледай отделните предложения и провери характеристиките, вариантите и информацията от бранда на продуктовата страница.","Материя, кройка и предназначение Прочети още Сравни материята, сезона, ръкава и стила само когато са попълнени за конкретния модел. Така близки категории остават ясно разграничени. Използвай наличните характеристики като отправна точка и провери подробностите за конкретното предложение. При дамските български боти сравни височината, подметката, материала и сезона. Така близки варианти като дамски боти от български брандове могат да бъдат разграничени по реалните им характеристики. | Преди да избереш модел Прочети още Провери предназначението, варианта и информацията от бранда. Запази подходящите предложения, за да ги сравниш спокойно.","боти български [SEMANTIC/GRAMMATICAL] · дамски боти български [SEMANTIC/GRAMMATICAL] · дамски български боти [SEMANTIC/GRAMMATICAL]","","","боти български · дамски боти български · дамски български боти","100.0","PRIMARY H1=EXACT; TITLE=EXACT; CONTENT=EXACT Cluster coverage 100.0%. Priority: LOW — no material gap. Rendered page is indexable."
"български домашни чехли","български домашни пантофи","/bulgarski-domashni-chehli/","CREATE","Български домашни чехли","Български домашни чехли – модели по вид и стил | Българитъм","Български домашни чехли в подредена продуктова селекция. Сравни наличните предложения и отвори продуктовите страници за подробности.","В „Български домашни чехли“ можеш да разгледаш облекло, обединено от конкретен вид, материя, цвят, сезон или стил. Разгледай отделните предложения и провери характеристиките, вариантите и информацията от бранда на продуктовата страница.","Материя, кройка и предназначение Прочети още Сравни материята, сезона, ръкава и стила само когато са попълнени за конкретния модел. Така близки категории остават ясно разграничени. Използвай наличните характеристики като отправна точка и провери подробностите за конкретното предложение. | Преди да избереш модел Прочети още Провери предназначението, варианта и информацията от бранда. Запази подходящите предложения, за да ги сравниш спокойно.","български домашни пантофи [SEMANTIC/GRAMMATICAL]","","","български домашни пантофи","100.0","PRIMARY H1=EXACT; TITLE=EXACT; CONTENT=EXACT Cluster coverage 100.0%. Priority: LOW — no material gap. Rendered page is indexable."
"български домашни чехли","български домашни пантофи","/bulgarski-domashni-chehli/","MERGE","Български домашни чехли","Български домашни чехли – модели по вид и стил | Българитъм","Български домашни чехли в подредена продуктова селекция. Сравни наличните предложения и отвори продуктовите страници за подробности.","В „Български домашни чехли“ можеш да разгледаш облекло, обединено от конкретен вид, материя, цвят, сезон или стил. Разгледай отделните предложения и провери характеристиките, вариантите и информацията от бранда на продуктовата страница.","Материя, кройка и предназначение Прочети още Сравни материята, сезона, ръкава и стила само когато са попълнени за конкретния модел. Така близки категории остават ясно разграничени. Използвай наличните характеристики като отправна точка и провери подробностите за конкретното предложение. | Преди да избереш модел Прочети още Провери предназначението, варианта и информацията от бранда. Запази подходящите предложения, за да ги сравниш спокойно.","български домашни пантофи [SEMANTIC/GRAMMATICAL]","","","български домашни пантофи","100.0","PRIMARY H1=EXACT; TITLE=EXACT; CONTENT=EXACT Cluster coverage 100.0%. Priority: LOW — no material gap. Rendered page is indexable."
"български маратонки","маратонки български · български марки маратонки","/balgarski-maratonki/","CREATE","Български маратонки","Български маратонки – модели по вид и стил | Българитъм","Виж предложения за български маратонки. Сравни наличните предложения и отвори продуктовите страници за подробности.","В „Български маратонки“ можеш да разгледаш облекло, обединено от конкретен вид, материя, цвят, сезон или стил. Разгледай отделните предложения и провери характеристиките, вариантите и информацията от бранда на продуктовата страница.","Материя, кройка и предназначение Прочети още Сравни материята, сезона, ръкава и стила само когато са попълнени за конкретния модел. Така близки категории остават ясно разграничени. Използвай наличните характеристики като отправна точка и провери подробностите за конкретното предложение. Когато сравняваш български марки маратонки, провери предназначението на модела, материала на горната част и информацията за подметката. | Преди да избереш модел Прочети още Провери предназначението, варианта и информацията от бранда. Запази подходящите предложения, за да ги сравниш спокойно.","български марки маратонки [EXACT] · маратонки български [SEMANTIC/GRAMMATICAL]","","български марки маратонки","маратонки български","100.0","PRIMARY H1=EXACT; TITLE=EXACT; CONTENT=EXACT Cluster coverage 100.0%. Priority: LOW — no material gap. Rendered page is indexable."
"български мъжки обувки от естествена кожа","български мъжки боти от естествена кожа · мъжки чехли естествена кожа български","/bulgarski-mazhki-obuvki-estestvena-kozha/","CREATE","Български мъжки обувки от естествена кожа","Български мъжки обувки от естествена кожа – материи и модели","Ориентирай се сред предложенията за български мъжки обувки от естествена кожа. Сравни наличните предложения и отвори продуктовите страници за подробности.","В „Български мъжки обувки от естествена кожа“ можеш да разгледаш облекло, обединено от конкретен вид, материя, цвят, сезон или стил. Селекцията е фокусирана върху материя: естествена кожа; отвори конкретния продукт, за да провериш всички негови характеристики.","Материя, кройка и предназначение Прочети още Сравни материята, сезона, ръкава и стила само когато са попълнени за конкретния модел. Така близки категории остават ясно разграничени. За тази селекция са важни следните ориентири: материя: естествена кожа. Провери ги и в описанието на конкретния продукт. При българските мъжки боти от естествена кожа обърни внимание на подметката, подплатата и сезона. За мъжки чехли от естествена кожа сравни конструкцията и предназначението, защото това е различен тип обувка. | Преди да избереш модел Прочети още Провери предназначението, варианта и информацията от бранда. Запази подходящите предложения, за да ги сравниш спокойно.","български мъжки боти от естествена кожа [SEMANTIC/GRAMMATICAL] · мъжки чехли естествена кожа български [SEMANTIC/GRAMMATICAL]","","","български мъжки боти от естествена кожа · мъжки чехли естествена кожа български","100.0","PRIMARY H1=EXACT; TITLE=EXACT; CONTENT=EXACT Cluster coverage 100.0%. Priority: LOW — no material gap. Rendered page is indexable."
"български обувки естествена кожа","български обувки от естествена кожа · обувки естествена кожа български · български кожени обувки · качествени български обувки естествена кожа","/bulgarski-obuvki-estestvena-kozha/","CREATE","Български обувки естествена кожа","Български обувки естествена кожа – материи и модели","Селекция за български обувки естествена кожа от български брандове. Сравни наличните предложения и отвори продуктовите страници за подробности.","В „Български обувки естествена кожа“ можеш да разгледаш облекло, обединено от конкретен вид, материя, цвят, сезон или стил. Селекцията е фокусирана върху материя: естествена кожа; отвори конкретния продукт, за да провериш всички негови характеристики.","Материя, кройка и предназначение Прочети още Сравни материята, сезона, ръкава и стила само когато са попълнени за конкретния модел. Така близки категории остават ясно разграничени. За тази селекция са важни следните ориентири: материя: естествена кожа. Провери ги и в описанието на конкретния продукт. При търсене на качествени български обувки от естествена кожа използвай конкретни критерии: вид и обработка на материала, подметка, подплата и указания за поддръжка. | Преди да избереш модел Прочети още Провери предназначението, варианта и информацията от бранда. Запази подходящите предложения, за да ги сравниш спокойно.","български обувки от естествена кожа [EXACT] · обувки естествена кожа български [SEMANTIC/GRAMMATICAL] · български кожени обувки [SEMANTIC/GRAMMATICAL] · качествени български обувки естествена кожа [SEMANTIC/GRAMMATICAL]","","български обувки от естествена кожа","обувки естествена кожа български · български кожени обувки · качествени български обувки естествена кожа","100.0","PRIMARY H1=EXACT; TITLE=EXACT; CONTENT=EXACT Cluster coverage 100.0%. Priority: LOW — no material gap. Rendered page is indexable."
"български сандали естествена кожа","дамски сандали естествена кожа български · български дамски сандали естествена кожа · български дамски сандали от естествена кожа · български кожени сандали · български сандали от естествена кожа","/bulgarski-sandali-estestvena-kozha/","CREATE","Български сандали естествена кожа","Български сандали естествена кожа – материи и модели","Намери български сандали естествена кожа и прегледай подробностите за всеки продукт. Сравни наличните предложения и отвори продуктовите страници за","В „Български сандали естествена кожа“ можеш да разгледаш облекло, обединено от конкретен вид, материя, цвят, сезон или стил. Селекцията е фокусирана върху материя: естествена кожа; отвори конкретния продукт, за да провериш всички негови характеристики.","Материя, кройка и предназначение Прочети още Сравни материята, сезона, ръкава и стила само когато са попълнени за конкретния модел. Така близки категории остават ясно разграничени. За тази селекция са важни следните ориентири: материя: естествена кожа. Провери ги и в описанието на конкретния продукт. При българските дамски сандали от естествена кожа сравни конструкцията, подметката и начина на закопчаване. Определението дамски сандали от естествена кожа трябва да се потвърждава от състава на конкретния модел. | Преди да избереш модел Прочети още Провери предназначението, варианта и информацията от бранда. Запази подходящите предложения, за да ги сравниш спокойно.","дамски сандали естествена кожа български [SEMANTIC/GRAMMATICAL] · български дамски сандали естествена кожа [SEMANTIC/GRAMMATICAL] · български дамски сандали от естествена кожа [SEMANTIC/GRAMMATICAL] · български кожени сандали [SEMANTIC/GRAMMATICAL] · български сандали от естествена кожа [SEMANTIC/GRAMMATICAL]","","","дамски сандали естествена кожа български · български дамски сандали естествена кожа · български дамски сандали от естествена кожа · български кожени сандали · български сандали от естествена кожа","100.0","PRIMARY H1=EXACT; TITLE=EXACT; CONTENT=EXACT Cluster coverage 100.0%. Priority: LOW — no material gap. Rendered page is indexable."
"български кожени якета естествена кожа","български кожени якета","/bulgarski-kozeni-yaketa/","CREATE","Български кожени якета естествена кожа","Български кожени якета естествена кожа – материи и модели","Разгледай темата „Български кожени якета естествена кожа“ и сравни подходящите предложения. Сравни наличните предложения и отвори продуктовите страници за","В „Български кожени якета естествена кожа“ можеш да разгледаш облекло, обединено от конкретен вид, материя, цвят, сезон или стил. Селекцията е фокусирана върху материя: естествена кожа; отвори конкретния продукт, за да провериш всички негови характеристики.","Материя, кройка и предназначение Прочети още Сравни материята, сезона, ръкава и стила само когато са попълнени за конкретния модел. Така близки категории остават ясно разграничени. За тази селекция са важни следните ориентири: материя: естествена кожа. Провери ги и в описанието на конкретния продукт. | Преди да избереш модел Прочети още Провери предназначението, варианта и информацията от бранда. Запази подходящите предложения, за да ги сравниш спокойно.","български кожени якета [EXACT]","","български кожени якета","","100.0","PRIMARY H1=EXACT; TITLE=EXACT; CONTENT=EXACT Cluster coverage 100.0%. Priority: LOW — no material gap. Rendered page is indexable."
"български мъжки зимни якета","български мъжки якета","/bulgarski-mazhki-zimni-yaketa/","CREATE","Български мъжки зимни якета","Български мъжки зимни якета – модели по вид и стил","Открий продукти в селекцията „Български мъжки зимни якета“. Сравни наличните предложения и отвори продуктовите страници за подробности.","В „Български мъжки зимни якета“ можеш да разгледаш облекло, обединено от конкретен вид, материя, цвят, сезон или стил. Селекцията е фокусирана върху сезон: зимен; отвори конкретния продукт, за да провериш всички негови характеристики.","Материя, кройка и предназначение Прочети още Сравни материята, сезона, ръкава и стила само когато са попълнени за конкретния модел. Така близки категории остават ясно разграничени. За тази селекция са важни следните ориентири: сезон: зимен. Провери ги и в описанието на конкретния продукт. | Преди да избереш модел Прочети още Провери предназначението, варианта и информацията от бранда. Запази подходящите предложения, за да ги сравниш спокойно.","български мъжки якета [SEMANTIC/GRAMMATICAL]","","","български мъжки якета","100.0","PRIMARY H1=EXACT; TITLE=EXACT; CONTENT=EXACT Cluster coverage 100.0%. Priority: LOW — no material gap. Rendered page is indexable."
"български палта от вълна","","/bulgarski-palta-ot-valna/","CREATE","Български палта от вълна","Български палта от вълна – материи и модели | Българитъм","Сравни предложения в категорията „Български палта от вълна“. Сравни наличните предложения и отвори продуктовите страници за подробности.","В „Български палта от вълна“ можеш да разгледаш облекло, обединено от конкретен вид, материя, цвят, сезон или стил. Селекцията е фокусирана върху материя: вълна; отвори конкретния продукт, за да провериш всички негови характеристики.","Материя, кройка и предназначение Прочети още Сравни материята, сезона, ръкава и стила само когато са попълнени за конкретния модел. Така близки категории остават ясно разграничени. За тази селекция са важни следните ориентири: материя: вълна. Провери ги и в описанието на конкретния продукт. | Преди да избереш модел Прочети още Провери предназначението, варианта и информацията от бранда. Запази подходящите предложения, за да ги сравниш спокойно.","","","","","","PRIMARY H1=EXACT; TITLE=EXACT; CONTENT=EXACT No original cluster keywords for this input row. Priority: LOW — no material gap. Rendered page is indexable."
"зелени палта","","/zeleno-palto/","CREATE","Зелени палта","Зелени палта – цветове и модели | Българитъм","Прегледай селекцията „Зелени палта“ от български брандове. Сравни наличните предложения и отвори продуктовите страници за подробности.","В „Зелени палта“ можеш да разгледаш облекло, обединено от конкретен вид, материя, цвят, сезон или стил. Селекцията е фокусирана върху цвят: зелен; отвори конкретния продукт, за да провериш всички негови характеристики.","Материя, кройка и предназначение Прочети още Сравни материята, сезона, ръкава и стила само когато са попълнени за конкретния модел. Така близки категории остават ясно разграничени. За тази селекция са важни следните ориентири: цвят: зелен. Провери ги и в описанието на конкретния продукт. | Преди да избереш модел Прочети още Провери предназначението, варианта и информацията от бранда. Запази подходящите предложения, за да ги сравниш спокойно.","","","","","","PRIMARY H1=EXACT; TITLE=EXACT; CONTENT=EXACT No original cluster keywords for this input row. Priority: LOW — no material gap. Rendered page is indexable."
"кафяви палта","","/kafyavo-palto/","CREATE","Кафяви палта","Кафяви палта – цветове и модели | Българитъм","Разгледай кафяви палта от български брандове. Сравни наличните предложения и отвори продуктовите страници за подробности.","В „Кафяви палта“ можеш да разгледаш облекло, обединено от конкретен вид, материя, цвят, сезон или стил. Селекцията е фокусирана върху цвят: кафяв; отвори конкретния продукт, за да провериш всички негови характеристики.","Материя, кройка и предназначение Прочети още Сравни материята, сезона, ръкава и стила само когато са попълнени за конкретния модел. Така близки категории остават ясно разграничени. За тази селекция са важни следните ориентири: цвят: кафяв. Провери ги и в описанието на конкретния продукт. | Преди да избереш модел Прочети още Провери предназначението, варианта и информацията от бранда. Запази подходящите предложения, за да ги сравниш спокойно.","","","","","","PRIMARY H1=EXACT; TITLE=EXACT; CONTENT=EXACT No original cluster keywords for this input row. Priority: LOW — no material gap. Rendered page is indexable."
"преходни дамски якета","","/prehodni-damski-yaketa/","CREATE","Преходни дамски якета","Преходни дамски якета – модели по вид и стил | Българитъм","Открий преходни дамски якета на едно място. Сравни наличните предложения и отвори продуктовите страници за подробности.","В „Преходни дамски якета“ можеш да разгледаш облекло, обединено от конкретен вид, материя, цвят, сезон или стил. Селекцията е фокусирана върху сезон: преходен; отвори конкретния продукт, за да провериш всички негови характеристики.","Материя, кройка и предназначение Прочети още Сравни материята, сезона, ръкава и стила само когато са попълнени за конкретния модел. Така близки категории остават ясно разграничени. За тази селекция са важни следните ориентири: сезон: преходен. Провери ги и в описанието на конкретния продукт. | Преди да избереш модел Прочети още Провери предназначението, варианта и информацията от бранда. Запази подходящите предложения, за да ги сравниш спокойно.","","","","","","PRIMARY H1=EXACT; TITLE=EXACT; CONTENT=EXACT No original cluster keywords for this input row. Priority: LOW — no material gap. Rendered page is indexable."
"черени палта","","/cherno-palto/","CREATE","Черни палта","Черни палта – цветове и модели | Българитъм","Черни палта в подредена продуктова селекция. Сравни наличните предложения и отвори продуктовите страници за подробности.","В „Черни палта“ можеш да разгледаш облекло, обединено от конкретен вид, материя, цвят, сезон или стил. Селекцията е фокусирана върху цвят: черен; отвори конкретния продукт, за да провериш всички негови характеристики.","Материя, кройка и предназначение Прочети още Сравни материята, сезона, ръкава и стила само когато са попълнени за конкретния модел. Така близки категории остават ясно разграничени. За тази селекция са важни следните ориентири: цвят: черен. Провери ги и в описанието на конкретния продукт. | Преди да избереш модел Прочети още Провери предназначението, варианта и информацията от бранда. Запази подходящите предложения, за да ги сравниш спокойно.","","","","","","PRIMARY H1=SEMANTIC/GRAMMATICAL; TITLE=SEMANTIC/GRAMMATICAL; CONTENT=SEMANTIC/GRAMMATICAL No original cluster keywords for this input row. Priority: LOW — no material gap. Rendered page is indexable."
"дамска пижама памук","дамска памучна пижама · дамски памучни пижами · памучни дамски пижами · дамски пижами памук · пижама дамска памук · памучна пижама дамска","/damska-pizhama-pamuk/","CREATE","Дамски памучни пижами","Дамски памучни пижами – материи и модели | Българитъм","Търсиш дамски памучни пижами? Сравни наличните предложения и отвори продуктовите страници за подробности.","В „Дамски памучни пижами“ можеш да разгледаш облекло, обединено от конкретен вид, материя, цвят, сезон или стил. Селекцията е фокусирана върху материя: памук; отвори конкретния продукт, за да провериш всички негови характеристики.","Материя, кройка и предназначение Прочети още Сравни материята, сезона, ръкава и стила само когато са попълнени за конкретния модел. Така близки категории остават ясно разграничени. За тази селекция са важни следните ориентири: материя: памук. Провери ги и в описанието на конкретния продукт. | Преди да избереш модел Прочети още Провери предназначението, варианта и информацията от бранда. Запази подходящите предложения, за да ги сравниш спокойно.","дамски памучни пижами [EXACT] · дамска памучна пижама [SEMANTIC/GRAMMATICAL] · памучни дамски пижами [SEMANTIC/GRAMMATICAL] · дамски пижами памук [SEMANTIC/GRAMMATICAL] · пижама дамска памук [SEMANTIC/GRAMMATICAL] · памучна пижама дамска [SEMANTIC/GRAMMATICAL]","","дамски памучни пижами","дамска памучна пижама · памучни дамски пижами · дамски пижами памук · пижама дамска памук · памучна пижама дамска","100.0","PRIMARY H1=SEMANTIC/GRAMMATICAL; TITLE=SEMANTIC/GRAMMATICAL; CONTENT=SEMANTIC/GRAMMATICAL Cluster coverage 100.0%. Priority: LOW — no material gap. Rendered page is indexable."
"мъжки ленени ризи","ленени ризи мъжки · ленени мъжки ризи · ленени ризи за мъже · бели ленени мъжки ризи · летни мъжки ленени ризи · мъжка бяла ленена риза · мъжки ленени ризи с дълъг ръкав · мъжки ленени ризи с къс ръкав","/mazhki-leneni-rizi/","CREATE","Мъжки ленени ризи","Мъжки ленени ризи – материи и модели | Българитъм","Виж предложения за мъжки ленени ризи. Сравни наличните предложения и отвори продуктовите страници за подробности.","В „Мъжки ленени ризи“ можеш да разгледаш облекло, обединено от конкретен вид, материя, цвят, сезон или стил. Селекцията е фокусирана върху материя: лен; отвори конкретния продукт, за да провериш всички негови характеристики.","Материя, кройка и предназначение Прочети още Сравни материята, сезона, ръкава и стила само когато са попълнени за конкретния модел. Така близки категории остават ясно разграничени. За тази селекция са важни следните ориентири: материя: лен. Провери ги и в описанието на конкретния продукт. Ленените ризи за мъже могат да се сравняват по цвят, плътност и ръкав. При бели ленени мъжки ризи провери прозрачността и състава, а при летни мъжки ленени ризи — лекотата и указанията за поддръжка. Когато разглеждаш мъжки ленени ризи онлайн, използвай данните за размер и кройка. Мъжките ленени ризи с дълъг ръкав и мъжките ленени ризи с къс ръкав имат различно сезонно приложение. | Преди да избереш модел Прочети още Провери предназначението, варианта и информацията от бранда. Запази подходящите предложения, за да ги сравниш спокойно.","ленени мъжки ризи [EXACT] · бели ленени мъжки ризи [EXACT] · летни мъжки ленени ризи [EXACT] · ленени ризи мъжки [SEMANTIC/GRAMMATICAL] · ленени ризи за мъже [SEMANTIC/GRAMMATICAL] · мъжка бяла ленена риза [SEMANTIC/GRAMMATICAL] · мъжки ленени ризи с дълъг ръкав [SEMANTIC/GRAMMATICAL] · мъжки ленени ризи с къс ръкав [SEMANTIC/GRAMMATICAL]","","ленени мъжки ризи · бели ленени мъжки ризи · летни мъжки ленени ризи","ленени ризи мъжки · ленени ризи за мъже · мъжка бяла ленена риза · мъжки ленени ризи с дълъг ръкав · мъжки ленени ризи с къс ръкав","100.0","PRIMARY H1=EXACT; TITLE=EXACT; CONTENT=EXACT Cluster coverage 100.0%. Priority: LOW — no material gap. Rendered page is indexable."
"бални рокли","абитуриентски рокли · бална рокля · евтини бални рокли · абитуриентска рокля · рокли бални · бални рокли цена · бални рокли онлайн · рокли абитуриентски · магазин за бални рокли · абитуриентски рокли цени · разпродажба на бални рокли","/balni-rokli/","CREATE","Бални рокли","Бални рокли – модели по вид и стил | Българитъм","Ориентирай се сред предложенията за бални рокли. Сравни наличните предложения и отвори продуктовите страници за подробности.","В „Бални рокли“ можеш да разгледаш облекло, обединено от конкретен вид, материя, цвят, сезон или стил. Селекцията е фокусирана върху стил: бален; отвори конкретния продукт, за да провериш всички негови характеристики.","Материя, кройка и предназначение Прочети още Сравни материята, сезона, ръкава и стила само когато са попълнени за конкретния модел. Така близки категории остават ясно разграничени. За тази селекция са важни следните ориентири: стил: бален. Провери ги и в описанието на конкретния продукт. Бални и абитуриентски рокли се сравняват най-полезно по силует, дължина, материя и повод. Когато разглеждаш бални рокли онлайн, провери размерите и детайлите на конкретната абитуриентска рокля. | Преди да избереш модел Прочети още Провери предназначението, варианта и информацията от бранда. Запази подходящите предложения, за да ги сравниш спокойно.","абитуриентски рокли [EXACT] · абитуриентска рокля [EXACT] · бални рокли онлайн [EXACT] · бална рокля [SEMANTIC/GRAMMATICAL] · рокли бални [SEMANTIC/GRAMMATICAL] · рокли абитуриентски [SEMANTIC/GRAMMATICAL]","евтини бални рокли · бални рокли цена · магазин за бални рокли · абитуриентски рокли цени · разпродажба на бални рокли","абитуриентски рокли · абитуриентска рокля · бални рокли онлайн","бална рокля · рокли бални · рокли абитуриентски","54.5","PRIMARY H1=EXACT; TITLE=EXACT; CONTENT=EXACT Cluster coverage 54.5%. Priority: MEDIUM. Rendered page is indexable."
"бежови рокли","","/bezhovi-rokli/","CREATE","Бежови рокли","Бежови рокли – цветове и модели | Българитъм","Селекция за бежови рокли от български брандове. Сравни наличните предложения и отвори продуктовите страници за подробности.","В „Бежови рокли“ можеш да разгледаш облекло, обединено от конкретен вид, материя, цвят, сезон или стил. Селекцията е фокусирана върху цвят: бежов; отвори конкретния продукт, за да провериш всички негови характеристики.","Материя, кройка и предназначение Прочети още Сравни материята, сезона, ръкава и стила само когато са попълнени за конкретния модел. Така близки категории остават ясно разграничени. За тази селекция са важни следните ориентири: цвят: бежов. Провери ги и в описанието на конкретния продукт. | Преди да избереш модел Прочети още Провери предназначението, варианта и информацията от бранда. Запази подходящите предложения, за да ги сравниш спокойно.","","","","","","PRIMARY H1=EXACT; TITLE=EXACT; CONTENT=EXACT No original cluster keywords for this input row. Priority: LOW — no material gap. Rendered page is indexable."
"бели рокли","бяла рокля · рокля бяла · евтина бяла рокля","/beli-rokli/","CREATE","Бели рокли","Бели рокли – цветове и модели | Българитъм","Намери бели рокли и прегледай подробностите за всеки продукт. Сравни наличните предложения и отвори продуктовите страници за подробности.","В „Бели рокли“ можеш да разгледаш облекло, обединено от конкретен вид, материя, цвят, сезон или стил. Селекцията е фокусирана върху цвят: бял; отвори конкретния продукт, за да провериш всички негови характеристики.","Материя, кройка и предназначение Прочети още Сравни материята, сезона, ръкава и стила само когато са попълнени за конкретния модел. Така близки категории остават ясно разграничени. За тази селекция са важни следните ориентири: цвят: бял. Провери ги и в описанието на конкретния продукт. | Преди да избереш модел Прочети още Провери предназначението, варианта и информацията от бранда. Запази подходящите предложения, за да ги сравниш спокойно.","бяла рокля [SEMANTIC/GRAMMATICAL] · рокля бяла [SEMANTIC/GRAMMATICAL]","евтина бяла рокля","","бяла рокля · рокля бяла","66.7","PRIMARY H1=EXACT; TITLE=EXACT; CONTENT=EXACT Cluster coverage 66.7%. Priority: MEDIUM. Rendered page is indexable."
"бохо рокля","бохо рокли · бохо рокли онлайн","/boho-roklya/","CREATE","Бохо рокля","Бохо рокля – модели по вид и стил | Българитъм","Разгледай темата „Бохо рокля“ и сравни подходящите предложения. Сравни наличните предложения и отвори продуктовите страници за подробности.","В „Бохо рокля“ можеш да разгледаш облекло, обединено от конкретен вид, материя, цвят, сезон или стил. Селекцията е фокусирана върху стил: бохо; отвори конкретния продукт, за да провериш всички негови характеристики.","Материя, кройка и предназначение Прочети още Сравни материята, сезона, ръкава и стила само когато са попълнени за конкретния модел. Така близки категории остават ясно разграничени. За тази селекция са важни следните ориентири: стил: бохо. Провери ги и в описанието на конкретния продукт. Когато разглеждаш бохо рокли онлайн, сравни силуета, материята, дължината и начина, по който са оформени декоративните детайли. | Преди да избереш модел Прочети още Провери предназначението, варианта и информацията от бранда. Запази подходящите предложения, за да ги сравниш спокойно.","бохо рокли [EXACT] · бохо рокли онлайн [EXACT]","","бохо рокли · бохо рокли онлайн","","100.0","PRIMARY H1=EXACT; TITLE=EXACT; CONTENT=EXACT Cluster coverage 100.0%. Priority: LOW — no material gap. Rendered page is indexable."
"български ежедневни рокли","","/bulgarski-ezhednevni-rokli/","CREATE","Български ежедневни рокли","Български ежедневни рокли – модели по вид и стил","Открий продукти в селекцията „Български ежедневни рокли“. Сравни наличните предложения и отвори продуктовите страници за подробности.","В „Български ежедневни рокли“ можеш да разгледаш облекло, обединено от конкретен вид, материя, цвят, сезон или стил. Селекцията е фокусирана върху стил: ежедневен; отвори конкретния продукт, за да провериш всички негови характеристики.","Материя, кройка и предназначение Прочети още Сравни материята, сезона, ръкава и стила само когато са попълнени за конкретния модел. Така близки категории остават ясно разграничени. За тази селекция са важни следните ориентири: стил: ежедневен. Провери ги и в описанието на конкретния продукт. | Преди да избереш модел Прочети още Провери предназначението, варианта и информацията от бранда. Запази подходящите предложения, за да ги сравниш спокойно.","","","","","","PRIMARY H1=EXACT; TITLE=EXACT; CONTENT=EXACT No original cluster keywords for this input row. Priority: LOW — no material gap. Rendered page is indexable."
"български летни рокли","летни рокли българско производство","/bulgarski-letni-rokli/","CREATE","Български летни рокли","Български летни рокли – модели по вид и стил | Българитъм","Сравни предложения в категорията „Български летни рокли“. Сравни наличните предложения и отвори продуктовите страници за подробности.","В „Български летни рокли“ можеш да разгледаш облекло, обединено от конкретен вид, материя, цвят, сезон или стил. Селекцията е фокусирана върху сезон: летен; отвори конкретния продукт, за да провериш всички негови характеристики.","Материя, кройка и предназначение Прочети още Сравни материята, сезона, ръкава и стила само когато са попълнени за конкретния модел. Така близки категории остават ясно разграничени. За тази селекция са важни следните ориентири: сезон: летен. Провери ги и в описанието на конкретния продукт. При летни рокли българско производство провери изрично посочения произход и състав. Българският бранд не е автоматично доказателство, че всеки негов модел е произведен в България. | Преди да избереш модел Прочети още Провери предназначението, варианта и информацията от бранда. Запази подходящите предложения, за да ги сравниш спокойно.","летни рокли българско производство [EXACT]","","летни рокли българско производство","","100.0","PRIMARY H1=EXACT; TITLE=EXACT; CONTENT=EXACT Cluster coverage 100.0%. Priority: LOW — no material gap. Rendered page is indexable."
"вечерна рокля","вечерни рокли · рокли вечерни · рокля вечерна · евтини вечерни рокли","/vecherna-roklya/","CREATE","Вечерна рокля","Вечерна рокля – цветове и модели | Българитъм","Прегледай селекцията „Вечерна рокля“ от български брандове. Сравни наличните предложения и отвори продуктовите страници за подробности.","В „Вечерна рокля“ можеш да разгледаш облекло, обединено от конкретен вид, материя, цвят, сезон или стил. Селекцията е фокусирана върху цвят: черен; стил: вечерен; отвори конкретния продукт, за да провериш всички негови характеристики.","Материя, кройка и предназначение Прочети още Сравни материята, сезона, ръкава и стила само когато са попълнени за конкретния модел. Така близки категории остават ясно разграничени. За тази селекция са важни следните ориентири: цвят: черен; стил: вечерен. Провери ги и в описанието на конкретния продукт. | Преди да избереш модел Прочети още Провери предназначението, варианта и информацията от бранда. Запази подходящите предложения, за да ги сравниш спокойно.","вечерни рокли [SEMANTIC/GRAMMATICAL] · рокли вечерни [SEMANTIC/GRAMMATICAL] · рокля вечерна [SEMANTIC/GRAMMATICAL]","евтини вечерни рокли","","вечерни рокли · рокли вечерни · рокля вечерна","75.0","PRIMARY H1=EXACT; TITLE=EXACT; CONTENT=EXACT Cluster coverage 75.0%. Priority: MEDIUM. Rendered page is indexable."
"дамски рокли с дълъг ръкав","дамски дълги рокли с дълъг ръкав · евтини дамски рокли с дълъг ръкав","/damski-rokli-s-dalag-rakav/","CREATE","Дамски рокли с дълъг ръкав","Дамски рокли с дълъг ръкав – модели по вид и стил","Разгледай дамски рокли с дълъг ръкав от български брандове. Сравни наличните предложения и отвори продуктовите страници за подробности.","В „Дамски рокли с дълъг ръкав“ можеш да разгледаш облекло, обединено от конкретен вид, материя, цвят, сезон или стил. Селекцията е фокусирана върху ръкав: дълъг ръкав; отвори конкретния продукт, за да провериш всички негови характеристики.","Материя, кройка и предназначение Прочети още Сравни материята, сезона, ръкава и стила само когато са попълнени за конкретния модел. Така близки категории остават ясно разграничени. За тази селекция са важни следните ориентири: ръкав: дълъг ръкав. Провери ги и в описанието на конкретния продукт. | Преди да избереш модел Прочети още Провери предназначението, варианта и информацията от бранда. Запази подходящите предложения, за да ги сравниш спокойно.","дамски дълги рокли с дълъг ръкав [SEMANTIC/GRAMMATICAL]","евтини дамски рокли с дълъг ръкав","","дамски дълги рокли с дълъг ръкав","50.0","PRIMARY H1=EXACT; TITLE=EXACT; CONTENT=EXACT Cluster coverage 50.0%. Priority: MEDIUM. Rendered page is indexable."
"дамски рокли с къс ръкав","дамска рокля с къс ръкав · евтини дамски рокли с къс ръкав","/damski-rokli-s-kas-rakav/","CREATE","Дамски рокли с къс ръкав","Дамски рокли с къс ръкав – модели по вид и стил | Българитъм","Открий дамски рокли с къс ръкав на едно място. Сравни наличните предложения и отвори продуктовите страници за подробности.","В „Дамски рокли с къс ръкав“ можеш да разгледаш облекло, обединено от конкретен вид, материя, цвят, сезон или стил. Селекцията е фокусирана върху ръкав: къс ръкав; отвори конкретния продукт, за да провериш всички негови характеристики.","Материя, кройка и предназначение Прочети още Сравни материята, сезона, ръкава и стила само когато са попълнени за конкретния модел. Така близки категории остават ясно разграничени. За тази селекция са важни следните ориентири: ръкав: къс ръкав. Провери ги и в описанието на конкретния продукт. | Преди да избереш модел Прочети още Провери предназначението, варианта и информацията от бранда. Запази подходящите предложения, за да ги сравниш спокойно.","дамска рокля с къс ръкав [SEMANTIC/GRAMMATICAL]","евтини дамски рокли с къс ръкав","","дамска рокля с къс ръкав","50.0","PRIMARY H1=EXACT; TITLE=EXACT; CONTENT=EXACT Cluster coverage 50.0%. Priority: MEDIUM. Rendered page is indexable."
"дънкова рокля","дънкови рокли · дънкови рокли онлайн · евтини дънкови рокли · български дънкови рокли · магазин за дънкови рокли","/dankova-roklya/","CREATE","Дънкова рокля","Дънкова рокля – материи и модели | Българитъм","Дънкова рокля в подредена продуктова селекция. Сравни наличните предложения и отвори продуктовите страници за подробности.","В „Дънкова рокля“ можеш да разгледаш облекло, обединено от конкретен вид, материя, цвят, сезон или стил. Селекцията е фокусирана върху материя: деним; отвори конкретния продукт, за да провериш всички негови характеристики.","Материя, кройка и предназначение Прочети още Сравни материята, сезона, ръкава и стила само когато са попълнени за конкретния модел. Така близки категории остават ясно разграничени. За тази селекция са важни следните ориентири: материя: деним. Провери ги и в описанието на конкретния продукт. Когато разглеждаш дънкови рокли онлайн, сравни плътността и състава на денима, кройката и указанията за поддръжка. | Преди да избереш модел Прочети още Провери предназначението, варианта и информацията от бранда. Запази подходящите предложения, за да ги сравниш спокойно.","дънкови рокли [EXACT] · дънкови рокли онлайн [EXACT] · български дънкови рокли [SEMANTIC/GRAMMATICAL]","евтини дънкови рокли · магазин за дънкови рокли","дънкови рокли · дънкови рокли онлайн","български дънкови рокли","60.0","PRIMARY H1=EXACT; TITLE=EXACT; CONTENT=EXACT Cluster coverage 60.0%. Priority: MEDIUM. Rendered page is indexable."
"есенни рокли","","/esenni-rokli/","CREATE","Есенни рокли","Есенни рокли – модели по вид и стил | Българитъм","Търсиш есенни рокли? Сравни наличните предложения и отвори продуктовите страници за подробности.","В „Есенни рокли“ можеш да разгледаш облекло, обединено от конкретен вид, материя, цвят, сезон или стил. Селекцията е фокусирана върху сезон: есенен; отвори конкретния продукт, за да провериш всички негови характеристики.","Материя, кройка и предназначение Прочети още Сравни материята, сезона, ръкава и стила само когато са попълнени за конкретния модел. Така близки категории остават ясно разграничени. За тази селекция са важни следните ориентири: сезон: есенен. Провери ги и в описанието на конкретния продукт. | Преди да избереш модел Прочети още Провери предназначението, варианта и информацията от бранда. Запази подходящите предложения, за да ги сравниш спокойно.","","","","","","PRIMARY H1=EXACT; TITLE=EXACT; CONTENT=EXACT No original cluster keywords for this input row. Priority: LOW — no material gap. Rendered page is indexable."
"жълти рокли","","/zhalta-roklya/","CREATE","Жълти рокли","Жълти рокли – цветове и модели | Българитъм","Виж предложения за жълти рокли. Сравни наличните предложения и отвори продуктовите страници за подробности.","В „Жълти рокли“ можеш да разгледаш облекло, обединено от конкретен вид, материя, цвят, сезон или стил. Селекцията е фокусирана върху цвят: жълт; отвори конкретния продукт, за да провериш всички негови характеристики.","Материя, кройка и предназначение Прочети още Сравни материята, сезона, ръкава и стила само когато са попълнени за конкретния модел. Така близки категории остават ясно разграничени. За тази селекция са важни следните ориентири: цвят: жълт. Провери ги и в описанието на конкретния продукт. | Преди да избереш модел Прочети още Провери предназначението, варианта и информацията от бранда. Запази подходящите предложения, за да ги сравниш спокойно.","","","","","","PRIMARY H1=EXACT; TITLE=EXACT; CONTENT=EXACT No original cluster keywords for this input row. Priority: LOW — no material gap. Rendered page is indexable."
"зелени рокли","рокля зелена","/zelena-roklya/","CREATE","Зелени рокли","Зелени рокли – цветове и модели | Българитъм","Ориентирай се сред предложенията за зелени рокли. Сравни наличните предложения и отвори продуктовите страници за подробности.","В „Зелени рокли“ можеш да разгледаш облекло, обединено от конкретен вид, материя, цвят, сезон или стил. Селекцията е фокусирана върху цвят: зелен; отвори конкретния продукт, за да провериш всички негови характеристики.","Материя, кройка и предназначение Прочети още Сравни материята, сезона, ръкава и стила само когато са попълнени за конкретния модел. Така близки категории остават ясно разграничени. За тази селекция са важни следните ориентири: цвят: зелен. Провери ги и в описанието на конкретния продукт. | Преди да избереш модел Прочети още Провери предназначението, варианта и информацията от бранда. Запази подходящите предложения, за да ги сравниш спокойно.","рокля зелена [SEMANTIC/GRAMMATICAL]","","","рокля зелена","100.0","PRIMARY H1=EXACT; TITLE=EXACT; CONTENT=EXACT Cluster coverage 100.0%. Priority: LOW — no material gap. Rendered page is indexable."
"златисти рокли","","/zlatista-roklya/","CREATE","Златисти рокли","Златисти рокли – цветове и модели | Българитъм","Селекция за златисти рокли от български брандове. Сравни наличните предложения и отвори продуктовите страници за подробности.","В „Златисти рокли“ можеш да разгледаш облекло, обединено от конкретен вид, материя, цвят, сезон или стил. Селекцията е фокусирана върху цвят: златист; отвори конкретния продукт, за да провериш всички негови характеристики.","Материя, кройка и предназначение Прочети още Сравни материята, сезона, ръкава и стила само когато са попълнени за конкретния модел. Така близки категории остават ясно разграничени. За тази селекция са важни следните ориентири: цвят: златист. Провери ги и в описанието на конкретния продукт. | Преди да избереш модел Прочети още Провери предназначението, варианта и информацията от бранда. Запази подходящите предложения, за да ги сравниш спокойно.","","","","","","PRIMARY H1=EXACT; TITLE=EXACT; CONTENT=EXACT No original cluster keywords for this input row. Priority: LOW — no material gap. Rendered page is indexable."
"кафяви рокли","","/kafyava-roklya/","CREATE","Кафяви рокли","Кафяви рокли – цветове и модели | Българитъм","Намери кафяви рокли и прегледай подробностите за всеки продукт. Сравни наличните предложения и отвори продуктовите страници за подробности.","В „Кафяви рокли“ можеш да разгледаш облекло, обединено от конкретен вид, материя, цвят, сезон или стил. Селекцията е фокусирана върху цвят: кафяв; отвори конкретния продукт, за да провериш всички негови характеристики.","Материя, кройка и предназначение Прочети още Сравни материята, сезона, ръкава и стила само когато са попълнени за конкретния модел. Така близки категории остават ясно разграничени. За тази селекция са важни следните ориентири: цвят: кафяв. Провери ги и в описанието на конкретния продукт. | Преди да избереш модел Прочети още Провери предназначението, варианта и информацията от бранда. Запази подходящите предложения, за да ги сравниш спокойно.","","","","","","PRIMARY H1=EXACT; TITLE=EXACT; CONTENT=EXACT No original cluster keywords for this input row. Priority: LOW — no material gap. Rendered page is indexable."
"ленена рокля","ленени рокли · ленени рокли онлайн","/lenena-roklya/","CREATE","Ленена рокля","Ленена рокля – материи и модели | Българитъм","Разгледай темата „Ленена рокля“ и сравни подходящите предложения. Сравни наличните предложения и отвори продуктовите страници за подробности.","В „Ленена рокля“ можеш да разгледаш облекло, обединено от конкретен вид, материя, цвят, сезон или стил. Селекцията е фокусирана върху материя: лен; отвори конкретния продукт, за да провериш всички негови характеристики.","Материя, кройка и предназначение Прочети още Сравни материята, сезона, ръкава и стила само когато са попълнени за конкретния модел. Така близки категории остават ясно разграничени. За тази селекция са важни следните ориентири: материя: лен. Провери ги и в описанието на конкретния продукт. Когато разглеждаш ленени рокли онлайн, провери точния състав, плътността, подплатата и размерите на конкретния модел. | Преди да избереш модел Прочети още Провери предназначението, варианта и информацията от бранда. Запази подходящите предложения, за да ги сравниш спокойно.","ленени рокли [EXACT] · ленени рокли онлайн [EXACT]","","ленени рокли · ленени рокли онлайн","","100.0","PRIMARY H1=EXACT; TITLE=EXACT; CONTENT=EXACT Cluster coverage 100.0%. Priority: LOW — no material gap. Rendered page is indexable."
"официални български рокли","български дълги официални рокли · официални рокли на български дизайнери","/bulgarski-oficialni-rokli/","CREATE","Официални български рокли","Официални български рокли – модели по вид и стил","Открий продукти в селекцията „Официални български рокли“. Сравни наличните предложения и отвори продуктовите страници за подробности.","В „Официални български рокли“ можеш да разгледаш облекло, обединено от конкретен вид, материя, цвят, сезон или стил. Селекцията е фокусирана върху стил: официален; отвори конкретния продукт, за да провериш всички негови характеристики.","Материя, кройка и предназначение Прочети още Сравни материята, сезона, ръкава и стила само когато са попълнени за конкретния модел. Така близки категории остават ясно разграничени. За тази селекция са важни следните ориентири: стил: официален. Провери ги и в описанието на конкретния продукт. При българските дълги официални рокли сравни дължината, силуета, материята и повода. Ако търсиш официални рокли на български дизайнери, отвори профила на бранда, за да провериш кой стои зад конкретния модел. | Преди да избереш модел Прочети още Провери предназначението, варианта и информацията от бранда. Запази подходящите предложения, за да ги сравниш спокойно.","официални рокли на български дизайнери [EXACT] · български дълги официални рокли [SEMANTIC/GRAMMATICAL]","","официални рокли на български дизайнери","български дълги официални рокли","100.0","PRIMARY H1=EXACT; TITLE=EXACT; CONTENT=EXACT Cluster coverage 100.0%. Priority: LOW — no material gap. Rendered page is indexable."
"памучни рокли","рокли от памук · български памучни рокли","/pamuchni-rokli/","CREATE","Памучни рокли","Памучни рокли – материи и модели | Българитъм","Сравни предложения в категорията „Памучни рокли“. Сравни наличните предложения и отвори продуктовите страници за подробности.","В „Памучни рокли“ можеш да разгледаш облекло, обединено от конкретен вид, материя, цвят, сезон или стил. Селекцията е фокусирана върху материя: памук; отвори конкретния продукт, за да провериш всички негови характеристики.","Материя, кройка и предназначение Прочети още Сравни материята, сезона, ръкава и стила само когато са попълнени за конкретния модел. Така близки категории остават ясно разграничени. За тази селекция са важни следните ориентири: материя: памук. Провери ги и в описанието на конкретния продукт. | Преди да избереш модел Прочети още Провери предназначението, варианта и информацията от бранда. Запази подходящите предложения, за да ги сравниш спокойно.","рокли от памук [SEMANTIC/GRAMMATICAL] · български памучни рокли [SEMANTIC/GRAMMATICAL]","","","рокли от памук · български памучни рокли","100.0","PRIMARY H1=EXACT; TITLE=EXACT; CONTENT=EXACT Cluster coverage 100.0%. Priority: LOW — no material gap. Rendered page is indexable."
"розови рокли","рокли розови","/rozovi-rokli/","CREATE","Розови рокли","Розови рокли – цветове и модели | Българитъм","Прегледай селекцията „Розови рокли“ от български брандове. Сравни наличните предложения и отвори продуктовите страници за подробности.","В „Розови рокли“ можеш да разгледаш облекло, обединено от конкретен вид, материя, цвят, сезон или стил. Селекцията е фокусирана върху цвят: розов; отвори конкретния продукт, за да провериш всички негови характеристики.","Материя, кройка и предназначение Прочети още Сравни материята, сезона, ръкава и стила само когато са попълнени за конкретния модел. Така близки категории остават ясно разграничени. За тази селекция са важни следните ориентири: цвят: розов. Провери ги и в описанието на конкретния продукт. | Преди да избереш модел Прочети още Провери предназначението, варианта и информацията от бранда. Запази подходящите предложения, за да ги сравниш спокойно.","рокли розови [SEMANTIC/GRAMMATICAL]","","","рокли розови","100.0","PRIMARY H1=EXACT; TITLE=EXACT; CONTENT=EXACT Cluster coverage 100.0%. Priority: LOW — no material gap. Rendered page is indexable."
"рокля сатен","рокля от сатен · сатен рокля","/roklya-saten/","CREATE","Рокля сатен","Рокля сатен – материи и модели | Българитъм","Разгледай рокля сатен от български брандове. Сравни наличните предложения и отвори продуктовите страници за подробности.","В „Рокля сатен“ можеш да разгледаш облекло, обединено от конкретен вид, материя, цвят, сезон или стил. Селекцията е фокусирана върху материя: сатен; отвори конкретния продукт, за да провериш всички негови характеристики.","Материя, кройка и предназначение Прочети още Сравни материята, сезона, ръкава и стила само когато са попълнени за конкретния модел. Така близки категории остават ясно разграничени. За тази селекция са важни следните ориентири: материя: сатен. Провери ги и в описанието на конкретния продукт. | Преди да избереш модел Прочети още Провери предназначението, варианта и информацията от бранда. Запази подходящите предложения, за да ги сравниш спокойно.","рокля от сатен [SEMANTIC/GRAMMATICAL] · сатен рокля [SEMANTIC/GRAMMATICAL]","","","рокля от сатен · сатен рокля","100.0","PRIMARY H1=EXACT; TITLE=EXACT; CONTENT=EXACT Cluster coverage 100.0%. Priority: LOW — no material gap. Rendered page is indexable."
"светлосини рокли","","/svetlosinya-roklya/","CREATE","Светлосини рокли","Светлосини рокли – цветове и модели | Българитъм","Открий светлосини рокли на едно място. Сравни наличните предложения и отвори продуктовите страници за подробности.","В „Светлосини рокли“ можеш да разгледаш облекло, обединено от конкретен вид, материя, цвят, сезон или стил. Селекцията е фокусирана върху цвят: светлосин; отвори конкретния продукт, за да провериш всички негови характеристики.","Материя, кройка и предназначение Прочети още Сравни материята, сезона, ръкава и стила само когато са попълнени за конкретния модел. Така близки категории остават ясно разграничени. За тази селекция са важни следните ориентири: цвят: светлосин. Провери ги и в описанието на конкретния продукт. | Преди да избереш модел Прочети още Провери предназначението, варианта и информацията от бранда. Запази подходящите предложения, за да ги сравниш спокойно.","","","","","","PRIMARY H1=EXACT; TITLE=EXACT; CONTENT=EXACT No original cluster keywords for this input row. Priority: LOW — no material gap. Rendered page is indexable."
"сини рокли","","/sinya-roklya/","CREATE","Сини рокли","Сини рокли – цветове и модели | Българитъм","Сини рокли в подредена продуктова селекция. Сравни наличните предложения и отвори продуктовите страници за подробности.","В „Сини рокли“ можеш да разгледаш облекло, обединено от конкретен вид, материя, цвят, сезон или стил. Селекцията е фокусирана върху цвят: син; отвори конкретния продукт, за да провериш всички негови характеристики.","Материя, кройка и предназначение Прочети още Сравни материята, сезона, ръкава и стила само когато са попълнени за конкретния модел. Така близки категории остават ясно разграничени. За тази селекция са важни следните ориентири: цвят: син. Провери ги и в описанието на конкретния продукт. | Преди да избереш модел Прочети още Провери предназначението, варианта и информацията от бранда. Запази подходящите предложения, за да ги сравниш спокойно.","","","","","","PRIMARY H1=EXACT; TITLE=EXACT; CONTENT=EXACT No original cluster keywords for this input row. Priority: LOW — no material gap. Rendered page is indexable."
"спортни рокли","рокли спортни · евтини спортни рокли","/sportni-rokli/","CREATE","Спортни рокли","Спортни рокли – модели по вид и стил | Българитъм","Търсиш спортни рокли? Сравни наличните предложения и отвори продуктовите страници за подробности.","В „Спортни рокли“ можеш да разгледаш облекло, обединено от конкретен вид, материя, цвят, сезон или стил. Селекцията е фокусирана върху стил: спортен; отвори конкретния продукт, за да провериш всички негови характеристики.","Материя, кройка и предназначение Прочети още Сравни материята, сезона, ръкава и стила само когато са попълнени за конкретния модел. Така близки категории остават ясно разграничени. За тази селекция са важни следните ориентири: стил: спортен. Провери ги и в описанието на конкретния продукт. | Преди да избереш модел Прочети още Провери предназначението, варианта и информацията от бранда. Запази подходящите предложения, за да ги сравниш спокойно.","рокли спортни [SEMANTIC/GRAMMATICAL]","евтини спортни рокли","","рокли спортни","50.0","PRIMARY H1=EXACT; TITLE=EXACT; CONTENT=EXACT Cluster coverage 50.0%. Priority: MEDIUM. Rendered page is indexable."
"сребристи рокли","","/srebarni-rokli/","CREATE","Сребристи рокли","Сребристи рокли – цветове и модели | Българитъм","Виж предложения за сребристи рокли. Сравни наличните предложения и отвори продуктовите страници за подробности.","В „Сребристи рокли“ можеш да разгледаш облекло, обединено от конкретен вид, материя, цвят, сезон или стил. Селекцията е фокусирана върху цвят: сребрист; отвори конкретния продукт, за да провериш всички негови характеристики.","Материя, кройка и предназначение Прочети още Сравни материята, сезона, ръкава и стила само когато са попълнени за конкретния модел. Така близки категории остават ясно разграничени. За тази селекция са важни следните ориентири: цвят: сребрист. Провери ги и в описанието на конкретния продукт. | Преди да избереш модел Прочети още Провери предназначението, варианта и информацията от бранда. Запази подходящите предложения, за да ги сравниш спокойно.","","","","","","PRIMARY H1=EXACT; TITLE=EXACT; CONTENT=EXACT No original cluster keywords for this input row. Priority: LOW — no material gap. Rendered page is indexable."
"тъмносини рокли","","/tamnosinya-roklya/","CREATE","Тъмносини рокли","Тъмносини рокли – цветове и модели | Българитъм","Ориентирай се сред предложенията за тъмносини рокли. Сравни наличните предложения и отвори продуктовите страници за подробности.","В „Тъмносини рокли“ можеш да разгледаш облекло, обединено от конкретен вид, материя, цвят, сезон или стил. Селекцията е фокусирана върху цвят: тъмносин; отвори конкретния продукт, за да провериш всички негови характеристики.","Материя, кройка и предназначение Прочети още Сравни материята, сезона, ръкава и стила само когато са попълнени за конкретния модел. Така близки категории остават ясно разграничени. За тази селекция са важни следните ориентири: цвят: тъмносин. Провери ги и в описанието на конкретния продукт. | Преди да избереш модел Прочети още Провери предназначението, варианта и информацията от бранда. Запази подходящите предложения, за да ги сравниш спокойно.","","","","","","PRIMARY H1=EXACT; TITLE=EXACT; CONTENT=EXACT No original cluster keywords for this input row. Priority: LOW — no material gap. Rendered page is indexable."
"червени рокли","червени рокли · рокли червени · евтини червени рокли","/chervena-roklya/","CREATE","Червени рокли","Червени рокли – цветове и модели | Българитъм","Селекция за червени рокли от български брандове. Сравни наличните предложения и отвори продуктовите страници за подробности.","В „Червени рокли“ можеш да разгледаш облекло, обединено от конкретен вид, материя, цвят, сезон или стил. Селекцията е фокусирана върху цвят: червен; отвори конкретния продукт, за да провериш всички негови характеристики.","Материя, кройка и предназначение Прочети още Сравни материята, сезона, ръкава и стила само когато са попълнени за конкретния модел. Така близки категории остават ясно разграничени. За тази селекция са важни следните ориентири: цвят: червен. Провери ги и в описанието на конкретния продукт. | Преди да избереш модел Прочети още Провери предназначението, варианта и информацията от бранда. Запази подходящите предложения, за да ги сравниш спокойно.","червени рокли [EXACT] · рокли червени [SEMANTIC/GRAMMATICAL]","евтини червени рокли","червени рокли","рокли червени","66.7","PRIMARY H1=EXACT; TITLE=EXACT; CONTENT=EXACT Cluster coverage 66.7%. Priority: MEDIUM. Rendered page is indexable."
"черни рокли","черни рокли · рокли черни · рокля черна","/cherna-roklya/","CREATE","Черни рокли","Черни рокли – цветове и модели | Българитъм","Намери черни рокли и прегледай подробностите за всеки продукт. Сравни наличните предложения и отвори продуктовите страници за подробности.","В „Черни рокли“ можеш да разгледаш облекло, обединено от конкретен вид, материя, цвят, сезон или стил. Селекцията е фокусирана върху цвят: черен; отвори конкретния продукт, за да провериш всички негови характеристики.","Материя, кройка и предназначение Прочети още Сравни материята, сезона, ръкава и стила само когато са попълнени за конкретния модел. Така близки категории остават ясно разграничени. За тази селекция са важни следните ориентири: цвят: черен. Провери ги и в описанието на конкретния продукт. | Преди да избереш модел Прочети още Провери предназначението, варианта и информацията от бранда. Запази подходящите предложения, за да ги сравниш спокойно.","черни рокли [EXACT] · рокли черни [SEMANTIC/GRAMMATICAL] · рокля черна [SEMANTIC/GRAMMATICAL]","","черни рокли","рокли черни · рокля черна","100.0","PRIMARY H1=EXACT; TITLE=EXACT; CONTENT=EXACT Cluster coverage 100.0%. Priority: LOW — no material gap. Rendered page is indexable."
"българска козметика за коса","","/k/kozmetika-kosa/","REUSE","Българска козметика за коса","Българска козметика за коса – продукти по вид грижа","Разгледай темата „Българска козметика за коса“ и сравни подходящите предложения. Сравни наличните предложения и отвори продуктовите страници за","„Българска козметика за коса“ обединява козметични продукти според зоната на приложение, съставката или посочената нужда. Разгледай отделните предложения и провери характеристиките, вариантите и информацията от бранда на продуктовата страница.","Избор според вида грижа Прочети още Съобрази избора с зоната на приложение, нуждата и съставките, които са изрично посочени за продукта. Провери пълната информация на продуктовата страница. Използвай наличните характеристики като отправна точка и провери подробностите за конкретното предложение. | Преди да избереш продукт Прочети още Провери предназначението, варианта и информацията от бранда. Запази подходящите предложения, за да ги сравниш спокойно.","","","","","","PRIMARY H1=EXACT; TITLE=EXACT; CONTENT=EXACT No original cluster keywords for this input row. Priority: LOW — no material gap. Rendered page is indexable."
"козметика за косопад","","/kozmetika-za-kosopad/","CREATE","Козметика за косопад","Козметика за косопад – грижа според нуждата | Българитъм","Открий продукти в селекцията „Козметика за косопад“. Сравни наличните предложения и отвори продуктовите страници за подробности.","„Козметика за косопад“ обединява козметични продукти според зоната на приложение, съставката или посочената нужда. Селекцията е фокусирана върху нужда на косата: против косопад; отвори конкретния продукт, за да провериш всички негови характеристики.","Избор според вида грижа Прочети още Съобрази избора с зоната на приложение, нуждата и съставките, които са изрично посочени за продукта. Провери пълната информация на продуктовата страница. За тази селекция са важни следните ориентири: нужда на косата: против косопад. Провери ги и в описанието на конкретния продукт. | Преди да избереш продукт Прочети още Провери предназначението, варианта и информацията от бранда. Запази подходящите предложения, за да ги сравниш спокойно.","","","","","","PRIMARY H1=EXACT; TITLE=EXACT; CONTENT=EXACT No original cluster keywords for this input row. Priority: LOW — no material gap. Rendered page is indexable."
"козметика за мазна коса","","/kozmetika-za-mazna-kosa/","CREATE","Козметика за мазна коса","Козметика за мазна коса – грижа според нуждата | Българитъм","Сравни предложения в категорията „Козметика за мазна коса“. Сравни наличните предложения и отвори продуктовите страници за подробности.","„Козметика за мазна коса“ обединява козметични продукти според зоната на приложение, съставката или посочената нужда. Селекцията е фокусирана върху нужда на косата: за мазна коса; отвори конкретния продукт, за да провериш всички негови характеристики.","Избор според вида грижа Прочети още Съобрази избора с зоната на приложение, нуждата и съставките, които са изрично посочени за продукта. Провери пълната информация на продуктовата страница. За тази селекция са важни следните ориентири: нужда на косата: за мазна коса. Провери ги и в описанието на конкретния продукт. | Преди да избереш продукт Прочети още Провери предназначението, варианта и информацията от бранда. Запази подходящите предложения, за да ги сравниш спокойно.","","","","","","PRIMARY H1=EXACT; TITLE=EXACT; CONTENT=EXACT No original cluster keywords for this input row. Priority: LOW — no material gap. Rendered page is indexable."
"козметика за суха коса","","/kozmetika-za-suha-kosa/","CREATE","Козметика за суха коса","Козметика за суха коса – грижа според нуждата | Българитъм","Прегледай селекцията „Козметика за суха коса“ от български брандове. Сравни наличните предложения и отвори продуктовите страници за подробности.","„Козметика за суха коса“ обединява козметични продукти според зоната на приложение, съставката или посочената нужда. Селекцията е фокусирана върху нужда на косата: за суха коса; отвори конкретния продукт, за да провериш всички негови характеристики.","Избор според вида грижа Прочети още Съобрази избора с зоната на приложение, нуждата и съставките, които са изрично посочени за продукта. Провери пълната информация на продуктовата страница. За тази селекция са важни следните ориентири: нужда на косата: за суха коса. Провери ги и в описанието на конкретния продукт. | Преди да избереш продукт Прочети още Провери предназначението, варианта и информацията от бранда. Запази подходящите предложения, за да ги сравниш спокойно.","","","","","","PRIMARY H1=EXACT; TITLE=EXACT; CONTENT=EXACT No original cluster keywords for this input row. Priority: LOW — no material gap. Rendered page is indexable."
"козметика за увредена коса","","/kozmetika-za-uvredena-kosa/","CREATE","Козметика за увредена коса","Козметика за увредена коса – грижа според нуждата","Разгледай козметика за увредена коса от български брандове. Сравни наличните предложения и отвори продуктовите страници за подробности.","„Козметика за увредена коса“ обединява козметични продукти според зоната на приложение, съставката или посочената нужда. Селекцията е фокусирана върху нужда на косата: за увредена коса; отвори конкретния продукт, за да провериш всички негови характеристики.","Избор според вида грижа Прочети още Съобрази избора с зоната на приложение, нуждата и съставките, които са изрично посочени за продукта. Провери пълната информация на продуктовата страница. За тази селекция са важни следните ориентири: нужда на косата: за увредена коса. Провери ги и в описанието на конкретния продукт. | Преди да избереш продукт Прочети още Провери предназначението, варианта и информацията от бранда. Запази подходящите предложения, за да ги сравниш спокойно.","","","","","","PRIMARY H1=EXACT; TITLE=EXACT; CONTENT=EXACT No original cluster keywords for this input row. Priority: LOW — no material gap. Rendered page is indexable."
"българска козметика за лице","качествена българска козметика за лице · български крем за лице · български хидратиращ крем за лице · хубав български крем за лице · най добрите български кремове за лице","/k/kozmetika-lice/","REUSE","Българска козметика за лице","Българска козметика за лице – продукти по вид грижа","Открий българска козметика за лице на едно място. Сравни наличните предложения и отвори продуктовите страници за подробности.","„Българска козметика за лице“ обединява козметични продукти според зоната на приложение, съставката или посочената нужда. Разгледай отделните предложения и провери характеристиките, вариантите и информацията от бранда на продуктовата страница.","Избор според вида грижа Прочети още Съобрази избора с зоната на приложение, нуждата и съставките, които са изрично посочени за продукта. Провери пълната информация на продуктовата страница. Използвай наличните характеристики като отправна точка и провери подробностите за конкретното предложение. При избор на качествена българска козметика за лице сравни предназначението, типа кожа, начина на употреба и съставките. Български крем за лице и български хидратиращ крем за лице могат да имат различна текстура и насоченост. Определения като „хубав български крем за лице“ или „най-добрите български кремове за лице“ са субективни. По-надеждно е да провериш дали конкретният продукт е подходящ за твоята кожа и рутина. | Преди да избереш продукт Прочети още Провери предназначението, варианта и информацията от бранда. Запази подходящите предложения, за да ги сравниш спокойно.","качествена българска козметика за лице [EXACT] · български крем за лице [EXACT] · български хидратиращ крем за лице [EXACT] · хубав български крем за лице [EXACT] · най добрите български кремове за лице [EXACT]","","качествена българска козметика за лице · български крем за лице · български хидратиращ крем за лице · хубав български крем за лице · най добрите български кремове за лице","","100.0","PRIMARY H1=EXACT; TITLE=EXACT; CONTENT=EXACT Cluster coverage 100.0%. Priority: LOW — no material gap. Rendered page is indexable."
"козметика за дехидратирана кожа","","/kozmetika-za-dehidratirana-kozha/","CREATE","Козметика за дехидратирана кожа","Козметика за дехидратирана кожа – продукти по вид грижа","Козметика за дехидратирана кожа в подредена продуктова селекция. Сравни наличните предложения и отвори продуктовите страници за подробности.","„Козметика за дехидратирана кожа“ обединява козметични продукти според зоната на приложение, съставката или посочената нужда. Селекцията е фокусирана върху тип кожа: дехидратирана кожа; отвори конкретния продукт, за да провериш всички негови характеристики.","Избор според вида грижа Прочети още Съобрази избора с зоната на приложение, нуждата и съставките, които са изрично посочени за продукта. Провери пълната информация на продуктовата страница. За тази селекция са важни следните ориентири: тип кожа: дехидратирана кожа. Провери ги и в описанието на конкретния продукт. | Преди да избереш продукт Прочети още Провери предназначението, варианта и информацията от бранда. Запази подходящите предложения, за да ги сравниш спокойно.","","","","","","PRIMARY H1=EXACT; TITLE=EXACT; CONTENT=EXACT No original cluster keywords for this input row. Priority: LOW — no material gap. Rendered page is indexable."
"козметика за мазна кожа","","/kozmetika-za-mazna-kozha/","CREATE","Козметика за мазна кожа","Козметика за мазна кожа – продукти по вид грижа | Българитъм","Търсиш козметика за мазна кожа? Сравни наличните предложения и отвори продуктовите страници за подробности.","„Козметика за мазна кожа“ обединява козметични продукти според зоната на приложение, съставката или посочената нужда. Селекцията е фокусирана върху тип кожа: мазна кожа; отвори конкретния продукт, за да провериш всички негови характеристики.","Избор според вида грижа Прочети още Съобрази избора с зоната на приложение, нуждата и съставките, които са изрично посочени за продукта. Провери пълната информация на продуктовата страница. За тази селекция са важни следните ориентири: тип кожа: мазна кожа. Провери ги и в описанието на конкретния продукт. | Преди да избереш продукт Прочети още Провери предназначението, варианта и информацията от бранда. Запази подходящите предложения, за да ги сравниш спокойно.","","","","","","PRIMARY H1=EXACT; TITLE=EXACT; CONTENT=EXACT No original cluster keywords for this input row. Priority: LOW — no material gap. Rendered page is indexable."
"козметика за против бръчки","","/kozmetika-za-protiv-brachki/","CREATE","Козметика за против бръчки","Козметика за против бръчки – грижа според нуждата","Виж предложения за козметика за против бръчки. Сравни наличните предложения и отвори продуктовите страници за подробности.","„Козметика за против бръчки“ обединява козметични продукти според зоната на приложение, съставката или посочената нужда. Селекцията е фокусирана върху нужда на кожата: против бръчки; отвори конкретния продукт, за да провериш всички негови характеристики.","Избор според вида грижа Прочети още Съобрази избора с зоната на приложение, нуждата и съставките, които са изрично посочени за продукта. Провери пълната информация на продуктовата страница. За тази селекция са важни следните ориентири: нужда на кожата: против бръчки. Провери ги и в описанието на конкретния продукт. | Преди да избереш продукт Прочети още Провери предназначението, варианта и информацията от бранда. Запази подходящите предложения, за да ги сравниш спокойно.","","","","","","PRIMARY H1=EXACT; TITLE=EXACT; CONTENT=EXACT No original cluster keywords for this input row. Priority: LOW — no material gap. Rendered page is indexable."
"козметика за суха кожа","","/kozmetika-za-suha-kozha/","CREATE","Козметика за суха кожа","Козметика за суха кожа – продукти по вид грижа | Българитъм","Ориентирай се сред предложенията за козметика за суха кожа. Сравни наличните предложения и отвори продуктовите страници за подробности.","„Козметика за суха кожа“ обединява козметични продукти според зоната на приложение, съставката или посочената нужда. Селекцията е фокусирана върху тип кожа: суха кожа; отвори конкретния продукт, за да провериш всички негови характеристики.","Избор според вида грижа Прочети още Съобрази избора с зоната на приложение, нуждата и съставките, които са изрично посочени за продукта. Провери пълната информация на продуктовата страница. За тази селекция са важни следните ориентири: тип кожа: суха кожа. Провери ги и в описанието на конкретния продукт. | Преди да избереш продукт Прочети още Провери предназначението, варианта и информацията от бранда. Запази подходящите предложения, за да ги сравниш спокойно.","","","","","","PRIMARY H1=EXACT; TITLE=EXACT; CONTENT=EXACT No original cluster keywords for this input row. Priority: LOW — no material gap. Rendered page is indexable."
"козметика за хидратация","","/kozmetika-za-hidratatsiya/","CREATE","Козметика за хидратация","Козметика за хидратация – грижа според нуждата | Българитъм","Селекция за козметика за хидратация от български брандове. Сравни наличните предложения и отвори продуктовите страници за подробности.","„Козметика за хидратация“ обединява козметични продукти според зоната на приложение, съставката или посочената нужда. Селекцията е фокусирана върху нужда на кожата: хидратация; отвори конкретния продукт, за да провериш всички негови характеристики.","Избор според вида грижа Прочети още Съобрази избора с зоната на приложение, нуждата и съставките, които са изрично посочени за продукта. Провери пълната информация на продуктовата страница. За тази селекция са важни следните ориентири: нужда на кожата: хидратация. Провери ги и в описанието на конкретния продукт. | Преди да избереш продукт Прочети още Провери предназначението, варианта и информацията от бранда. Запази подходящите предложения, за да ги сравниш спокойно.","","","","","","PRIMARY H1=EXACT; TITLE=EXACT; CONTENT=EXACT No original cluster keywords for this input row. Priority: LOW — no material gap. Rendered page is indexable."
"козметика за чувствителна кожа","","/kozmetika-za-chuvstvitelna-kozha/","CREATE","Козметика за чувствителна кожа","Козметика за чувствителна кожа – продукти по вид грижа","Намери козметика за чувствителна кожа и прегледай подробностите за всеки продукт. Сравни наличните предложения и отвори продуктовите страници за","„Козметика за чувствителна кожа“ обединява козметични продукти според зоната на приложение, съставката или посочената нужда. Селекцията е фокусирана върху тип кожа: чувствителна кожа; отвори конкретния продукт, за да провериш всички негови характеристики.","Избор според вида грижа Прочети още Съобрази избора с зоната на приложение, нуждата и съставките, които са изрично посочени за продукта. Провери пълната информация на продуктовата страница. За тази селекция са важни следните ориентири: тип кожа: чувствителна кожа. Провери ги и в описанието на конкретния продукт. | Преди да избереш продукт Прочети още Провери предназначението, варианта и информацията от бранда. Запази подходящите предложения, за да ги сравниш спокойно.","","","","","","PRIMARY H1=EXACT; TITLE=EXACT; CONTENT=EXACT No original cluster keywords for this input row. Priority: LOW — no material gap. Rendered page is indexable."
"българска козметика с роза","българска козметика с розово масло · козметика от българска роза · козметика с българска роза","/bulgarska-kozmetika-s-roza/","CREATE","Българска козметика с роза","Българска козметика с роза – продукти според съставката","Разгледай темата „Българска козметика с роза“ и сравни подходящите предложения. Сравни наличните предложения и отвори продуктовите страници за подробности.","„Българска козметика с роза“ обединява козметични продукти според зоната на приложение, съставката или посочената нужда. Селекцията е фокусирана върху съставка: розово масло; отвори конкретния продукт, за да провериш всички негови характеристики.","Избор според вида грижа Прочети още Съобрази избора с зоната на приложение, нуждата и съставките, които са изрично посочени за продукта. Провери пълната информация на продуктовата страница. За тази селекция са важни следните ориентири: съставка: розово масло. Провери ги и в описанието на конкретния продукт. При българска козметика с розово масло провери списъка със съставки и мястото на розовото масло в него, вместо да приемаш, че всяка козметика с роза използва еднаква форма или концентрация. | Преди да избереш продукт Прочети още Провери предназначението, варианта и информацията от бранда. Запази подходящите предложения, за да ги сравниш спокойно.","българска козметика с розово масло [EXACT] · козметика от българска роза [SEMANTIC/GRAMMATICAL] · козметика с българска роза [SEMANTIC/GRAMMATICAL]","","българска козметика с розово масло","козметика от българска роза · козметика с българска роза","100.0","PRIMARY H1=EXACT; TITLE=EXACT; CONTENT=EXACT Cluster coverage 100.0%. Priority: LOW — no material gap. Rendered page is indexable."
"козметика с шафран","","/kozmetika-s-shafran/","CREATE","Козметика с шафран","Козметика с шафран – продукти според съставката | Българитъм","Открий продукти в селекцията „Козметика с шафран“. Сравни наличните предложения и отвори продуктовите страници за подробности.","„Козметика с шафран“ обединява козметични продукти според зоната на приложение, съставката или посочената нужда. Селекцията е фокусирана върху съставка: шафран; отвори конкретния продукт, за да провериш всички негови характеристики.","Избор според вида грижа Прочети още Съобрази избора с зоната на приложение, нуждата и съставките, които са изрично посочени за продукта. Провери пълната информация на продуктовата страница. За тази селекция са важни следните ориентири: съставка: шафран. Провери ги и в описанието на конкретния продукт. | Преди да избереш продукт Прочети още Провери предназначението, варианта и информацията от бранда. Запази подходящите предложения, за да ги сравниш спокойно.","","","","","","PRIMARY H1=EXACT; TITLE=EXACT; CONTENT=EXACT No original cluster keywords for this input row. Priority: LOW — no material gap. Rendered page is indexable."
"българска натурална козметика","натурална българска козметика · българска био козметика · българска органична козметика · българска натурална био козметика","/naturalna-bulgarska-kozmetika/","REUSE","Българска натурална козметика","Българска натурална козметика – продукти по вид грижа","Сравни предложения в категорията „Българска натурална козметика“. Сравни наличните предложения и отвори продуктовите страници за подробности.","„Българска натурална козметика“ обединява козметични продукти според зоната на приложение, съставката или посочената нужда. Разгледай отделните предложения и провери характеристиките, вариантите и информацията от бранда на продуктовата страница.","Избор според вида грижа Прочети още Съобрази избора с зоната на приложение, нуждата и съставките, които са изрично посочени за продукта. Провери пълната информация на продуктовата страница. Използвай наличните характеристики като отправна точка и провери подробностите за конкретното предложение. Българска био козметика, българска органична козметика и натурална био козметика не са автоматично взаимозаменяеми определения. Провери състава и наличната сертификационна информация за конкретния продукт. | Преди да избереш продукт Прочети още Провери предназначението, варианта и информацията от бранда. Запази подходящите предложения, за да ги сравниш спокойно.","българска био козметика [EXACT] · българска органична козметика [EXACT] · натурална българска козметика [SEMANTIC/GRAMMATICAL] · българска натурална био козметика [SEMANTIC/GRAMMATICAL]","","българска био козметика · българска органична козметика","натурална българска козметика · българска натурална био козметика","100.0","PRIMARY H1=EXACT; TITLE=EXACT; CONTENT=EXACT Cluster coverage 100.0%. Priority: LOW — no material gap. Rendered page is indexable."
"персонализиран подарък за бебе","персонализирани подаръци за бебе","/personaliziran-podarak-za-bebe/","CREATE","Персонализиран подарък за бебе","Персонализиран подарък за бебе – идеи според получателя","Прегледай селекцията „Персонализиран подарък за бебе“ от български брандове. Селекцията е насочена към получател: бебе.","„Персонализиран подарък за бебе“ събира идеи, насочени към конкретен получател, възраст или повод. Помисли за повода, интересите и практичността на подаръка, а после отвори продукта за точните му характеристики.","Избор според човека и повода Прочети още Полезният избор започва от получателя и повода. Сравни предназначението, персонализацията и реалните продуктови детайли, когато са налични. Използвай наличните характеристики като отправна точка и провери подробностите за конкретното предложение. | Преди да избереш подарък Прочети още Провери предназначението, варианта и информацията от бранда. Запази подходящите предложения, за да ги сравниш спокойно.","персонализирани подаръци за бебе [SEMANTIC/GRAMMATICAL]","","","персонализирани подаръци за бебе","100.0","PRIMARY H1=EXACT; TITLE=EXACT; CONTENT=EXACT Cluster coverage 100.0%. Priority: LOW — no material gap. Rendered page is indexable."
"подарък за бебе момиче","подаръци за бебе момиче","/podarak-za-bebe-momiche/","REUSE","Подарък за бебе момиче","Подарък за бебе момиче – идеи според получателя | Българитъм","Разгледай подарък за бебе момиче от български брандове. Селекцията е насочена към получател: бебе.","„Подарък за бебе момиче“ събира идеи, насочени към конкретен получател, възраст или повод. Помисли за повода, интересите и практичността на подаръка, а после отвори продукта за точните му характеристики.","Избор според човека и повода Прочети още Полезният избор започва от получателя и повода. Сравни предназначението, персонализацията и реалните продуктови детайли, когато са налични. Използвай наличните характеристики като отправна точка и провери подробностите за конкретното предложение. | Преди да избереш подарък Прочети още Провери предназначението, варианта и информацията от бранда. Запази подходящите предложения, за да ги сравниш спокойно.","подаръци за бебе момиче [SEMANTIC/GRAMMATICAL]","","","подаръци за бебе момиче","100.0","PRIMARY H1=EXACT; TITLE=EXACT; CONTENT=EXACT Cluster coverage 100.0%. Priority: LOW — no material gap. Rendered page is indexable."
"подарък за бебе момче","подарък бебе момче · подаръци за бебе момче","/podarak-za-bebe-momche/","CREATE","Подарък за бебе момче","Подарък за бебе момче – идеи според получателя | Българитъм","Открий подарък за бебе момче на едно място. Селекцията е насочена към получател: бебе.","„Подарък за бебе момче“ събира идеи, насочени към конкретен получател, възраст или повод. Помисли за повода, интересите и практичността на подаръка, а после отвори продукта за точните му характеристики.","Избор според човека и повода Прочети още Полезният избор започва от получателя и повода. Сравни предназначението, персонализацията и реалните продуктови детайли, когато са налични. Използвай наличните характеристики като отправна точка и провери подробностите за конкретното предложение. | Преди да избереш подарък Прочети още Провери предназначението, варианта и информацията от бранда. Запази подходящите предложения, за да ги сравниш спокойно.","подарък бебе момче [SEMANTIC/GRAMMATICAL] · подаръци за бебе момче [SEMANTIC/GRAMMATICAL]","","","подарък бебе момче · подаръци за бебе момче","100.0","PRIMARY H1=EXACT; TITLE=EXACT; CONTENT=EXACT Cluster coverage 100.0%. Priority: LOW — no material gap. Rendered page is indexable."
"подарък за изписване","","/podarak-za-izpisvane-na-bebe/","CREATE","Подарък за изписване","Подарък за изписване – идеи за конкретния повод | Българитъм","Подарък за изписване в подредена продуктова селекция. Селекцията е насочена към получател: бебе; повод: изписване.","„Подарък за изписване“ събира идеи, насочени към конкретен получател, възраст или повод. Помисли за повода, интересите и практичността на подаръка, а после отвори продукта за точните му характеристики.","Избор според човека и повода Прочети още Полезният избор започва от получателя и повода. Сравни предназначението, персонализацията и реалните продуктови детайли, когато са налични. За тази селекция са важни следните ориентири: повод: изписване. Провери ги и в описанието на конкретния продукт. | Преди да избереш подарък Прочети още Провери предназначението, варианта и информацията от бранда. Запази подходящите предложения, за да ги сравниш спокойно.","","","","","","PRIMARY H1=EXACT; TITLE=EXACT; CONTENT=EXACT No original cluster keywords for this input row. Priority: LOW — no material gap. Rendered page is indexable."
"подарък за кръщене","кръщене подарък · подарък кръщене · идеи за подарък кръщене · идеи за подарък за кръщене","/podarak-za-krashtene/","CREATE","Подарък за кръщене","Подарък за кръщене – идеи за конкретния повод | Българитъм","Търсиш подарък за кръщене? Селекцията е насочена към повод: кръщене.","„Подарък за кръщене“ събира идеи, насочени към конкретен получател, възраст или повод. Помисли за повода, интересите и практичността на подаръка, а после отвори продукта за точните му характеристики.","Избор според човека и повода Прочети още Полезният избор започва от получателя и повода. Сравни предназначението, персонализацията и реалните продуктови детайли, когато са налични. За тази селекция са важни следните ориентири: повод: кръщене. Провери ги и в описанието на конкретния продукт. | Преди да избереш подарък Прочети още Провери предназначението, варианта и информацията от бранда. Запази подходящите предложения, за да ги сравниш спокойно.","кръщене подарък [SEMANTIC/GRAMMATICAL] · подарък кръщене [SEMANTIC/GRAMMATICAL] · идеи за подарък кръщене [SEMANTIC/GRAMMATICAL] · идеи за подарък за кръщене [SEMANTIC/GRAMMATICAL]","","","кръщене подарък · подарък кръщене · идеи за подарък кръщене · идеи за подарък за кръщене","100.0","PRIMARY H1=EXACT; TITLE=EXACT; CONTENT=EXACT Cluster coverage 100.0%. Priority: LOW — no material gap. Rendered page is indexable."
"подарък за новородено","подарък новородено · идеи за подарък за новородено · идеи за подарък на новородено","/podarak-za-novorodeno/","CREATE","Подарък за новородено","Подарък за новородено – идеи за конкретния повод","Виж предложения за подарък за новородено. Селекцията е насочена към получател: бебе; повод: новородено.","„Подарък за новородено“ събира идеи, насочени към конкретен получател, възраст или повод. Помисли за повода, интересите и практичността на подаръка, а после отвори продукта за точните му характеристики.","Избор според човека и повода Прочети още Полезният избор започва от получателя и повода. Сравни предназначението, персонализацията и реалните продуктови детайли, когато са налични. За тази селекция са важни следните ориентири: повод: новородено. Провери ги и в описанието на конкретния продукт. | Преди да избереш подарък Прочети още Провери предназначението, варианта и информацията от бранда. Запази подходящите предложения, за да ги сравниш спокойно.","подарък новородено [SEMANTIC/GRAMMATICAL] · идеи за подарък за новородено [SEMANTIC/GRAMMATICAL] · идеи за подарък на новородено [SEMANTIC/GRAMMATICAL]","","","подарък новородено · идеи за подарък за новородено · идеи за подарък на новородено","100.0","PRIMARY H1=EXACT; TITLE=EXACT; CONTENT=EXACT Cluster coverage 100.0%. Priority: LOW — no material gap. Rendered page is indexable."
"подарък за погача","подарък за погача момче","/podaratsi-za-pogacha-na-momche/","CREATE","Подарък за погача","Подарък за погача – идеи за конкретния повод | Българитъм","Ориентирай се сред предложенията за подарък за погача. Селекцията е насочена към получател: бебе; повод: погача.","„Подарък за погача“ събира идеи, насочени към конкретен получател, възраст или повод. Помисли за повода, интересите и практичността на подаръка, а после отвори продукта за точните му характеристики.","Избор според човека и повода Прочети още Полезният избор започва от получателя и повода. Сравни предназначението, персонализацията и реалните продуктови детайли, когато са налични. За тази селекция са важни следните ориентири: повод: погача. Провери ги и в описанието на конкретния продукт. Когато избираш подарък за погача за момче, съобрази възрастта, практичността и предпочитанията на семейството, без да приемаш, че цветът сам определя подходящия избор. | Преди да избереш подарък Прочети още Провери предназначението, варианта и информацията от бранда. Запази подходящите предложения, за да ги сравниш спокойно.","подарък за погача момче [SEMANTIC/GRAMMATICAL]","","","подарък за погача момче","100.0","PRIMARY H1=EXACT; TITLE=EXACT; CONTENT=EXACT Cluster coverage 100.0%. Priority: LOW — no material gap. Rendered page is indexable."
"подарък за 10-годишно момиче","","/originalen-podarak-za-10-godishno-momiche/","CREATE","Подарък за 10-годишно момиче","Подарък за 10-годишно момиче – идеи според възрастта","Селекция за подарък за 10-годишно момиче от български брандове. Селекцията е насочена към получател: дете; възраст: 10 години.","„Подарък за 10-годишно момиче“ събира идеи, насочени към конкретен получател, възраст или повод. Помисли за повода, интересите и практичността на подаръка, а после отвори продукта за точните му характеристики.","Избор според човека и повода Прочети още Полезният избор започва от получателя и повода. Сравни предназначението, персонализацията и реалните продуктови детайли, когато са налични. За тази селекция са важни следните ориентири: възраст: 10 г.. Провери ги и в описанието на конкретния продукт. | Преди да избереш подарък Прочети още Провери предназначението, варианта и информацията от бранда. Запази подходящите предложения, за да ги сравниш спокойно.","","","","","","PRIMARY H1=EXACT; TITLE=EXACT; CONTENT=EXACT No original cluster keywords for this input row. Priority: LOW — no material gap. Rendered page is indexable."
"подарък за 10-годишно момче","","/originalen-podarak-za-10-godishno-momche/","CREATE","Подарък за 10-годишно момче","Подарък за 10-годишно момче – идеи според възрастта","Намери подарък за 10-годишно момче и прегледай подробностите за всеки продукт. Селекцията е насочена към получател: дете; възраст: 10 години.","„Подарък за 10-годишно момче“ събира идеи, насочени към конкретен получател, възраст или повод. Помисли за повода, интересите и практичността на подаръка, а после отвори продукта за точните му характеристики.","Избор според човека и повода Прочети още Полезният избор започва от получателя и повода. Сравни предназначението, персонализацията и реалните продуктови детайли, когато са налични. За тази селекция са важни следните ориентири: възраст: 10 г.. Провери ги и в описанието на конкретния продукт. | Преди да избереш подарък Прочети още Провери предназначението, варианта и информацията от бранда. Запази подходящите предложения, за да ги сравниш спокойно.","","","","","","PRIMARY H1=EXACT; TITLE=EXACT; CONTENT=EXACT No original cluster keywords for this input row. Priority: LOW — no material gap. Rendered page is indexable."
"подарък за 14-годишно момиче","","/originalen-podarak-za-momiche-na-14-godini/","CREATE","Подарък за 14-годишно момиче","Подарък за 14-годишно момиче – идеи според възрастта","Разгледай темата „Подарък за 14-годишно момиче“ и сравни подходящите предложения. Селекцията е насочена към получател: дете; възраст: 14 години.","„Подарък за 14-годишно момиче“ събира идеи, насочени към конкретен получател, възраст или повод. Помисли за повода, интересите и практичността на подаръка, а после отвори продукта за точните му характеристики.","Избор според човека и повода Прочети още Полезният избор започва от получателя и повода. Сравни предназначението, персонализацията и реалните продуктови детайли, когато са налични. За тази селекция са важни следните ориентири: възраст: 14 г.. Провери ги и в описанието на конкретния продукт. | Преди да избереш подарък Прочети още Провери предназначението, варианта и информацията от бранда. Запази подходящите предложения, за да ги сравниш спокойно.","","","","","","PRIMARY H1=EXACT; TITLE=EXACT; CONTENT=EXACT No original cluster keywords for this input row. Priority: LOW — no material gap. Rendered page is indexable."
"подарък за 14-годишно момче","","/originalen-podarak-za-momche-na-14-godini/","CREATE","Подарък за 14-годишно момче","Подарък за 14-годишно момче – идеи според възрастта","Открий продукти в селекцията „Подарък за 14-годишно момче“. Селекцията е насочена към получател: дете; възраст: 14 години.","„Подарък за 14-годишно момче“ събира идеи, насочени към конкретен получател, възраст или повод. Помисли за повода, интересите и практичността на подаръка, а после отвори продукта за точните му характеристики.","Избор според човека и повода Прочети още Полезният избор започва от получателя и повода. Сравни предназначението, персонализацията и реалните продуктови детайли, когато са налични. За тази селекция са важни следните ориентири: възраст: 14 г.. Провери ги и в описанието на конкретния продукт. | Преди да избереш подарък Прочети още Провери предназначението, варианта и информацията от бранда. Запази подходящите предложения, за да ги сравниш спокойно.","","","","","","PRIMARY H1=EXACT; TITLE=EXACT; CONTENT=EXACT No original cluster keywords for this input row. Priority: LOW — no material gap. Rendered page is indexable."
"подарък за 4-годишно момче","","/podarak-za-4-godishno-momche/","CREATE","Подарък за 4-годишно момче","Подарък за 4-годишно момче – идеи според възрастта","Сравни предложения в категорията „Подарък за 4-годишно момче“. Селекцията е насочена към получател: дете; възраст: 4 години.","„Подарък за 4-годишно момче“ събира идеи, насочени към конкретен получател, възраст или повод. Помисли за повода, интересите и практичността на подаръка, а после отвори продукта за точните му характеристики.","Избор според човека и повода Прочети още Полезният избор започва от получателя и повода. Сравни предназначението, персонализацията и реалните продуктови детайли, когато са налични. За тази селекция са важни следните ориентири: възраст: 4 г.. Провери ги и в описанието на конкретния продукт. | Преди да избереш подарък Прочети още Провери предназначението, варианта и информацията от бранда. Запази подходящите предложения, за да ги сравниш спокойно.","","","","","","PRIMARY H1=EXACT; TITLE=EXACT; CONTENT=EXACT No original cluster keywords for this input row. Priority: LOW — no material gap. Rendered page is indexable."
"подарък за 7-годишно момиче","","/originalen-podarak-za-momiche-na-7-godini/","CREATE","Подарък за 7-годишно момиче","Подарък за 7-годишно момиче – идеи според възрастта","Прегледай селекцията „Подарък за 7-годишно момиче“ от български брандове. Селекцията е насочена към получател: дете; възраст: 7 години.","„Подарък за 7-годишно момиче“ събира идеи, насочени към конкретен получател, възраст или повод. Помисли за повода, интересите и практичността на подаръка, а после отвори продукта за точните му характеристики.","Избор според човека и повода Прочети още Полезният избор започва от получателя и повода. Сравни предназначението, персонализацията и реалните продуктови детайли, когато са налични. За тази селекция са важни следните ориентири: възраст: 7 г.. Провери ги и в описанието на конкретния продукт. | Преди да избереш подарък Прочети още Провери предназначението, варианта и информацията от бранда. Запази подходящите предложения, за да ги сравниш спокойно.","","","","","","PRIMARY H1=EXACT; TITLE=EXACT; CONTENT=EXACT No original cluster keywords for this input row. Priority: LOW — no material gap. Rendered page is indexable."
"подарък за 9-годишно момиче","","/originalen-podarak-za-9-godishno-momiche/","CREATE","Подарък за 9-годишно момиче","Подарък за 9-годишно момиче – идеи според възрастта","Разгледай подарък за 9-годишно момиче от български брандове. Селекцията е насочена към получател: дете; възраст: 9 години.","„Подарък за 9-годишно момиче“ събира идеи, насочени към конкретен получател, възраст или повод. Помисли за повода, интересите и практичността на подаръка, а после отвори продукта за точните му характеристики.","Избор според човека и повода Прочети още Полезният избор започва от получателя и повода. Сравни предназначението, персонализацията и реалните продуктови детайли, когато са налични. За тази селекция са важни следните ориентири: възраст: 9 г.. Провери ги и в описанието на конкретния продукт. | Преди да избереш подарък Прочети още Провери предназначението, варианта и информацията от бранда. Запази подходящите предложения, за да ги сравниш спокойно.","","","","","","PRIMARY H1=EXACT; TITLE=EXACT; CONTENT=EXACT No original cluster keywords for this input row. Priority: LOW — no material gap. Rendered page is indexable."
"подарък за дете на 1 година","подарък дете 1 година · подарък за дете 1 година · идеи за подарък за дете на 1 година · идея за подарък на дете на 1 година","/podarak-za-dete-na-1-godina/","REUSE","Подарък за дете на 1 година","Подарък за дете на 1 година – идеи според възрастта","Открий подарък за дете на 1 година на едно място. Селекцията е насочена към получател: дете; възраст: 1 години.","„Подарък за дете на 1 година“ събира идеи, насочени към конкретен получател, възраст или повод. Помисли за повода, интересите и практичността на подаръка, а после отвори продукта за точните му характеристики.","Избор според човека и повода Прочети още Полезният избор започва от получателя и повода. Сравни предназначението, персонализацията и реалните продуктови детайли, когато са налични. За тази селекция са важни следните ориентири: възраст: 1 г.. Провери ги и в описанието на конкретния продукт. | Преди да избереш подарък Прочети още Провери предназначението, варианта и информацията от бранда. Запази подходящите предложения, за да ги сравниш спокойно.","подарък дете 1 година [SEMANTIC/GRAMMATICAL] · подарък за дете 1 година [SEMANTIC/GRAMMATICAL] · идеи за подарък за дете на 1 година [SEMANTIC/GRAMMATICAL] · идея за подарък на дете на 1 година [SEMANTIC/GRAMMATICAL]","","","подарък дете 1 година · подарък за дете 1 година · идеи за подарък за дете на 1 година · идея за подарък на дете на 1 година","100.0","PRIMARY H1=EXACT; TITLE=EXACT; CONTENT=EXACT Cluster coverage 100.0%. Priority: LOW — no material gap. Rendered page is indexable."
"подарък за дете на 10 години","","/podarak-za-dete-na-10-godini/","CREATE","Подарък за дете на 10 години","Подарък за дете на 10 години – идеи според възрастта","Подарък за дете на 10 години в подредена продуктова селекция. Селекцията е насочена към получател: дете; възраст: 10 години.","„Подарък за дете на 10 години“ събира идеи, насочени към конкретен получател, възраст или повод. Помисли за повода, интересите и практичността на подаръка, а после отвори продукта за точните му характеристики.","Избор според човека и повода Прочети още Полезният избор започва от получателя и повода. Сравни предназначението, персонализацията и реалните продуктови детайли, когато са налични. За тази селекция са важни следните ориентири: възраст: 10 г.. Провери ги и в описанието на конкретния продукт. | Преди да избереш подарък Прочети още Провери предназначението, варианта и информацията от бранда. Запази подходящите предложения, за да ги сравниш спокойно.","","","","","","PRIMARY H1=EXACT; TITLE=EXACT; CONTENT=EXACT No original cluster keywords for this input row. Priority: LOW — no material gap. Rendered page is indexable."
"подарък за дете на 14 години","","/podarak-za-dete-na-14-godini/","CREATE","Подарък за дете на 14 години","Подарък за дете на 14 години – идеи според възрастта","Търсиш подарък за дете на 14 години? Селекцията е насочена към получател: дете; възраст: 14 години.","„Подарък за дете на 14 години“ събира идеи, насочени към конкретен получател, възраст или повод. Помисли за повода, интересите и практичността на подаръка, а после отвори продукта за точните му характеристики.","Избор според човека и повода Прочети още Полезният избор започва от получателя и повода. Сравни предназначението, персонализацията и реалните продуктови детайли, когато са налични. За тази селекция са важни следните ориентири: възраст: 14 г.. Провери ги и в описанието на конкретния продукт. | Преди да избереш подарък Прочети още Провери предназначението, варианта и информацията от бранда. Запази подходящите предложения, за да ги сравниш спокойно.","","","","","","PRIMARY H1=EXACT; TITLE=EXACT; CONTENT=EXACT No original cluster keywords for this input row. Priority: LOW — no material gap. Rendered page is indexable."
"подарък за дете на 2 години","подарък дете 2 години · подарък за дете 2 години","/podarak-za-dete-na-2-godini/","CREATE","Подарък за дете на 2 години","Подарък за дете на 2 години – идеи според възрастта","Виж предложения за подарък за дете на 2 години. Селекцията е насочена към получател: дете; възраст: 2 години.","„Подарък за дете на 2 години“ събира идеи, насочени към конкретен получател, възраст или повод. Помисли за повода, интересите и практичността на подаръка, а после отвори продукта за точните му характеристики.","Избор според човека и повода Прочети още Полезният избор започва от получателя и повода. Сравни предназначението, персонализацията и реалните продуктови детайли, когато са налични. За тази селекция са важни следните ориентири: възраст: 2 г.. Провери ги и в описанието на конкретния продукт. | Преди да избереш подарък Прочети още Провери предназначението, варианта и информацията от бранда. Запази подходящите предложения, за да ги сравниш спокойно.","подарък дете 2 години [SEMANTIC/GRAMMATICAL] · подарък за дете 2 години [SEMANTIC/GRAMMATICAL]","","","подарък дете 2 години · подарък за дете 2 години","100.0","PRIMARY H1=EXACT; TITLE=EXACT; CONTENT=EXACT Cluster coverage 100.0%. Priority: LOW — no material gap. Rendered page is indexable."
"подарък за дете на 3 години","идеи за подарък за дете на 3 години","/podarak-za-dete-na-3-godini/","CREATE","Подарък за дете на 3 години","Подарък за дете на 3 години – идеи според възрастта","Ориентирай се сред предложенията за подарък за дете на 3 години. Селекцията е насочена към получател: дете; възраст: 3 години.","„Подарък за дете на 3 години“ събира идеи, насочени към конкретен получател, възраст или повод. Помисли за повода, интересите и практичността на подаръка, а после отвори продукта за точните му характеристики.","Избор според човека и повода Прочети още Полезният избор започва от получателя и повода. Сравни предназначението, персонализацията и реалните продуктови детайли, когато са налични. За тази селекция са важни следните ориентири: възраст: 3 г.. Провери ги и в описанието на конкретния продукт. | Преди да избереш подарък Прочети още Провери предназначението, варианта и информацията от бранда. Запази подходящите предложения, за да ги сравниш спокойно.","идеи за подарък за дете на 3 години [SEMANTIC/GRAMMATICAL]","","","идеи за подарък за дете на 3 години","100.0","PRIMARY H1=EXACT; TITLE=EXACT; CONTENT=EXACT Cluster coverage 100.0%. Priority: LOW — no material gap. Rendered page is indexable."
"подарък за дете на 4 години","","/podarak-za-dete-na-4-godini/","CREATE","Подарък за дете на 4 години","Подарък за дете на 4 години – идеи според възрастта","Селекция за подарък за дете на 4 години от български брандове. Селекцията е насочена към получател: дете; възраст: 4 години.","„Подарък за дете на 4 години“ събира идеи, насочени към конкретен получател, възраст или повод. Помисли за повода, интересите и практичността на подаръка, а после отвори продукта за точните му характеристики.","Избор според човека и повода Прочети още Полезният избор започва от получателя и повода. Сравни предназначението, персонализацията и реалните продуктови детайли, когато са налични. За тази селекция са важни следните ориентири: възраст: 4 г.. Провери ги и в описанието на конкретния продукт. | Преди да избереш подарък Прочети още Провери предназначението, варианта и информацията от бранда. Запази подходящите предложения, за да ги сравниш спокойно.","","","","","","PRIMARY H1=EXACT; TITLE=EXACT; CONTENT=EXACT No original cluster keywords for this input row. Priority: LOW — no material gap. Rendered page is indexable."
"подарък за дете на 7 години","","/podarak-za-dete-na-7-godini/","CREATE","Подарък за дете на 7 години","Подарък за дете на 7 години – идеи според възрастта","Намери подарък за дете на 7 години и прегледай подробностите за всеки продукт. Селекцията е насочена към получател: дете; възраст: 7 години.","„Подарък за дете на 7 години“ събира идеи, насочени към конкретен получател, възраст или повод. Помисли за повода, интересите и практичността на подаръка, а после отвори продукта за точните му характеристики.","Избор според човека и повода Прочети още Полезният избор започва от получателя и повода. Сравни предназначението, персонализацията и реалните продуктови детайли, когато са налични. За тази селекция са важни следните ориентири: възраст: 7 г.. Провери ги и в описанието на конкретния продукт. | Преди да избереш подарък Прочети още Провери предназначението, варианта и информацията от бранда. Запази подходящите предложения, за да ги сравниш спокойно.","","","","","","PRIMARY H1=EXACT; TITLE=EXACT; CONTENT=EXACT No original cluster keywords for this input row. Priority: LOW — no material gap. Rendered page is indexable."
"подарък за дете на 9 години","","/podarak-za-dete-na-9-godini/","CREATE","Подарък за дете на 9 години","Подарък за дете на 9 години – идеи според възрастта","Разгледай темата „Подарък за дете на 9 години“ и сравни подходящите предложения. Селекцията е насочена към получател: дете; възраст: 9 години.","„Подарък за дете на 9 години“ събира идеи, насочени към конкретен получател, възраст или повод. Помисли за повода, интересите и практичността на подаръка, а после отвори продукта за точните му характеристики.","Избор според човека и повода Прочети още Полезният избор започва от получателя и повода. Сравни предназначението, персонализацията и реалните продуктови детайли, когато са налични. За тази селекция са важни следните ориентири: възраст: 9 г.. Провери ги и в описанието на конкретния продукт. | Преди да избереш подарък Прочети още Провери предназначението, варианта и информацията от бранда. Запази подходящите предложения, за да ги сравниш спокойно.","","","","","","PRIMARY H1=EXACT; TITLE=EXACT; CONTENT=EXACT No original cluster keywords for this input row. Priority: LOW — no material gap. Rendered page is indexable."
"забавен подарък за жена","","/zabaven-podarak-za-zhena/","CREATE","Забавен подарък за жена","Забавен подарък за жена – идеи според получателя","Открий продукти в селекцията „Забавен подарък за жена“. Селекцията е насочена към получател: жена.","„Забавен подарък за жена“ събира идеи, насочени към конкретен получател, възраст или повод. Помисли за повода, интересите и практичността на подаръка, а после отвори продукта за точните му характеристики.","Избор според човека и повода Прочети още Полезният избор започва от получателя и повода. Сравни предназначението, персонализацията и реалните продуктови детайли, когато са налични. Използвай наличните характеристики като отправна точка и провери подробностите за конкретното предложение. | Преди да избереш подарък Прочети още Провери предназначението, варианта и информацията от бранда. Запази подходящите предложения, за да ги сравниш спокойно.","","","","","","PRIMARY H1=EXACT; TITLE=EXACT; CONTENT=EXACT No original cluster keywords for this input row. Priority: LOW — no material gap. Rendered page is indexable."
"коледен подарък за жена","коледни подаръци за жени · коледен подарък жена · идеи за коледен подарък за жена · идеи за коледен подарък на жена · идея за коледен подарък за жена · идеи за коледни подаръци за жена","/koleden-podarak-za-zhena/","REUSE","Коледен подарък за жена","Коледен подарък за жена – идеи за конкретния повод","Сравни предложения в категорията „Коледен подарък за жена“. Селекцията е насочена към получател: жена; повод: коледа.","„Коледен подарък за жена“ събира идеи, насочени към конкретен получател, възраст или повод. Помисли за повода, интересите и практичността на подаръка, а после отвори продукта за точните му характеристики.","Избор според човека и повода Прочети още Полезният избор започва от получателя и повода. Сравни предназначението, персонализацията и реалните продуктови детайли, когато са налични. За тази селекция са важни следните ориентири: повод: коледа. Провери ги и в описанието на конкретния продукт. | Преди да избереш подарък Прочети още Провери предназначението, варианта и информацията от бранда. Запази подходящите предложения, за да ги сравниш спокойно.","коледни подаръци за жени [SEMANTIC/GRAMMATICAL] · коледен подарък жена [SEMANTIC/GRAMMATICAL] · идеи за коледен подарък за жена [SEMANTIC/GRAMMATICAL] · идеи за коледен подарък на жена [SEMANTIC/GRAMMATICAL] · идея за коледен подарък за жена [SEMANTIC/GRAMMATICAL] · идеи за коледни подаръци за жена [SEMANTIC/GRAMMATICAL]","","","коледни подаръци за жени · коледен подарък жена · идеи за коледен подарък за жена · идеи за коледен подарък на жена · идея за коледен подарък за жена · идеи за коледни подаръци за жена","100.0","PRIMARY H1=EXACT; TITLE=EXACT; CONTENT=EXACT Cluster coverage 100.0%. Priority: LOW — no material gap. Rendered page is indexable."
"персонализиран подарък за жена","","/personaliziran-podarak-za-zhena/","CREATE","Персонализиран подарък за жена","Персонализиран подарък за жена – идеи според получателя","Прегледай селекцията „Персонализиран подарък за жена“ от български брандове. Селекцията е насочена към получател: жена.","„Персонализиран подарък за жена“ събира идеи, насочени към конкретен получател, възраст или повод. Помисли за повода, интересите и практичността на подаръка, а после отвори продукта за точните му характеристики.","Избор според човека и повода Прочети още Полезният избор започва от получателя и повода. Сравни предназначението, персонализацията и реалните продуктови детайли, когато са налични. Използвай наличните характеристики като отправна точка и провери подробностите за конкретното предложение. | Преди да избереш подарък Прочети още Провери предназначението, варианта и информацията от бранда. Запази подходящите предложения, за да ги сравниш спокойно.","","","","","","PRIMARY H1=EXACT; TITLE=EXACT; CONTENT=EXACT No original cluster keywords for this input row. Priority: LOW — no material gap. Rendered page is indexable."
"подарък за 8 март за учителка","подарък 8 март учителка · подарък за учителка 8 март · подарък за учител за 8 март · подарък за 8 март на учителка","/podarak-za-8-mart-za-uchitelka/","CREATE","Подарък за 8 март за учителка","Подарък за 8 март за учителка – идеи за конкретния повод","Разгледай подарък за 8 март за учителка от български брандове. Селекцията е насочена към получател: жена; повод: 8 март.","„Подарък за 8 март за учителка“ събира идеи, насочени към конкретен получател, възраст или повод. Помисли за повода, интересите и практичността на подаръка, а после отвори продукта за точните му характеристики.","Избор според човека и повода Прочети още Полезният избор започва от получателя и повода. Сравни предназначението, персонализацията и реалните продуктови детайли, когато са налични. За тази селекция са важни следните ориентири: повод: 8 март; интерес: учителка. Провери ги и в описанието на конкретния продукт. | Преди да избереш подарък Прочети още Провери предназначението, варианта и информацията от бранда. Запази подходящите предложения, за да ги сравниш спокойно.","подарък 8 март учителка [SEMANTIC/GRAMMATICAL] · подарък за учителка 8 март [SEMANTIC/GRAMMATICAL] · подарък за учител за 8 март [SEMANTIC/GRAMMATICAL] · подарък за 8 март на учителка [SEMANTIC/GRAMMATICAL]","","","подарък 8 март учителка · подарък за учителка 8 март · подарък за учител за 8 март · подарък за 8 март на учителка","100.0","PRIMARY H1=EXACT; TITLE=EXACT; CONTENT=EXACT Cluster coverage 100.0%. Priority: LOW — no material gap. Rendered page is indexable."
"подарък за жена за 8 март","подарък 8 март учителка · подарък за учителка 8 март · подарък за учител за 8 март · подарък за 8 март на учителка","/podarak-za-zhena-za-8-mart/","CREATE","Подарък за жена за 8 март","Подарък за жена за 8 март – идеи за конкретния повод","Открий подарък за жена за 8 март на едно място. Селекцията е насочена към получател: жена; повод: 8 март.","„Подарък за жена за 8 март“ събира идеи, насочени към конкретен получател, възраст или повод. Помисли за повода, интересите и практичността на подаръка, а после отвори продукта за точните му характеристики.","Избор според човека и повода Прочети още Полезният избор започва от получателя и повода. Сравни предназначението, персонализацията и реалните продуктови детайли, когато са налични. За тази селекция са важни следните ориентири: повод: 8 март. Провери ги и в описанието на конкретния продукт. Подарък за учителка за 8 март може да бъде практичен, персонализиран или символичен. При подарък за учител за 8 март съобрази отношенията, повода и това дали изборът е подходящ за професионален контекст. | Преди да избереш подарък Прочети още Провери предназначението, варианта и информацията от бранда. Запази подходящите предложения, за да ги сравниш спокойно.","подарък за учител за 8 март [EXACT] · подарък 8 март учителка [SEMANTIC/GRAMMATICAL] · подарък за учителка 8 март [SEMANTIC/GRAMMATICAL] · подарък за 8 март на учителка [SEMANTIC/GRAMMATICAL]","","подарък за учител за 8 март","подарък 8 март учителка · подарък за учителка 8 март · подарък за 8 март на учителка","100.0","PRIMARY H1=EXACT; TITLE=EXACT; CONTENT=EXACT Cluster coverage 100.0%. Priority: LOW — no material gap. Rendered page is indexable."
"подарък за жена за дипломиране","","/podarak-za-zhena-za-diplomirane/","CREATE","Подарък за жена за дипломиране","Подарък за жена за дипломиране – идеи за конкретния повод","Подарък за жена за дипломиране в подредена продуктова селекция. Селекцията е насочена към получател: жена; повод: дипломиране.","„Подарък за жена за дипломиране“ събира идеи, насочени към конкретен получател, възраст или повод. Помисли за повода, интересите и практичността на подаръка, а после отвори продукта за точните му характеристики.","Избор според човека и повода Прочети още Полезният избор започва от получателя и повода. Сравни предназначението, персонализацията и реалните продуктови детайли, когато са налични. За тази селекция са важни следните ориентири: повод: дипломиране. Провери ги и в описанието на конкретния продукт. | Преди да избереш подарък Прочети още Провери предназначението, варианта и информацията от бранда. Запази подходящите предложения, за да ги сравниш спокойно.","","","","","","PRIMARY H1=EXACT; TITLE=EXACT; CONTENT=EXACT No original cluster keywords for this input row. Priority: LOW — no material gap. Rendered page is indexable."
"подарък за жена за имен ден","подарък имен ден жена · подарък за жена имен ден · подарък за имен ден жена · подарък за жена за имен ден · подарък за имен ден за жена · подаръци за жени за имен ден · подаръци за имен ден за жена · подаръци за имен ден на жена · идеи за подарък за имен ден на жена","/podarak-za-imen-den-na-zhena/","CREATE","Подарък за жена за имен ден","Подарък за жена за имен ден – идеи за конкретния повод","Търсиш подарък за жена за имен ден? Селекцията е насочена към получател: жена; повод: имен ден.","„Подарък за жена за имен ден“ събира идеи, насочени към конкретен получател, възраст или повод. Помисли за повода, интересите и практичността на подаръка, а после отвори продукта за точните му характеристики.","Избор според човека и повода Прочети още Полезният избор започва от получателя и повода. Сравни предназначението, персонализацията и реалните продуктови детайли, когато са налични. За тази селекция са важни следните ориентири: повод: имен ден. Провери ги и в описанието на конкретния продукт. | Преди да избереш подарък Прочети още Провери предназначението, варианта и информацията от бранда. Запази подходящите предложения, за да ги сравниш спокойно.","подарък за жена за имен ден [EXACT] · подарък имен ден жена [SEMANTIC/GRAMMATICAL] · подарък за жена имен ден [SEMANTIC/GRAMMATICAL] · подарък за имен ден жена [SEMANTIC/GRAMMATICAL] · подарък за имен ден за жена [SEMANTIC/GRAMMATICAL] · подаръци за жени за имен ден [SEMANTIC/GRAMMATICAL] · подаръци за имен ден за жена [SEMANTIC/GRAMMATICAL] · подаръци за имен ден на жена [SEMANTIC/GRAMMATICAL] · идеи за подарък за имен ден на жена [SEMANTIC/GRAMMATICAL]","","подарък за жена за имен ден","подарък имен ден жена · подарък за жена имен ден · подарък за имен ден жена · подарък за имен ден за жена · подаръци за жени за имен ден · подаръци за имен ден за жена · подаръци за имен ден на жена · идеи за подарък за имен ден на жена","100.0","PRIMARY H1=EXACT; TITLE=EXACT; CONTENT=EXACT Cluster coverage 100.0%. Priority: LOW — no material gap. Rendered page is indexable."
"подарък за жена за пенсиониране","идеи за подарък за пенсиониране на жена · подарък за пенсиониране жена · подарък за пенсиониране за жена","/podarak-za-pensionirane-na-zhena/","CREATE","Подарък за жена за пенсиониране","Подарък за жена за пенсиониране – идеи за конкретния повод","Виж предложения за подарък за жена за пенсиониране. Селекцията е насочена към получател: жена; повод: пенсиониране.","„Подарък за жена за пенсиониране“ събира идеи, насочени към конкретен получател, възраст или повод. Помисли за повода, интересите и практичността на подаръка, а после отвори продукта за точните му характеристики.","Избор според човека и повода Прочети още Полезният избор започва от получателя и повода. Сравни предназначението, персонализацията и реалните продуктови детайли, когато са налични. За тази селекция са важни следните ориентири: повод: пенсиониране. Провери ги и в описанието на конкретния продукт. | Преди да избереш подарък Прочети още Провери предназначението, варианта и информацията от бранда. Запази подходящите предложения, за да ги сравниш спокойно.","идеи за подарък за пенсиониране на жена [SEMANTIC/GRAMMATICAL] · подарък за пенсиониране жена [SEMANTIC/GRAMMATICAL] · подарък за пенсиониране за жена [SEMANTIC/GRAMMATICAL]","","","идеи за подарък за пенсиониране на жена · подарък за пенсиониране жена · подарък за пенсиониране за жена","100.0","PRIMARY H1=EXACT; TITLE=EXACT; CONTENT=EXACT Cluster coverage 100.0%. Priority: LOW — no material gap. Rendered page is indexable."
"подарък за жена за свети валентин","подарък за жена свети валентин · подарък за свети валентин жена · подарък свети валентин за жена · подарък за жена за свети валентин · подаръци за жена за свети валентин · идеи за подарък за свети валентин за жена","/podarak-za-sveti-valentin-za-zhena/","CREATE","Подарък за жена за свети валентин","Подарък за жена за свети валентин – идеи за конкретния повод","Ориентирай се сред предложенията за подарък за жена за свети валентин. Селекцията е насочена към получател: жена; повод: свети валентин.","„Подарък за жена за свети валентин“ събира идеи, насочени към конкретен получател, възраст или повод. Помисли за повода, интересите и практичността на подаръка, а после отвори продукта за точните му характеристики.","Избор според човека и повода Прочети още Полезният избор започва от получателя и повода. Сравни предназначението, персонализацията и реалните продуктови детайли, когато са налични. За тази селекция са важни следните ориентири: повод: свети валентин. Провери ги и в описанието на конкретния продукт. | Преди да избереш подарък Прочети още Провери предназначението, варианта и информацията от бранда. Запази подходящите предложения, за да ги сравниш спокойно.","подарък за жена за свети валентин [EXACT] · подарък за жена свети валентин [SEMANTIC/GRAMMATICAL] · подарък за свети валентин жена [SEMANTIC/GRAMMATICAL] · подарък свети валентин за жена [SEMANTIC/GRAMMATICAL] · подаръци за жена за свети валентин [SEMANTIC/GRAMMATICAL] · идеи за подарък за свети валентин за жена [SEMANTIC/GRAMMATICAL]","","подарък за жена за свети валентин","подарък за жена свети валентин · подарък за свети валентин жена · подарък свети валентин за жена · подаръци за жена за свети валентин · идеи за подарък за свети валентин за жена","100.0","PRIMARY H1=EXACT; TITLE=EXACT; CONTENT=EXACT Cluster coverage 100.0%. Priority: LOW — no material gap. Rendered page is indexable."
"подарък за рожден ден на жена","подарък за жена за рожден ден · подарък за рожден ден за жена · идеи за подарък за жена за рожден ден · подарък жена рожден ден · подарък рожден ден жена · рожден ден жена подарък · подарък за жена рожден ден · подарък за рожден ден жена · подаръци за жена рожден ден · подаръци за жена за рожден ден · идеи за подарък за рожден ден за жена · идеи за подарък за рожден ден на жена · идеи за подарък на жена за рожден ден","/podarak-za-rozhden-den-na-zhena/","CREATE","Подарък за рожден ден на жена","Подарък за рожден ден на жена – идеи за конкретния повод","Селекция за подарък за рожден ден на жена от български брандове. Селекцията е насочена към получател: жена; повод: рожден ден.","„Подарък за рожден ден на жена“ събира идеи, насочени към конкретен получател, възраст или повод. Помисли за повода, интересите и практичността на подаръка, а после отвори продукта за точните му характеристики.","Избор според човека и повода Прочети още Полезният избор започва от получателя и повода. Сравни предназначението, персонализацията и реалните продуктови детайли, когато са налични. За тази селекция са важни следните ориентири: повод: рожден ден. Провери ги и в описанието на конкретния продукт. | Преди да избереш подарък Прочети още Провери предназначението, варианта и информацията от бранда. Запази подходящите предложения, за да ги сравниш спокойно.","подарък за жена за рожден ден [SEMANTIC/GRAMMATICAL] · подарък за рожден ден за жена [SEMANTIC/GRAMMATICAL] · идеи за подарък за жена за рожден ден [SEMANTIC/GRAMMATICAL] · подарък жена рожден ден [SEMANTIC/GRAMMATICAL] · подарък рожден ден жена [SEMANTIC/GRAMMATICAL] · рожден ден жена подарък [SEMANTIC/GRAMMATICAL] · подарък за жена рожден ден [SEMANTIC/GRAMMATICAL] · подарък за рожден ден жена [SEMANTIC/GRAMMATICAL] · подаръци за жена рожден ден [SEMANTIC/GRAMMATICAL] · подаръци за жена за рожден ден [SEMANTIC/GRAMMATICAL] · идеи за подарък за рожден ден за жена [SEMANTIC/GRAMMATICAL] · идеи за подарък за рожден ден на жена [SEMANTIC/GRAMMATICAL] · идеи за подарък на жена за рожден ден [SEMANTIC/GRAMMATICAL]","","","подарък за жена за рожден ден · подарък за рожден ден за жена · идеи за подарък за жена за рожден ден · подарък жена рожден ден · подарък рожден ден жена · рожден ден жена подарък · подарък за жена рожден ден · подарък за рожден ден жена · подаръци за жена рожден ден · подаръци за жена за рожден ден · идеи за подарък за рожден ден за жена · идеи за подарък за рожден ден на жена · идеи за подарък на жена за рожден ден","100.0","PRIMARY H1=EXACT; TITLE=EXACT; CONTENT=EXACT Cluster coverage 100.0%. Priority: LOW — no material gap. Rendered page is indexable."
"подарък за жена на 30","подарък за 30 годишен юбилей за жена · подарък за 30 годишен юбилей на жена","/podarak-za-30-godishen-yubiley-zhena/","CREATE","Подарък за жена на 30","Подарък за жена на 30 – идеи според възрастта | Българитъм","Намери подарък за жена на 30 и прегледай подробностите за всеки продукт. Селекцията е насочена към получател: жена; възраст: 30 години.","„Подарък за жена на 30“ събира идеи, насочени към конкретен получател, възраст или повод. Помисли за повода, интересите и практичността на подаръка, а после отвори продукта за точните му характеристики.","Избор според човека и повода Прочети още Полезният избор започва от получателя и повода. Сравни предназначението, персонализацията и реалните продуктови детайли, когато са налични. За тази селекция са важни следните ориентири: възраст: 30 г.. Провери ги и в описанието на конкретния продукт. При подарък за 30-годишен юбилей на жена помисли за нейните интереси, ежедневие и начина, по който ще бъде поднесен подаръкът. | Преди да избереш подарък Прочети още Провери предназначението, варианта и информацията от бранда. Запази подходящите предложения, за да ги сравниш спокойно.","подарък за 30 годишен юбилей на жена [EXACT] · подарък за 30 годишен юбилей за жена [SEMANTIC/GRAMMATICAL]","","подарък за 30 годишен юбилей на жена","подарък за 30 годишен юбилей за жена","100.0","PRIMARY H1=EXACT; TITLE=EXACT; CONTENT=EXACT Cluster coverage 100.0%. Priority: LOW — no material gap. Rendered page is indexable."
"подарък за жена на 50","подарък за жена над 50 · подаръци за жена на 50 · идеи за подарък на жена на 50","/podarak-za-zhena-na-50/","REUSE","Подарък за жена на 50","Подарък за жена на 50 – идеи според възрастта | Българитъм","Разгледай темата „Подарък за жена на 50“ и сравни подходящите предложения. Селекцията е насочена към получател: жена; възраст: 50 години.","„Подарък за жена на 50“ събира идеи, насочени към конкретен получател, възраст или повод. Помисли за повода, интересите и практичността на подаръка, а после отвори продукта за точните му характеристики.","Избор според човека и повода Прочети още Полезният избор започва от получателя и повода. Сравни предназначението, персонализацията и реалните продуктови детайли, когато са налични. За тази селекция са важни следните ориентири: възраст: 50 г.. Провери ги и в описанието на конкретния продукт. Когато избираш подарък за жена над 50, възрастта е само ориентир — интересите, поводът и практичността дават по-полезен контекст. | Преди да избереш подарък Прочети още Провери предназначението, варианта и информацията от бранда. Запази подходящите предложения, за да ги сравниш спокойно.","подарък за жена над 50 [EXACT] · подаръци за жена на 50 [SEMANTIC/GRAMMATICAL] · идеи за подарък на жена на 50 [SEMANTIC/GRAMMATICAL]","","подарък за жена над 50","подаръци за жена на 50 · идеи за подарък на жена на 50","100.0","PRIMARY H1=EXACT; TITLE=EXACT; CONTENT=EXACT Cluster coverage 100.0%. Priority: LOW — no material gap. Rendered page is indexable."
"подарък за жена на 60","","/podarak-za-zhena-na-60/","CREATE","Подарък за жена на 60","Подарък за жена на 60 – идеи според възрастта | Българитъм","Открий продукти в селекцията „Подарък за жена на 60“. Селекцията е насочена към получател: жена; възраст: 60 години.","„Подарък за жена на 60“ събира идеи, насочени към конкретен получател, възраст или повод. Помисли за повода, интересите и практичността на подаръка, а после отвори продукта за точните му характеристики.","Избор според човека и повода Прочети още Полезният избор започва от получателя и повода. Сравни предназначението, персонализацията и реалните продуктови детайли, когато са налични. За тази селекция са важни следните ориентири: възраст: 60 г.. Провери ги и в описанието на конкретния продукт. | Преди да избереш подарък Прочети още Провери предназначението, варианта и информацията от бранда. Запази подходящите предложения, за да ги сравниш спокойно.","","","","","","PRIMARY H1=EXACT; TITLE=EXACT; CONTENT=EXACT No original cluster keywords for this input row. Priority: LOW — no material gap. Rendered page is indexable."
"подарък за жена на 70","подарък за 70 годишен юбилей жена · подарък за 70 годишен юбилей за жена · идеи за подарък за 70 годишен юбилей на жена","/podarak-za-70-godishen-yubiley-na-zhena/","CREATE","Подарък за жена на 70","Подарък за жена на 70 – идеи според възрастта | Българитъм","Сравни предложения в категорията „Подарък за жена на 70“. Селекцията е насочена към получател: жена; възраст: 70 години.","„Подарък за жена на 70“ събира идеи, насочени към конкретен получател, възраст или повод. Помисли за повода, интересите и практичността на подаръка, а после отвори продукта за точните му характеристики.","Избор според човека и повода Прочети още Полезният избор започва от получателя и повода. Сравни предназначението, персонализацията и реалните продуктови детайли, когато са налични. За тази селекция са важни следните ориентири: възраст: 70 г.. Провери ги и в описанието на конкретния продукт. При подарък за 70-годишен юбилей на жена съобрази личните интереси, удобството и повода. Идеи за подарък за 70 годишен юбилей на жена са по-полезни, когато отчитат конкретния човек. | Преди да избереш подарък Прочети още Провери предназначението, варианта и информацията от бранда. Запази подходящите предложения, за да ги сравниш спокойно.","идеи за подарък за 70 годишен юбилей на жена [EXACT] · подарък за 70 годишен юбилей жена [SEMANTIC/GRAMMATICAL] · подарък за 70 годишен юбилей за жена [SEMANTIC/GRAMMATICAL]","","идеи за подарък за 70 годишен юбилей на жена","подарък за 70 годишен юбилей жена · подарък за 70 годишен юбилей за жена","100.0","PRIMARY H1=EXACT; TITLE=EXACT; CONTENT=EXACT Cluster coverage 100.0%. Priority: LOW — no material gap. Rendered page is indexable."
"подарък за жена на 80","подарък за 80 годишен юбилей на жена","/podarak-za-80-godishen-yubiley-zhena/","CREATE","Подарък за жена на 80","Подарък за жена на 80 – идеи според възрастта | Българитъм","Прегледай селекцията „Подарък за жена на 80“ от български брандове. Селекцията е насочена към получател: жена; възраст: 80 години.","„Подарък за жена на 80“ събира идеи, насочени към конкретен получател, възраст или повод. Помисли за повода, интересите и практичността на подаръка, а после отвори продукта за точните му характеристики.","Избор според човека и повода Прочети още Полезният избор започва от получателя и повода. Сравни предназначението, персонализацията и реалните продуктови детайли, когато са налични. За тази селекция са важни следните ориентири: възраст: 80 г.. Провери ги и в описанието на конкретния продукт. Подарък за 80-годишен юбилей на жена може да бъде избран според интересите, семейния контекст и това дали ще носи практична или емоционална стойност. | Преди да избереш подарък Прочети още Провери предназначението, варианта и информацията от бранда. Запази подходящите предложения, за да ги сравниш спокойно.","подарък за 80 годишен юбилей на жена [EXACT]","","подарък за 80 годишен юбилей на жена","","100.0","PRIMARY H1=EXACT; TITLE=EXACT; CONTENT=EXACT Cluster coverage 100.0%. Priority: LOW — no material gap. Rendered page is indexable."
"подарък за жена спортист","","/podarak-za-zhena-sportist/","CREATE","Подарък за жена спортист","Подарък за жена спортист – идеи според получателя","Разгледай подарък за жена спортист от български брандове. Селекцията е насочена към получател: жена.","„Подарък за жена спортист“ събира идеи, насочени към конкретен получател, възраст или повод. Помисли за повода, интересите и практичността на подаръка, а после отвори продукта за точните му характеристики.","Избор според човека и повода Прочети още Полезният избор започва от получателя и повода. Сравни предназначението, персонализацията и реалните продуктови детайли, когато са налични. За тази селекция са важни следните ориентири: интерес: спортист. Провери ги и в описанието на конкретния продукт. | Преди да избереш подарък Прочети още Провери предназначението, варианта и информацията от бранда. Запази подходящите предложения, за да ги сравниш спокойно.","","","","","","PRIMARY H1=EXACT; TITLE=EXACT; CONTENT=EXACT No original cluster keywords for this input row. Priority: LOW — no material gap. Rendered page is indexable."
"подарък за учителка","","/luksozen-podarak-za-uchitelka/","CREATE","Подарък за учителка","Подарък за учителка – идеи според получателя | Българитъм","Открий подарък за учителка на едно място. Селекцията е насочена към получател: жена.","„Подарък за учителка“ събира идеи, насочени към конкретен получател, възраст или повод. Помисли за повода, интересите и практичността на подаръка, а после отвори продукта за точните му характеристики.","Избор според човека и повода Прочети още Полезният избор започва от получателя и повода. Сравни предназначението, персонализацията и реалните продуктови детайли, когато са налични. За тази селекция са важни следните ориентири: интерес: учителка. Провери ги и в описанието на конкретния продукт. | Преди да избереш подарък Прочети още Провери предназначението, варианта и информацията от бранда. Запази подходящите предложения, за да ги сравниш спокойно.","","","","","","PRIMARY H1=EXACT; TITLE=EXACT; CONTENT=EXACT No original cluster keywords for this input row. Priority: LOW — no material gap. Rendered page is indexable."
"практичен подарък за жена","","/praktichen-podarak-za-zhena/","CREATE","Практичен подарък за жена","Практичен подарък за жена – идеи според получателя","Практичен подарък за жена в подредена продуктова селекция. Селекцията е насочена към получател: жена.","„Практичен подарък за жена“ събира идеи, насочени към конкретен получател, възраст или повод. Помисли за повода, интересите и практичността на подаръка, а после отвори продукта за точните му характеристики.","Избор според човека и повода Прочети още Полезният избор започва от получателя и повода. Сравни предназначението, персонализацията и реалните продуктови детайли, когато са налични. Използвай наличните характеристики като отправна точка и провери подробностите за конкретното предложение. | Преди да избереш подарък Прочети още Провери предназначението, варианта и информацията от бранда. Запази подходящите предложения, за да ги сравниш спокойно.","","","","","","PRIMARY H1=EXACT; TITLE=EXACT; CONTENT=EXACT No original cluster keywords for this input row. Priority: LOW — no material gap. Rendered page is indexable."
"романтичен подарък за жена","романтични подаръци за жена","/romantichen-podarak-za-zhena/","CREATE","Романтичен подарък за жена","Романтичен подарък за жена – идеи според получателя","Търсиш романтичен подарък за жена? Селекцията е насочена към получател: жена.","„Романтичен подарък за жена“ събира идеи, насочени към конкретен получател, възраст или повод. Помисли за повода, интересите и практичността на подаръка, а после отвори продукта за точните му характеристики.","Избор според човека и повода Прочети още Полезният избор започва от получателя и повода. Сравни предназначението, персонализацията и реалните продуктови детайли, когато са налични. Използвай наличните характеристики като отправна точка и провери подробностите за конкретното предложение. | Преди да избереш подарък Прочети още Провери предназначението, варианта и информацията от бранда. Запази подходящите предложения, за да ги сравниш спокойно.","романтични подаръци за жена [SEMANTIC/GRAMMATICAL]","","","романтични подаръци за жена","100.0","PRIMARY H1=EXACT; TITLE=EXACT; CONTENT=EXACT Cluster coverage 100.0%. Priority: LOW — no material gap. Rendered page is indexable."
"забавен подарък за мъж","забавни подаръци за мъж · смешен подарък за мъж · шеговит подарък за мъж · закачлив подарък за мъж · майтапчийски подарък за мъж · шантави подаръци за мъже","/zabaven-podarak-za-mazh/","CREATE","Забавен подарък за мъж","Забавен подарък за мъж – идеи според получателя | Българитъм","Виж предложения за забавен подарък за мъж. Селекцията е насочена към получател: мъж.","„Забавен подарък за мъж“ събира идеи, насочени към конкретен получател, възраст или повод. Помисли за повода, интересите и практичността на подаръка, а после отвори продукта за точните му характеристики.","Избор според човека и повода Прочети още Полезният избор започва от получателя и повода. Сравни предназначението, персонализацията и реалните продуктови детайли, когато са налични. Използвай наличните характеристики като отправна точка и провери подробностите за конкретното предложение. | Преди да избереш подарък Прочети още Провери предназначението, варианта и информацията от бранда. Запази подходящите предложения, за да ги сравниш спокойно.","забавни подаръци за мъж [SEMANTIC/GRAMMATICAL] · смешен подарък за мъж [SEMANTIC/GRAMMATICAL] · шеговит подарък за мъж [SEMANTIC/GRAMMATICAL] · закачлив подарък за мъж [SEMANTIC/GRAMMATICAL] · майтапчийски подарък за мъж [SEMANTIC/GRAMMATICAL] · шантави подаръци за мъже [SEMANTIC/GRAMMATICAL]","","","забавни подаръци за мъж · смешен подарък за мъж · шеговит подарък за мъж · закачлив подарък за мъж · майтапчийски подарък за мъж · шантави подаръци за мъже","100.0","PRIMARY H1=EXACT; TITLE=EXACT; CONTENT=EXACT Cluster coverage 100.0%. Priority: LOW — no material gap. Rendered page is indexable."
"коледен подарък за мъж","подарък за коледа на мъж · подарък за мъж за коледа · идеи за коледен подарък за мъж · коледен подарък за мъже · коледни подаръци за мъж · подаръци за мъже за коледа","/koleden-podarak-za-mazh/","REUSE","Коледен подарък за мъж","Коледен подарък за мъж – идеи за конкретния повод","Ориентирай се сред предложенията за коледен подарък за мъж. Селекцията е насочена към получател: мъж; повод: коледа.","„Коледен подарък за мъж“ събира идеи, насочени към конкретен получател, възраст или повод. Помисли за повода, интересите и практичността на подаръка, а после отвори продукта за точните му характеристики.","Избор според човека и повода Прочети още Полезният избор започва от получателя и повода. Сравни предназначението, персонализацията и реалните продуктови детайли, когато са налични. За тази селекция са важни следните ориентири: повод: коледа. Провери ги и в описанието на конкретния продукт. | Преди да избереш подарък Прочети още Провери предназначението, варианта и информацията от бранда. Запази подходящите предложения, за да ги сравниш спокойно.","подарък за коледа на мъж [SEMANTIC/GRAMMATICAL] · подарък за мъж за коледа [SEMANTIC/GRAMMATICAL] · идеи за коледен подарък за мъж [SEMANTIC/GRAMMATICAL] · коледен подарък за мъже [SEMANTIC/GRAMMATICAL] · коледни подаръци за мъж [SEMANTIC/GRAMMATICAL] · подаръци за мъже за коледа [SEMANTIC/GRAMMATICAL]","","","подарък за коледа на мъж · подарък за мъж за коледа · идеи за коледен подарък за мъж · коледен подарък за мъже · коледни подаръци за мъж · подаръци за мъже за коледа","100.0","PRIMARY H1=EXACT; TITLE=EXACT; CONTENT=EXACT Cluster coverage 100.0%. Priority: LOW — no material gap. Rendered page is indexable."
"персонализиран подарък за мъж","персонализирани подаръци за мъж · гравиран подарък за мъж · гравирани подаръци за мъж · персонален подарък за мъж · персонални подаръци за мъж · подарък със снимка за мъж","/personaliziran-podarak-za-mazh/","CREATE","Персонализиран подарък за мъж","Персонализиран подарък за мъж – идеи според получателя","Селекция за персонализиран подарък за мъж от български брандове. Селекцията е насочена към получател: мъж.","„Персонализиран подарък за мъж“ събира идеи, насочени към конкретен получател, възраст или повод. Помисли за повода, интересите и практичността на подаръка, а после отвори продукта за точните му характеристики.","Избор според човека и повода Прочети още Полезният избор започва от получателя и повода. Сравни предназначението, персонализацията и реалните продуктови детайли, когато са налични. Използвай наличните характеристики като отправна точка и провери подробностите за конкретното предложение. Гравиран подарък за мъж или подарък със снимка за мъж изисква проверка на възможностите за персонализация, срока за изработка и начина, по който ще изглежда крайният вариант. | Преди да избереш подарък Прочети още Провери предназначението, варианта и информацията от бранда. Запази подходящите предложения, за да ги сравниш спокойно.","гравиран подарък за мъж [EXACT] · подарък със снимка за мъж [EXACT] · персонализирани подаръци за мъж [SEMANTIC/GRAMMATICAL] · гравирани подаръци за мъж [SEMANTIC/GRAMMATICAL] · персонален подарък за мъж [SEMANTIC/GRAMMATICAL] · персонални подаръци за мъж [SEMANTIC/GRAMMATICAL]","","гравиран подарък за мъж · подарък със снимка за мъж","персонализирани подаръци за мъж · гравирани подаръци за мъж · персонален подарък за мъж · персонални подаръци за мъж","100.0","PRIMARY H1=EXACT; TITLE=EXACT; CONTENT=EXACT Cluster coverage 100.0%. Priority: LOW — no material gap. Rendered page is indexable."
"подарък за мъж за дипломиране","","/podarak-za-mazh-za-diplomirane/","CREATE","Подарък за мъж за дипломиране","Подарък за мъж за дипломиране – идеи за конкретния повод","Намери подарък за мъж за дипломиране и прегледай подробностите за всеки продукт. Селекцията е насочена към получател: мъж; повод: дипломиране.","„Подарък за мъж за дипломиране“ събира идеи, насочени към конкретен получател, възраст или повод. Помисли за повода, интересите и практичността на подаръка, а после отвори продукта за точните му характеристики.","Избор според човека и повода Прочети още Полезният избор започва от получателя и повода. Сравни предназначението, персонализацията и реалните продуктови детайли, когато са налични. За тази селекция са важни следните ориентири: повод: дипломиране. Провери ги и в описанието на конкретния продукт. | Преди да избереш подарък Прочети още Провери предназначението, варианта и информацията от бранда. Запази подходящите предложения, за да ги сравниш спокойно.","","","","","","PRIMARY H1=EXACT; TITLE=EXACT; CONTENT=EXACT No original cluster keywords for this input row. Priority: LOW — no material gap. Rendered page is indexable."
"подарък за мъж за пенсиониране","подарък за мъж за пенсиониране · идеи за подарък за пенсиониране на мъж · подарък за пенсионер мъж · подарък за пенсиониране за мъж","/podarak-za-pensionirane-na-mazh/","CREATE","Подарък за мъж за пенсиониране","Подарък за мъж за пенсиониране – идеи за конкретния повод","Разгледай темата „Подарък за мъж за пенсиониране“ и сравни подходящите предложения. Селекцията е насочена към получател: мъж; повод: пенсиониране.","„Подарък за мъж за пенсиониране“ събира идеи, насочени към конкретен получател, възраст или повод. Помисли за повода, интересите и практичността на подаръка, а после отвори продукта за точните му характеристики.","Избор според човека и повода Прочети още Полезният избор започва от получателя и повода. Сравни предназначението, персонализацията и реалните продуктови детайли, когато са налични. За тази селекция са важни следните ориентири: повод: пенсиониране. Провери ги и в описанието на конкретния продукт. | Преди да избереш подарък Прочети още Провери предназначението, варианта и информацията от бранда. Запази подходящите предложения, за да ги сравниш спокойно.","подарък за мъж за пенсиониране [EXACT] · идеи за подарък за пенсиониране на мъж [SEMANTIC/GRAMMATICAL] · подарък за пенсионер мъж [SEMANTIC/GRAMMATICAL] · подарък за пенсиониране за мъж [SEMANTIC/GRAMMATICAL]","","подарък за мъж за пенсиониране","идеи за подарък за пенсиониране на мъж · подарък за пенсионер мъж · подарък за пенсиониране за мъж","100.0","PRIMARY H1=EXACT; TITLE=EXACT; CONTENT=EXACT Cluster coverage 100.0%. Priority: LOW — no material gap. Rendered page is indexable."
"подарък за свети валентин за мъж","подарък за мъж за св валентин · подарък за мъж за свети валентин · подарък за мъж свети валентин · подарък за св валентин за мъж · свети валентин подарък за мъж · подаръци за мъж за свети валентин","/podarak-za-mazh-za-sveti-valentin/","REUSE","Подарък за свети валентин за мъж","Подарък за свети валентин за мъж – идеи за конкретния повод","Открий продукти в селекцията „Подарък за свети валентин за мъж“. Селекцията е насочена към получател: мъж; повод: свети валентин.","„Подарък за свети валентин за мъж“ събира идеи, насочени към конкретен получател, възраст или повод. Помисли за повода, интересите и практичността на подаръка, а после отвори продукта за точните му характеристики.","Избор според човека и повода Прочети още Полезният избор започва от получателя и повода. Сравни предназначението, персонализацията и реалните продуктови детайли, когато са налични. За тази селекция са важни следните ориентири: повод: свети валентин. Провери ги и в описанието на конкретния продукт. При подарък за мъж за Св. Валентин съобрази отношенията и личния му стил. Подарък за Св. Валентин за мъж не е задължително да бъде традиционно романтичен, ако интересите му насочват към друг избор. | Преди да избереш подарък Прочети още Провери предназначението, варианта и информацията от бранда. Запази подходящите предложения, за да ги сравниш спокойно.","подарък за мъж за св валентин [EXACT] · подарък за св валентин за мъж [EXACT] · подарък за мъж за свети валентин [SEMANTIC/GRAMMATICAL] · подарък за мъж свети валентин [SEMANTIC/GRAMMATICAL] · свети валентин подарък за мъж [SEMANTIC/GRAMMATICAL] · подаръци за мъж за свети валентин [SEMANTIC/GRAMMATICAL]","","подарък за мъж за св валентин · подарък за св валентин за мъж","подарък за мъж за свети валентин · подарък за мъж свети валентин · свети валентин подарък за мъж · подаръци за мъж за свети валентин","100.0","PRIMARY H1=EXACT; TITLE=EXACT; CONTENT=EXACT Cluster coverage 100.0%. Priority: LOW — no material gap. Rendered page is indexable."
"подарък за имен ден на мъж","подарък за имен ден за мъж · подарък за имен ден мъж · идеи за подарък за имен ден на мъж · подаръци за имен ден на мъж","/podarak-za-mazh-za-imen-den/","REUSE","Подарък за имен ден на мъж","Подарък за имен ден на мъж – идеи за конкретния повод","Сравни предложения в категорията „Подарък за имен ден на мъж“. Селекцията е насочена към получател: мъж; повод: имен ден.","„Подарък за имен ден на мъж“ събира идеи, насочени към конкретен получател, възраст или повод. Помисли за повода, интересите и практичността на подаръка, а после отвори продукта за точните му характеристики.","Избор според човека и повода Прочети още Полезният избор започва от получателя и повода. Сравни предназначението, персонализацията и реалните продуктови детайли, когато са налични. За тази селекция са важни следните ориентири: повод: имен ден. Провери ги и в описанието на конкретния продукт. | Преди да избереш подарък Прочети още Провери предназначението, варианта и информацията от бранда. Запази подходящите предложения, за да ги сравниш спокойно.","подарък за имен ден за мъж [SEMANTIC/GRAMMATICAL] · подарък за имен ден мъж [SEMANTIC/GRAMMATICAL] · идеи за подарък за имен ден на мъж [SEMANTIC/GRAMMATICAL] · подаръци за имен ден на мъж [SEMANTIC/GRAMMATICAL]","","","подарък за имен ден за мъж · подарък за имен ден мъж · идеи за подарък за имен ден на мъж · подаръци за имен ден на мъж","100.0","PRIMARY H1=EXACT; TITLE=EXACT; CONTENT=EXACT Cluster coverage 100.0%. Priority: LOW — no material gap. Rendered page is indexable."
"подарък за мъж за рожден ден","подарък за рожден ден на мъж · подаръци за мъже за рожден ден · оригинални подаръци за рожден ден на мъж · оригинален подарък за рожден ден на мъж · подарък за рожден ден за мъж · подарък за рожден ден мъж · подарък на мъж за рожден ден","/podarak-za-mazh-za-rozhden-den/","REUSE","Подарък за мъж за рожден ден","Подарък за мъж за рожден ден – идеи за конкретния повод","Прегледай селекцията „Подарък за мъж за рожден ден“ от български брандове. Селекцията е насочена към получател: мъж; повод: рожден ден.","„Подарък за мъж за рожден ден“ събира идеи, насочени към конкретен получател, възраст или повод. Помисли за повода, интересите и практичността на подаръка, а после отвори продукта за точните му характеристики.","Избор според човека и повода Прочети още Полезният избор започва от получателя и повода. Сравни предназначението, персонализацията и реалните продуктови детайли, когато са налични. За тази селекция са важни следните ориентири: повод: рожден ден. Провери ги и в описанието на конкретния продукт. Оригинален подарък за рожден ден на мъж не означава непременно необичаен предмет — персоналният контекст, интересите и начинът на поднасяне често правят оригиналните подаръци по-смислени. | Преди да избереш подарък Прочети още Провери предназначението, варианта и информацията от бранда. Запази подходящите предложения, за да ги сравниш спокойно.","подарък за рожден ден на мъж [EXACT] · оригинален подарък за рожден ден на мъж [EXACT] · подаръци за мъже за рожден ден [SEMANTIC/GRAMMATICAL] · оригинални подаръци за рожден ден на мъж [SEMANTIC/GRAMMATICAL] · подарък за рожден ден за мъж [SEMANTIC/GRAMMATICAL] · подарък за рожден ден мъж [SEMANTIC/GRAMMATICAL] · подарък на мъж за рожден ден [SEMANTIC/GRAMMATICAL]","","подарък за рожден ден на мъж · оригинален подарък за рожден ден на мъж","подаръци за мъже за рожден ден · оригинални подаръци за рожден ден на мъж · подарък за рожден ден за мъж · подарък за рожден ден мъж · подарък на мъж за рожден ден","100.0","PRIMARY H1=EXACT; TITLE=EXACT; CONTENT=EXACT Cluster coverage 100.0%. Priority: LOW — no material gap. Rendered page is indexable."
"подарък за мъж кулинар","","/podarak-za-kulinar-mazh/","CREATE","Подарък за мъж кулинар","Подарък за мъж кулинар – идеи според получателя | Българитъм","Разгледай подарък за мъж кулинар от български брандове. Селекцията е насочена към получател: мъж.","„Подарък за мъж кулинар“ събира идеи, насочени към конкретен получател, възраст или повод. Помисли за повода, интересите и практичността на подаръка, а после отвори продукта за точните му характеристики.","Избор според човека и повода Прочети още Полезният избор започва от получателя и повода. Сравни предназначението, персонализацията и реалните продуктови детайли, когато са налични. За тази селекция са важни следните ориентири: интерес: кулинар. Провери ги и в описанието на конкретния продукт. | Преди да избереш подарък Прочети още Провери предназначението, варианта и информацията от бранда. Запази подходящите предложения, за да ги сравниш спокойно.","","","","","","PRIMARY H1=EXACT; TITLE=EXACT; CONTENT=EXACT No original cluster keywords for this input row. Priority: LOW — no material gap. Rendered page is indexable."
"подарък за мъж ловец","подарък за мъж ловджия","/podarak-za-lovets-mazh/","CREATE","Подарък за мъж ловец","Подарък за мъж ловец – идеи според получателя | Българитъм","Открий подарък за мъж ловец на едно място. Селекцията е насочена към получател: мъж.","„Подарък за мъж ловец“ събира идеи, насочени към конкретен получател, възраст или повод. Помисли за повода, интересите и практичността на подаръка, а после отвори продукта за точните му характеристики.","Избор според човека и повода Прочети още Полезният избор започва от получателя и повода. Сравни предназначението, персонализацията и реалните продуктови детайли, когато са налични. За тази селекция са важни следните ориентири: интерес: ловец. Провери ги и в описанието на конкретния продукт. | Преди да избереш подарък Прочети още Провери предназначението, варианта и информацията от бранда. Запази подходящите предложения, за да ги сравниш спокойно.","подарък за мъж ловджия [SEMANTIC/GRAMMATICAL]","","","подарък за мъж ловджия","100.0","PRIMARY H1=EXACT; TITLE=EXACT; CONTENT=EXACT Cluster coverage 100.0%. Priority: LOW — no material gap. Rendered page is indexable."
"подарък за мъж на 20","подарък за мъж на 20","/podarak-za-20-godishen-mazh/","CREATE","Подарък за мъж на 20","Подарък за мъж на 20 – идеи според възрастта | Българитъм","Подарък за мъж на 20 в подредена продуктова селекция. Селекцията е насочена към получател: мъж; възраст: 20 години.","„Подарък за мъж на 20“ събира идеи, насочени към конкретен получател, възраст или повод. Помисли за повода, интересите и практичността на подаръка, а после отвори продукта за точните му характеристики.","Избор според човека и повода Прочети още Полезният избор започва от получателя и повода. Сравни предназначението, персонализацията и реалните продуктови детайли, когато са налични. За тази селекция са важни следните ориентири: възраст: 20 г.. Провери ги и в описанието на конкретния продукт. | Преди да избереш подарък Прочети още Провери предназначението, варианта и информацията от бранда. Запази подходящите предложения, за да ги сравниш спокойно.","подарък за мъж на 20 [EXACT]","","подарък за мъж на 20","","100.0","PRIMARY H1=EXACT; TITLE=EXACT; CONTENT=EXACT Cluster coverage 100.0%. Priority: LOW — no material gap. Rendered page is indexable."
"подарък за мъж на 25","подарък за мъж на 25","/podarak-za-25-godishen-mazh/","CREATE","Подарък за мъж на 25","Подарък за мъж на 25 – идеи според възрастта | Българитъм","Търсиш подарък за мъж на 25? Селекцията е насочена към получател: мъж; възраст: 25 години.","„Подарък за мъж на 25“ събира идеи, насочени към конкретен получател, възраст или повод. Помисли за повода, интересите и практичността на подаръка, а после отвори продукта за точните му характеристики.","Избор според човека и повода Прочети още Полезният избор започва от получателя и повода. Сравни предназначението, персонализацията и реалните продуктови детайли, когато са налични. За тази селекция са важни следните ориентири: възраст: 25 г.. Провери ги и в описанието на конкретния продукт. | Преди да избереш подарък Прочети още Провери предназначението, варианта и информацията от бранда. Запази подходящите предложения, за да ги сравниш спокойно.","подарък за мъж на 25 [EXACT]","","подарък за мъж на 25","","100.0","PRIMARY H1=EXACT; TITLE=EXACT; CONTENT=EXACT Cluster coverage 100.0%. Priority: LOW — no material gap. Rendered page is indexable."
"подарък за мъж на 30","подарък 30 години мъж · подарък за 30 години мъж · подарък за 30 годишен мъж · подарък за 30 годишнина на мъж · подарък за 30 рожден ден на мъж · подарък за юбилей 30 години мъж · подарък за юбилей 30 мъж · подарък за юбилей на мъж 30 · подарък мъж 30 години","/podarak-za-30-godishnina-na-mazh/","CREATE","Подарък за мъж на 30","Подарък за мъж на 30 – идеи според възрастта | Българитъм","Виж предложения за подарък за мъж на 30. Селекцията е насочена към получател: мъж; възраст: 30 години.","„Подарък за мъж на 30“ събира идеи, насочени към конкретен получател, възраст или повод. Помисли за повода, интересите и практичността на подаръка, а после отвори продукта за точните му характеристики.","Избор според човека и повода Прочети още Полезният избор започва от получателя и повода. Сравни предназначението, персонализацията и реалните продуктови детайли, когато са налични. За тази селекция са важни следните ориентири: възраст: 30 г.. Провери ги и в описанието на конкретния продукт. При подарък за 30-и рожден ден на мъж или подарък за юбилей на мъж на 30 години използвай възрастта като контекст, но избирай според интересите и начина му на живот. | Преди да избереш подарък Прочети още Провери предназначението, варианта и информацията от бранда. Запази подходящите предложения, за да ги сравниш спокойно.","подарък 30 години мъж [SEMANTIC/GRAMMATICAL] · подарък за 30 години мъж [SEMANTIC/GRAMMATICAL] · подарък за 30 годишен мъж [SEMANTIC/GRAMMATICAL] · подарък за 30 годишнина на мъж [SEMANTIC/GRAMMATICAL] · подарък за 30 рожден ден на мъж [SEMANTIC/GRAMMATICAL] · подарък за юбилей 30 години мъж [SEMANTIC/GRAMMATICAL] · подарък за юбилей 30 мъж [SEMANTIC/GRAMMATICAL] · подарък за юбилей на мъж 30 [SEMANTIC/GRAMMATICAL] · подарък мъж 30 години [SEMANTIC/GRAMMATICAL]","","","подарък 30 години мъж · подарък за 30 години мъж · подарък за 30 годишен мъж · подарък за 30 годишнина на мъж · подарък за 30 рожден ден на мъж · подарък за юбилей 30 години мъж · подарък за юбилей 30 мъж · подарък за юбилей на мъж 30 · подарък мъж 30 години","100.0","PRIMARY H1=EXACT; TITLE=EXACT; CONTENT=EXACT Cluster coverage 100.0%. Priority: LOW — no material gap. Rendered page is indexable."
"подарък за мъж на 40","подарък за мъж на 40 · подарък за 40 годишен мъж*","/podarak-za-40-godishnina-na-mazh/","CREATE","Подарък за мъж на 40","Подарък за мъж на 40 – идеи според възрастта | Българитъм","Ориентирай се сред предложенията за подарък за мъж на 40. Селекцията е насочена към получател: мъж; възраст: 40 години.","„Подарък за мъж на 40“ събира идеи, насочени към конкретен получател, възраст или повод. Помисли за повода, интересите и практичността на подаръка, а после отвори продукта за точните му характеристики.","Избор според човека и повода Прочети още Полезният избор започва от получателя и повода. Сравни предназначението, персонализацията и реалните продуктови детайли, когато са налични. За тази селекция са важни следните ориентири: възраст: 40 г.. Провери ги и в описанието на конкретния продукт. | Преди да избереш подарък Прочети още Провери предназначението, варианта и информацията от бранда. Запази подходящите предложения, за да ги сравниш спокойно.","подарък за мъж на 40 [EXACT] · подарък за 40 годишен мъж* [SEMANTIC/GRAMMATICAL]","","подарък за мъж на 40","подарък за 40 годишен мъж*","100.0","PRIMARY H1=EXACT; TITLE=EXACT; CONTENT=EXACT Cluster coverage 100.0%. Priority: LOW — no material gap. Rendered page is indexable."
"подарък за 50 годишнина на мъж","подарък за 50 годишен юбилей на мъж · подарък за мъж на 50 · подарък за мъж 50 години · подарък за мъж 50 годишнина · подарък за юбилей на мъж 50 · подаръци за 50 годишен юбилей на мъж — 500 + всички 50-volume формулировки за 50 години","/podarak-za-mazh-na-50/","REUSE","Подарък за 50 годишнина на мъж","Подарък за 50 годишнина на мъж – идеи според възрастта","Селекция за подарък за 50 годишнина на мъж от български брандове. Селекцията е насочена към получател: мъж; възраст: 50 години.","„Подарък за 50 годишнина на мъж“ събира идеи, насочени към конкретен получател, възраст или повод. Помисли за повода, интересите и практичността на подаръка, а после отвори продукта за точните му характеристики.","Избор според човека и повода Прочети още Полезният избор започва от получателя и повода. Сравни предназначението, персонализацията и реалните продуктови детайли, когато са налични. За тази селекция са важни следните ориентири: възраст: 50 г.. Провери ги и в описанието на конкретния продукт. Подарък за 50-годишен юбилей на мъж може да бъде практичен, персонализиран или свързан с негово занимание. При подарък за юбилей на мъж на 50 години интересите са по-надежден ориентир от възрастта сама по себе си. | Преди да избереш подарък Прочети още Провери предназначението, варианта и информацията от бранда. Запази подходящите предложения, за да ги сравниш спокойно.","подарък за 50 годишен юбилей на мъж [EXACT] · подарък за мъж на 50 [SEMANTIC/GRAMMATICAL] · подарък за мъж 50 години [SEMANTIC/GRAMMATICAL] · подарък за мъж 50 годишнина [SEMANTIC/GRAMMATICAL] · подарък за юбилей на мъж 50 [SEMANTIC/GRAMMATICAL]","подаръци за 50 годишен юбилей на мъж — 500 + всички 50-volume формулировки за 50 години","подарък за 50 годишен юбилей на мъж","подарък за мъж на 50 · подарък за мъж 50 години · подарък за мъж 50 годишнина · подарък за юбилей на мъж 50","83.3","PRIMARY H1=EXACT; TITLE=EXACT; CONTENT=EXACT Cluster coverage 83.3%. Priority: LOW. Rendered page is indexable."
"подарък за мъж на 60","подарък за мъж 60 годишен юбилей · подаръци за 60 годишен юбилей мъж · подарък за 60 годишен юбилей за мъж · подарък за 60 годишен юбилей на мъж · подарък за мъж за 60 годишен юбилей · идеи за подарък за 60 годишен юбилей на мъж","/podarak-za-60-godishen-yubiley-mazh/","CREATE","Подарък за мъж на 60","Подарък за мъж на 60 – идеи според възрастта | Българитъм","Намери подарък за мъж на 60 и прегледай подробностите за всеки продукт. Селекцията е насочена към получател: мъж; възраст: 60 години.","„Подарък за мъж на 60“ събира идеи, насочени към конкретен получател, възраст или повод. Помисли за повода, интересите и практичността на подаръка, а после отвори продукта за точните му характеристики.","Избор според човека и повода Прочети още Полезният избор започва от получателя и повода. Сравни предназначението, персонализацията и реалните продуктови детайли, когато са налични. За тази селекция са важни следните ориентири: възраст: 60 г.. Провери ги и в описанието на конкретния продукт. При подарък за 60-годишен юбилей на мъж съобрази интересите, ежедневието и значението на повода. Идеи за подарък за 60 годишен юбилей на мъж са по-полезни, когато отразяват конкретния човек. | Преди да избереш подарък Прочети още Провери предназначението, варианта и информацията от бранда. Запази подходящите предложения, за да ги сравниш спокойно.","подарък за 60 годишен юбилей на мъж [EXACT] · идеи за подарък за 60 годишен юбилей на мъж [EXACT] · подарък за мъж 60 годишен юбилей [SEMANTIC/GRAMMATICAL] · подаръци за 60 годишен юбилей мъж [SEMANTIC/GRAMMATICAL] · подарък за 60 годишен юбилей за мъж [SEMANTIC/GRAMMATICAL] · подарък за мъж за 60 годишен юбилей [SEMANTIC/GRAMMATICAL]","","подарък за 60 годишен юбилей на мъж · идеи за подарък за 60 годишен юбилей на мъж","подарък за мъж 60 годишен юбилей · подаръци за 60 годишен юбилей мъж · подарък за 60 годишен юбилей за мъж · подарък за мъж за 60 годишен юбилей","100.0","PRIMARY H1=EXACT; TITLE=EXACT; CONTENT=EXACT Cluster coverage 100.0%. Priority: LOW — no material gap. Rendered page is indexable."
"подарък за мъж на 70","подарък за юбилей на мъж 70 години · подарък за мъж на 70 години · подарък за 70 годишнина на мъж — 50 + близките variants","/podarak-za-70-godishnina-na-mazh/","CREATE","Подарък за мъж на 70","Подарък за мъж на 70 – идеи според възрастта | Българитъм","Разгледай темата „Подарък за мъж на 70“ и сравни подходящите предложения. Селекцията е насочена към получател: мъж; възраст: 70 години.","„Подарък за мъж на 70“ събира идеи, насочени към конкретен получател, възраст или повод. Помисли за повода, интересите и практичността на подаръка, а после отвори продукта за точните му характеристики.","Избор според човека и повода Прочети още Полезният избор започва от получателя и повода. Сравни предназначението, персонализацията и реалните продуктови детайли, когато са налични. За тази селекция са важни следните ориентири: възраст: 70 г.. Провери ги и в описанието на конкретния продукт. Когато избираш подарък за юбилей на мъж на 70 години, съобрази удобството, интересите и семейния контекст на празника. | Преди да избереш подарък Прочети още Провери предназначението, варианта и информацията от бранда. Запази подходящите предложения, за да ги сравниш спокойно.","подарък за юбилей на мъж 70 години [SEMANTIC/GRAMMATICAL] · подарък за мъж на 70 години [SEMANTIC/GRAMMATICAL]","подарък за 70 годишнина на мъж — 50 + близките variants","","подарък за юбилей на мъж 70 години · подарък за мъж на 70 години","66.7","PRIMARY H1=EXACT; TITLE=EXACT; CONTENT=EXACT Cluster coverage 66.7%. Priority: MEDIUM. Rendered page is indexable."
"подарък за мъж на 80","подарък за 80 годишен мъж · подарък за 80 годишнина на мъж · подарък за юбилей 80 години мъж","/podarak-za-80-godishnina-na-mazh/","CREATE","Подарък за мъж на 80","Подарък за мъж на 80 – идеи според възрастта | Българитъм","Открий продукти в селекцията „Подарък за мъж на 80“. Селекцията е насочена към получател: мъж; възраст: 80 години.","„Подарък за мъж на 80“ събира идеи, насочени към конкретен получател, възраст или повод. Помисли за повода, интересите и практичността на подаръка, а после отвори продукта за точните му характеристики.","Избор според човека и повода Прочети още Полезният избор започва от получателя и повода. Сравни предназначението, персонализацията и реалните продуктови детайли, когато са налични. За тази селекция са важни следните ориентири: възраст: 80 г.. Провери ги и в описанието на конкретния продукт. При подарък за юбилей на мъж на 80 години практичността, личната история и начинът на поднасяне могат да бъдат по-важни от общите възрастови препоръки. | Преди да избереш подарък Прочети още Провери предназначението, варианта и информацията от бранда. Запази подходящите предложения, за да ги сравниш спокойно.","подарък за 80 годишен мъж [SEMANTIC/GRAMMATICAL] · подарък за 80 годишнина на мъж [SEMANTIC/GRAMMATICAL] · подарък за юбилей 80 години мъж [SEMANTIC/GRAMMATICAL]","","","подарък за 80 годишен мъж · подарък за 80 годишнина на мъж · подарък за юбилей 80 години мъж","100.0","PRIMARY H1=EXACT; TITLE=EXACT; CONTENT=EXACT Cluster coverage 100.0%. Priority: LOW — no material gap. Rendered page is indexable."
"подарък за мъж рибар","","/podarak-za-mazh-ribar/","CREATE","Подарък за мъж рибар","Подарък за мъж рибар – идеи според получателя | Българитъм","Сравни предложения в категорията „Подарък за мъж рибар“. Селекцията е насочена към получател: мъж.","„Подарък за мъж рибар“ събира идеи, насочени към конкретен получател, възраст или повод. Помисли за повода, интересите и практичността на подаръка, а после отвори продукта за точните му характеристики.","Избор според човека и повода Прочети още Полезният избор започва от получателя и повода. Сравни предназначението, персонализацията и реалните продуктови детайли, когато са налични. За тази селекция са важни следните ориентири: интерес: рибар. Провери ги и в описанието на конкретния продукт. | Преди да избереш подарък Прочети още Провери предназначението, варианта и информацията от бранда. Запази подходящите предложения, за да ги сравниш спокойно.","","","","","","PRIMARY H1=EXACT; TITLE=EXACT; CONTENT=EXACT No original cluster keywords for this input row. Priority: LOW — no material gap. Rendered page is indexable."
"подарък за мъж спортист","","/podarak-za-mazh-sportist/","CREATE","Подарък за мъж спортист","Подарък за мъж спортист – идеи според получателя","Прегледай селекцията „Подарък за мъж спортист“ от български брандове. Селекцията е насочена към получател: мъж.","„Подарък за мъж спортист“ събира идеи, насочени към конкретен получател, възраст или повод. Помисли за повода, интересите и практичността на подаръка, а после отвори продукта за точните му характеристики.","Избор според човека и повода Прочети още Полезният избор започва от получателя и повода. Сравни предназначението, персонализацията и реалните продуктови детайли, когато са налични. За тази селекция са важни следните ориентири: интерес: спортист. Провери ги и в описанието на конкретния продукт. | Преди да избереш подарък Прочети още Провери предназначението, варианта и информацията от бранда. Запази подходящите предложения, за да ги сравниш спокойно.","","","","","","PRIMARY H1=EXACT; TITLE=EXACT; CONTENT=EXACT No original cluster keywords for this input row. Priority: LOW — no material gap. Rendered page is indexable."
"практичен подарък за мъж","практичен подарък за мъж","/praktichen-podarak-za-mazh/","CREATE","Практичен подарък за мъж","Практичен подарък за мъж – идеи според получателя","Разгледай практичен подарък за мъж от български брандове. Селекцията е насочена към получател: мъж.","„Практичен подарък за мъж“ събира идеи, насочени към конкретен получател, възраст или повод. Помисли за повода, интересите и практичността на подаръка, а после отвори продукта за точните му характеристики.","Избор според човека и повода Прочети още Полезният избор започва от получателя и повода. Сравни предназначението, персонализацията и реалните продуктови детайли, когато са налични. Използвай наличните характеристики като отправна точка и провери подробностите за конкретното предложение. | Преди да избереш подарък Прочети още Провери предназначението, варианта и информацията от бранда. Запази подходящите предложения, за да ги сравниш спокойно.","практичен подарък за мъж [EXACT]","","практичен подарък за мъж","","100.0","PRIMARY H1=EXACT; TITLE=EXACT; CONTENT=EXACT Cluster coverage 100.0%. Priority: LOW — no material gap. Rendered page is indexable."
"романтичен подарък за мъж","романтични подаръци за мъж · романтични подаръци за мъже","/romantichen-podarak-za-mazh/","CREATE","Романтичен подарък за мъж","Романтичен подарък за мъж – идеи според получателя","Открий романтичен подарък за мъж на едно място. Селекцията е насочена към получател: мъж.","„Романтичен подарък за мъж“ събира идеи, насочени към конкретен получател, възраст или повод. Помисли за повода, интересите и практичността на подаръка, а после отвори продукта за точните му характеристики.","Избор според човека и повода Прочети още Полезният избор започва от получателя и повода. Сравни предназначението, персонализацията и реалните продуктови детайли, когато са налични. Използвай наличните характеристики като отправна точка и провери подробностите за конкретното предложение. | Преди да избереш подарък Прочети още Провери предназначението, варианта и информацията от бранда. Запази подходящите предложения, за да ги сравниш спокойно.","романтични подаръци за мъж [SEMANTIC/GRAMMATICAL] · романтични подаръци за мъже [SEMANTIC/GRAMMATICAL]","","","романтични подаръци за мъж · романтични подаръци за мъже","100.0","PRIMARY H1=EXACT; TITLE=EXACT; CONTENT=EXACT Cluster coverage 100.0%. Priority: LOW — no material gap. Rendered page is indexable."
"20 годишнина от сватба подарък","подарък за 20 годишнина от сватба","/20-godishnina-ot-svatba-podarak/","CREATE","20 годишнина от сватба подарък","20 годишнина от сватба подарък – идеи за конкретния повод","20 годишнина от сватба подарък в подредена продуктова селекция. Селекцията е насочена към повод: сватба.","„20 годишнина от сватба подарък“ събира идеи, насочени към конкретен получател, възраст или повод. Помисли за повода, интересите и практичността на подаръка, а после отвори продукта за точните му характеристики.","Избор според човека и повода Прочети още Полезният избор започва от получателя и повода. Сравни предназначението, персонализацията и реалните продуктови детайли, когато са налични. За тази селекция са важни следните ориентири: повод: сватба; годишнина: 20 годишнина. Провери ги и в описанието на конкретния продукт. | Преди да избереш подарък Прочети още Провери предназначението, варианта и информацията от бранда. Запази подходящите предложения, за да ги сравниш спокойно.","подарък за 20 годишнина от сватба [SEMANTIC/GRAMMATICAL]","","","подарък за 20 годишнина от сватба","100.0","PRIMARY H1=EXACT; TITLE=EXACT; CONTENT=EXACT Cluster coverage 100.0%. Priority: LOW — no material gap. Rendered page is indexable."
"подарък за 10 годишнина от сватба","10 годишнина от сватба подарък","/podarak-za-10-godishnina-ot-svatba/","CREATE","Подарък за 10 годишнина от сватба","Подарък за 10 годишнина от сватба – идеи за конкретния повод","Търсиш подарък за 10 годишнина от сватба? Селекцията е насочена към повод: сватба.","„Подарък за 10 годишнина от сватба“ събира идеи, насочени към конкретен получател, възраст или повод. Помисли за повода, интересите и практичността на подаръка, а после отвори продукта за точните му характеристики.","Избор според човека и повода Прочети още Полезният избор започва от получателя и повода. Сравни предназначението, персонализацията и реалните продуктови детайли, когато са налични. За тази селекция са важни следните ориентири: повод: сватба; годишнина: 10 годишнина. Провери ги и в описанието на конкретния продукт. | Преди да избереш подарък Прочети още Провери предназначението, варианта и информацията от бранда. Запази подходящите предложения, за да ги сравниш спокойно.","10 годишнина от сватба подарък [SEMANTIC/GRAMMATICAL]","","","10 годишнина от сватба подарък","100.0","PRIMARY H1=EXACT; TITLE=EXACT; CONTENT=EXACT Cluster coverage 100.0%. Priority: LOW — no material gap. Rendered page is indexable."
"подарък за 40 годишнина от сватба","","/podarak-za-40-godishnina-ot-svatba/","CREATE","Подарък за 40 годишнина от сватба","Подарък за 40 годишнина от сватба – идеи за конкретния повод","Виж предложения за подарък за 40 годишнина от сватба. Селекцията е насочена към повод: сватба.","„Подарък за 40 годишнина от сватба“ събира идеи, насочени към конкретен получател, възраст или повод. Помисли за повода, интересите и практичността на подаръка, а после отвори продукта за точните му характеристики.","Избор според човека и повода Прочети още Полезният избор започва от получателя и повода. Сравни предназначението, персонализацията и реалните продуктови детайли, когато са налични. За тази селекция са важни следните ориентири: повод: сватба; годишнина: 40 годишнина. Провери ги и в описанието на конкретния продукт. | Преди да избереш подарък Прочети още Провери предназначението, варианта и информацията от бранда. Запази подходящите предложения, за да ги сравниш спокойно.","","","","","","PRIMARY H1=EXACT; TITLE=EXACT; CONTENT=EXACT No original cluster keywords for this input row. Priority: LOW — no material gap. Rendered page is indexable."
"подарък за годишнина от сватба","идеи за подарък за годишнина от сватба · годишнина сватба подарък · подарък годишнина сватба · годишнина от сватба подарък · подарък годишнина от сватба · подарък за сватбена годишнина","/podarak-za-godishnina-ot-svatba/","CREATE","Подарък за годишнина от сватба","Подарък за годишнина от сватба – идеи за конкретния повод","Ориентирай се сред предложенията за подарък за годишнина от сватба. Селекцията е насочена към повод: сватба.","„Подарък за годишнина от сватба“ събира идеи, насочени към конкретен получател, възраст или повод. Помисли за повода, интересите и практичността на подаръка, а после отвори продукта за точните му характеристики.","Избор според човека и повода Прочети още Полезният избор започва от получателя и повода. Сравни предназначението, персонализацията и реалните продуктови детайли, когато са налични. За тази селекция са важни следните ориентири: повод: сватба; годишнина: обща годишнина. Провери ги и в описанието на конкретния продукт. | Преди да избереш подарък Прочети още Провери предназначението, варианта и информацията от бранда. Запази подходящите предложения, за да ги сравниш спокойно.","идеи за подарък за годишнина от сватба [SEMANTIC/GRAMMATICAL] · годишнина сватба подарък [SEMANTIC/GRAMMATICAL] · подарък годишнина сватба [SEMANTIC/GRAMMATICAL] · годишнина от сватба подарък [SEMANTIC/GRAMMATICAL] · подарък годишнина от сватба [SEMANTIC/GRAMMATICAL] · подарък за сватбена годишнина [SEMANTIC/GRAMMATICAL]","","","идеи за подарък за годишнина от сватба · годишнина сватба подарък · подарък годишнина сватба · годишнина от сватба подарък · подарък годишнина от сватба · подарък за сватбена годишнина","100.0","PRIMARY H1=EXACT; TITLE=EXACT; CONTENT=EXACT Cluster coverage 100.0%. Priority: LOW — no material gap. Rendered page is indexable."
"подарък за златна сватба","златна сватба подарък · подарък златна сватба · златни подаръци за сватба","/podarak-za-zlatna-svatba/","CREATE","Подарък за златна сватба","Подарък за златна сватба – идеи за конкретния повод","Селекция за подарък за златна сватба от български брандове. Селекцията е насочена към повод: сватба.","„Подарък за златна сватба“ събира идеи, насочени към конкретен получател, възраст или повод. Помисли за повода, интересите и практичността на подаръка, а после отвори продукта за точните му характеристики.","Избор според човека и повода Прочети още Полезният избор започва от получателя и повода. Сравни предназначението, персонализацията и реалните продуктови детайли, когато са налични. За тази селекция са важни следните ориентири: повод: сватба; годишнина: златна сватба. Провери ги и в описанието на конкретния продукт. | Преди да избереш подарък Прочети още Провери предназначението, варианта и информацията от бранда. Запази подходящите предложения, за да ги сравниш спокойно.","златна сватба подарък [SEMANTIC/GRAMMATICAL] · подарък златна сватба [SEMANTIC/GRAMMATICAL] · златни подаръци за сватба [SEMANTIC/GRAMMATICAL]","","","златна сватба подарък · подарък златна сватба · златни подаръци за сватба","100.0","PRIMARY H1=EXACT; TITLE=EXACT; CONTENT=EXACT Cluster coverage 100.0%. Priority: LOW — no material gap. Rendered page is indexable."
"подарък за перлена сватба","перлена сватба подарък","/podarak-za-perlena-svatba/","CREATE","Подарък за перлена сватба","Подарък за перлена сватба – идеи за конкретния повод","Намери подарък за перлена сватба и прегледай подробностите за всеки продукт. Селекцията е насочена към повод: сватба.","„Подарък за перлена сватба“ събира идеи, насочени към конкретен получател, възраст или повод. Помисли за повода, интересите и практичността на подаръка, а после отвори продукта за точните му характеристики.","Избор според човека и повода Прочети още Полезният избор започва от получателя и повода. Сравни предназначението, персонализацията и реалните продуктови детайли, когато са налични. За тази селекция са важни следните ориентири: повод: сватба; годишнина: перлена сватба. Провери ги и в описанието на конкретния продукт. | Преди да избереш подарък Прочети още Провери предназначението, варианта и информацията от бранда. Запази подходящите предложения, за да ги сравниш спокойно.","перлена сватба подарък [SEMANTIC/GRAMMATICAL]","","","перлена сватба подарък","100.0","PRIMARY H1=EXACT; TITLE=EXACT; CONTENT=EXACT Cluster coverage 100.0%. Priority: LOW — no material gap. Rendered page is indexable."
"подарък за първа годишнина от сватба","първа годишнина от сватба подарък","/podarak-za-parva-godishnina-ot-svatba/","CREATE","Подарък за първа годишнина от сватба","Подарък за първа годишнина от сватба – идеи за конкретния","Разгледай темата „Подарък за първа годишнина от сватба“ и сравни подходящите предложения. Селекцията е насочена към повод: сватба.","„Подарък за първа годишнина от сватба“ събира идеи, насочени към конкретен получател, възраст или повод. Помисли за повода, интересите и практичността на подаръка, а после отвори продукта за точните му характеристики.","Избор според човека и повода Прочети още Полезният избор започва от получателя и повода. Сравни предназначението, персонализацията и реалните продуктови детайли, когато са налични. За тази селекция са важни следните ориентири: повод: сватба; годишнина: първа годишнина. Провери ги и в описанието на конкретния продукт. | Преди да избереш подарък Прочети още Провери предназначението, варианта и информацията от бранда. Запази подходящите предложения, за да ги сравниш спокойно.","първа годишнина от сватба подарък [SEMANTIC/GRAMMATICAL]","","","първа годишнина от сватба подарък","100.0","PRIMARY H1=EXACT; TITLE=EXACT; CONTENT=EXACT Cluster coverage 100.0%. Priority: LOW — no material gap. Rendered page is indexable."
"подарък за сребърна сватба","подарък сребърна сватба · сребърна сватба подарък · сребърна сватба подаръци · подарък за сребърна сватба идеи","/podarak-za-srebarna-svatba/","CREATE","Подарък за сребърна сватба","Подарък за сребърна сватба – идеи за конкретния повод","Открий продукти в селекцията „Подарък за сребърна сватба“. Селекцията е насочена към повод: сватба.","„Подарък за сребърна сватба“ събира идеи, насочени към конкретен получател, възраст или повод. Помисли за повода, интересите и практичността на подаръка, а после отвори продукта за точните му характеристики.","Избор според човека и повода Прочети още Полезният избор започва от получателя и повода. Сравни предназначението, персонализацията и реалните продуктови детайли, когато са налични. За тази селекция са важни следните ориентири: повод: сватба; годишнина: сребърна сватба. Провери ги и в описанието на конкретния продукт. | Преди да избереш подарък Прочети още Провери предназначението, варианта и информацията от бранда. Запази подходящите предложения, за да ги сравниш спокойно.","подарък за сребърна сватба идеи [EXACT] · подарък сребърна сватба [SEMANTIC/GRAMMATICAL] · сребърна сватба подарък [SEMANTIC/GRAMMATICAL] · сребърна сватба подаръци [SEMANTIC/GRAMMATICAL]","","подарък за сребърна сватба идеи","подарък сребърна сватба · сребърна сватба подарък · сребърна сватба подаръци","100.0","PRIMARY H1=EXACT; TITLE=EXACT; CONTENT=EXACT Cluster coverage 100.0%. Priority: LOW — no material gap. Rendered page is indexable."
"бижута от медицинска стомана","бижута от неръждаема стомана · бижута от стомана · позлатени бижута от стомана","/bizhuta-ot-meditsinska-stomana/","REUSE","Бижута от медицинска стомана","Бижута от медицинска стомана – модели по вид и материал","Сравни предложения в категорията „Бижута от медицинска стомана“. Сравни наличните предложения и отвори продуктовите страници за подробности.","В „Бижута от медицинска стомана“ са събрани бижута според конкретния вид, материал, камък или декоративен детайл. Селекцията е фокусирана върху материя: медицинска стомана; отвори конкретния продукт, за да провериш всички негови характеристики.","Вид, материал и детайл Прочети още При бижутата разгледай отделно вида, материала, камъка и декоративния детайл. Те описват различни характеристики и не трябва да се заменят една с друга. За тази селекция са важни следните ориентири: материя: медицинска стомана. Провери ги и в описанието на конкретния продукт. Медицинска стомана, неръждаема стомана и позлатена стомана не са взаимозаменяеми понятия. При бижута от неръждаема стомана или позлатени бижута от стомана провери точния материал и вида на покритието. | Преди да избереш бижу Прочети още Провери предназначението, варианта и информацията от бранда. Запази подходящите предложения, за да ги сравниш спокойно.","бижута от неръждаема стомана [EXACT] · бижута от стомана [EXACT] · позлатени бижута от стомана [EXACT]","","бижута от неръждаема стомана · бижута от стомана · позлатени бижута от стомана","","100.0","PRIMARY H1=EXACT; TITLE=EXACT; CONTENT=EXACT Cluster coverage 100.0%. Priority: LOW — no material gap. Rendered page is indexable."
"бижута с диамант","бижута диаманти · диаманти бижута · диамантени бижута","/bizhuta-s-diamanti/","CREATE","Бижута с диамант","Бижута с диамант – бижута според камъка | Българитъм","Прегледай селекцията „Бижута с диамант“ от български брандове. Сравни наличните предложения и отвори продуктовите страници за подробности.","В „Бижута с диамант“ са събрани бижута според конкретния вид, материал, камък или декоративен детайл. Селекцията е фокусирана върху камък: диамант; отвори конкретния продукт, за да провериш всички негови характеристики.","Вид, материал и детайл Прочети още При бижутата разгледай отделно вида, материала, камъка и декоративния детайл. Те описват различни характеристики и не трябва да се заменят една с друга. За тази селекция са важни следните ориентири: камък: диамант. Провери ги и в описанието на конкретния продукт. | Преди да избереш бижу Прочети още Провери предназначението, варианта и информацията от бранда. Запази подходящите предложения, за да ги сравниш спокойно.","бижута диаманти [SEMANTIC/GRAMMATICAL] · диаманти бижута [SEMANTIC/GRAMMATICAL] · диамантени бижута [SEMANTIC/GRAMMATICAL]","","","бижута диаманти · диаманти бижута · диамантени бижута","100.0","PRIMARY H1=EXACT; TITLE=EXACT; CONTENT=EXACT Cluster coverage 100.0%. Priority: LOW — no material gap. Rendered page is indexable."
"бижута с изумруд","","/bizhuta-s-izumrud/","CREATE","Бижута с изумруд","Бижута с изумруд – бижута според камъка | Българитъм","Разгледай бижута с изумруд от български брандове. Сравни наличните предложения и отвори продуктовите страници за подробности.","В „Бижута с изумруд“ са събрани бижута според конкретния вид, материал, камък или декоративен детайл. Селекцията е фокусирана върху камък: изумруд; отвори конкретния продукт, за да провериш всички негови характеристики.","Вид, материал и детайл Прочети още При бижутата разгледай отделно вида, материала, камъка и декоративния детайл. Те описват различни характеристики и не трябва да се заменят една с друга. За тази селекция са важни следните ориентири: камък: изумруд. Провери ги и в описанието на конкретния продукт. | Преди да избереш бижу Прочети още Провери предназначението, варианта и информацията от бранда. Запази подходящите предложения, за да ги сравниш спокойно.","","","","","","PRIMARY H1=EXACT; TITLE=EXACT; CONTENT=EXACT No original cluster keywords for this input row. Priority: LOW — no material gap. Rendered page is indexable."
"бижута с кехлибар","кехлибар бижута · бижута с кехлибар","/bizhuta-ot-kehlibar/","CREATE","Бижута с кехлибар","Бижута с кехлибар – бижута според камъка | Българитъм","Открий бижута с кехлибар на едно място. Сравни наличните предложения и отвори продуктовите страници за подробности.","В „Бижута с кехлибар“ са събрани бижута според конкретния вид, материал, камък или декоративен детайл. Селекцията е фокусирана върху камък: кехлибар; отвори конкретния продукт, за да провериш всички негови характеристики.","Вид, материал и детайл Прочети още При бижутата разгледай отделно вида, материала, камъка и декоративния детайл. Те описват различни характеристики и не трябва да се заменят една с друга. За тази селекция са важни следните ориентири: камък: кехлибар. Провери ги и в описанието на конкретния продукт. | Преди да избереш бижу Прочети още Провери предназначението, варианта и информацията от бранда. Запази подходящите предложения, за да ги сравниш спокойно.","кехлибар бижута [EXACT] · бижута с кехлибар [EXACT]","","кехлибар бижута · бижута с кехлибар","","100.0","PRIMARY H1=EXACT; TITLE=EXACT; CONTENT=EXACT Cluster coverage 100.0%. Priority: LOW — no material gap. Rendered page is indexable."
"бижута с лабрадорит","","/bizhuta-s-labradorit/","CREATE","Бижута с лабрадорит","Бижута с лабрадорит – бижута според камъка | Българитъм","Бижута с лабрадорит в подредена продуктова селекция. Сравни наличните предложения и отвори продуктовите страници за подробности.","В „Бижута с лабрадорит“ са събрани бижута според конкретния вид, материал, камък или декоративен детайл. Селекцията е фокусирана върху камък: лабрадорит; отвори конкретния продукт, за да провериш всички негови характеристики.","Вид, материал и детайл Прочети още При бижутата разгледай отделно вида, материала, камъка и декоративния детайл. Те описват различни характеристики и не трябва да се заменят една с друга. За тази селекция са важни следните ориентири: камък: лабрадорит. Провери ги и в описанието на конкретния продукт. | Преди да избереш бижу Прочети още Провери предназначението, варианта и информацията от бранда. Запази подходящите предложения, за да ги сравниш спокойно.","","","","","","PRIMARY H1=EXACT; TITLE=EXACT; CONTENT=EXACT No original cluster keywords for this input row. Priority: LOW — no material gap. Rendered page is indexable."
"бижута с мойсанит","","/bizhuta-s-moysanit/","CREATE","Бижута с мойсанит","Бижута с мойсанит – бижута според камъка | Българитъм","Търсиш бижута с мойсанит? Сравни наличните предложения и отвори продуктовите страници за подробности.","В „Бижута с мойсанит“ са събрани бижута според конкретния вид, материал, камък или декоративен детайл. Селекцията е фокусирана върху камък: мойсанит; отвори конкретния продукт, за да провериш всички негови характеристики.","Вид, материал и детайл Прочети още При бижутата разгледай отделно вида, материала, камъка и декоративния детайл. Те описват различни характеристики и не трябва да се заменят една с друга. За тази селекция са важни следните ориентири: камък: мойсанит. Провери ги и в описанието на конкретния продукт. | Преди да избереш бижу Прочети още Провери предназначението, варианта и информацията от бранда. Запази подходящите предложения, за да ги сравниш спокойно.","","","","","","PRIMARY H1=EXACT; TITLE=EXACT; CONTENT=EXACT No original cluster keywords for this input row. Priority: LOW — no material gap. Rendered page is indexable."
"бижута с перли","бижута перли · перли бижута · бижута от перли · евтини бижута с перли","/bizhuta-s-perli/","REUSE","Бижута с перли","Бижута с перли – бижута според камъка | Българитъм","Виж предложения за бижута с перли. Сравни наличните предложения и отвори продуктовите страници за подробности.","В „Бижута с перли“ са събрани бижута според конкретния вид, материал, камък или декоративен детайл. Селекцията е фокусирана върху камък: перла; отвори конкретния продукт, за да провериш всички негови характеристики.","Вид, материал и детайл Прочети още При бижутата разгледай отделно вида, материала, камъка и декоративния детайл. Те описват различни характеристики и не трябва да се заменят една с друга. За тази селекция са важни следните ориентири: камък: перла. Провери ги и в описанието на конкретния продукт. | Преди да избереш бижу Прочети още Провери предназначението, варианта и информацията от бранда. Запази подходящите предложения, за да ги сравниш спокойно.","перли бижута [EXACT] · бижута перли [SEMANTIC/GRAMMATICAL] · бижута от перли [SEMANTIC/GRAMMATICAL]","евтини бижута с перли","перли бижута","бижута перли · бижута от перли","75.0","PRIMARY H1=EXACT; TITLE=EXACT; CONTENT=EXACT Cluster coverage 75.0%. Priority: MEDIUM. Rendered page is indexable."
"бижута с рубин","","/bizhuta-s-rubin/","CREATE","Бижута с рубин","Бижута с рубин – бижута според камъка | Българитъм","Ориентирай се сред предложенията за бижута с рубин. Сравни наличните предложения и отвори продуктовите страници за подробности.","В „Бижута с рубин“ са събрани бижута според конкретния вид, материал, камък или декоративен детайл. Селекцията е фокусирана върху камък: рубин; отвори конкретния продукт, за да провериш всички негови характеристики.","Вид, материал и детайл Прочети още При бижутата разгледай отделно вида, материала, камъка и декоративния детайл. Те описват различни характеристики и не трябва да се заменят една с друга. За тази селекция са важни следните ориентири: камък: рубин. Провери ги и в описанието на конкретния продукт. | Преди да избереш бижу Прочети още Провери предназначението, варианта и информацията от бранда. Запази подходящите предложения, за да ги сравниш спокойно.","","","","","","PRIMARY H1=EXACT; TITLE=EXACT; CONTENT=EXACT No original cluster keywords for this input row. Priority: LOW — no material gap. Rendered page is indexable."
"бижута с тигрово око","","/bizhuta-s-tigrovo-oko/","CREATE","Бижута с тигрово око","Бижута с тигрово око – бижута според камъка | Българитъм","Селекция за бижута с тигрово око от български брандове. Сравни наличните предложения и отвори продуктовите страници за подробности.","В „Бижута с тигрово око“ са събрани бижута според конкретния вид, материал, камък или декоративен детайл. Селекцията е фокусирана върху камък: тигрово око; отвори конкретния продукт, за да провериш всички негови характеристики.","Вид, материал и детайл Прочети още При бижутата разгледай отделно вида, материала, камъка и декоративния детайл. Те описват различни характеристики и не трябва да се заменят една с друга. За тази селекция са важни следните ориентири: камък: тигрово око. Провери ги и в описанието на конкретния продукт. | Преди да избереш бижу Прочети още Провери предназначението, варианта и информацията от бранда. Запази подходящите предложения, за да ги сравниш спокойно.","","","","","","PRIMARY H1=EXACT; TITLE=EXACT; CONTENT=EXACT No original cluster keywords for this input row. Priority: LOW — no material gap. Rendered page is indexable."
"бижута с хематит","","/bizhuta-s-hematit/","CREATE","Бижута с хематит","Бижута с хематит – бижута според камъка | Българитъм","Намери бижута с хематит и прегледай подробностите за всеки продукт. Сравни наличните предложения и отвори продуктовите страници за подробности.","В „Бижута с хематит“ са събрани бижута според конкретния вид, материал, камък или декоративен детайл. Селекцията е фокусирана върху камък: хематит; отвори конкретния продукт, за да провериш всички негови характеристики.","Вид, материал и детайл Прочети още При бижутата разгледай отделно вида, материала, камъка и декоративния детайл. Те описват различни характеристики и не трябва да се заменят една с друга. За тази селекция са важни следните ориентири: камък: хематит. Провери ги и в описанието на конкретния продукт. | Преди да избереш бижу Прочети още Провери предназначението, варианта и информацията от бранда. Запази подходящите предложения, за да ги сравниш спокойно.","","","","","","PRIMARY H1=EXACT; TITLE=EXACT; CONTENT=EXACT No original cluster keywords for this input row. Priority: LOW — no material gap. Rendered page is indexable."
"бижута с цитрин","","/bizhuta-s-tsitrin/","CREATE","Бижута с цитрин","Бижута с цитрин – бижута според камъка | Българитъм","Разгледай темата „Бижута с цитрин“ и сравни подходящите предложения. Сравни наличните предложения и отвори продуктовите страници за подробности.","В „Бижута с цитрин“ са събрани бижута според конкретния вид, материал, камък или декоративен детайл. Селекцията е фокусирана върху камък: цитрин; отвори конкретния продукт, за да провериш всички негови характеристики.","Вид, материал и детайл Прочети още При бижутата разгледай отделно вида, материала, камъка и декоративния детайл. Те описват различни характеристики и не трябва да се заменят една с друга. За тази селекция са важни следните ориентири: камък: цитрин. Провери ги и в описанието на конкретния продукт. | Преди да избереш бижу Прочети още Провери предназначението, варианта и информацията от бранда. Запази подходящите предложения, за да ги сравниш спокойно.","","","","","","PRIMARY H1=EXACT; TITLE=EXACT; CONTENT=EXACT No original cluster keywords for this input row. Priority: LOW — no material gap. Rendered page is indexable."
"бижута с черен турмалин","","/bizhuta-s-cheren-turmalin/","CREATE","Бижута с черен турмалин","Бижута с черен турмалин – бижута според камъка | Българитъм","Открий продукти в селекцията „Бижута с черен турмалин“. Сравни наличните предложения и отвори продуктовите страници за подробности.","В „Бижута с черен турмалин“ са събрани бижута според конкретния вид, материал, камък или декоративен детайл. Селекцията е фокусирана върху камък: черен турмалин; отвори конкретния продукт, за да провериш всички негови характеристики.","Вид, материал и детайл Прочети още При бижутата разгледай отделно вида, материала, камъка и декоративния детайл. Те описват различни характеристики и не трябва да се заменят една с друга. За тази селекция са важни следните ориентири: камък: черен турмалин. Провери ги и в описанието на конкретния продукт. | Преди да избереш бижу Прочети още Провери предназначението, варианта и информацията от бранда. Запази подходящите предложения, за да ги сравниш спокойно.","","","","","","PRIMARY H1=EXACT; TITLE=EXACT; CONTENT=EXACT No original cluster keywords for this input row. Priority: LOW — no material gap. Rendered page is indexable."
"български бижута","български ръчно изработени бижута · качествени български бижута · български марки бижута","/k/bijuta/","REUSE","Български бижута","Български бижута – модели по вид и материал | Българитъм","Сравни предложения в категорията „Български бижута“. Сравни наличните предложения и отвори продуктовите страници за подробности.","В „Български бижута“ са събрани бижута според конкретния вид, материал, камък или декоративен детайл. Разгледай отделните предложения и провери характеристиките, вариантите и информацията от бранда на продуктовата страница.","Вид, материал и детайл Прочети още При бижутата разгледай отделно вида, материала, камъка и декоративния детайл. Те описват различни характеристики и не трябва да се заменят една с друга. Използвай наличните характеристики като отправна точка и провери подробностите за конкретното предложение. При български ръчно изработени бижута провери материалите и информацията за изработката на конкретния модел. Когато сравняваш качествени български бижута и български марки бижута, използвай проверими характеристики, а не само общи определения. | Преди да избереш бижу Прочети още Провери предназначението, варианта и информацията от бранда. Запази подходящите предложения, за да ги сравниш спокойно.","български ръчно изработени бижута [EXACT] · качествени български бижута [EXACT] · български марки бижута [EXACT]","","български ръчно изработени бижута · качествени български бижута · български марки бижута","","100.0","PRIMARY H1=EXACT; TITLE=EXACT; CONTENT=EXACT Cluster coverage 100.0%. Priority: LOW — no material gap. Rendered page is indexable."
"годежен пръстен с диамант","годежни пръстени с диамант · годежен пръстен диамант · диамантен годежен пръстен · диамантени годежни пръстени · годежен пръстен с диамант цена · евтини годежни пръстени с диамант","/godezhen-prasten-s-diamant/","CREATE","Годежен пръстен с диамант","Годежен пръстен с диамант – бижута според камъка","Прегледай селекцията „Годежен пръстен с диамант“ от български брандове. Сравни наличните предложения и отвори продуктовите страници за подробности.","В „Годежен пръстен с диамант“ са събрани бижута според конкретния вид, материал, камък или декоративен детайл. Селекцията е фокусирана върху камък: диамант; детайл: годежен; отвори конкретния продукт, за да провериш всички негови характеристики.","Вид, материал и детайл Прочети още При бижутата разгледай отделно вида, материала, камъка и декоративния детайл. Те описват различни характеристики и не трябва да се заменят една с друга. За тази селекция са важни следните ориентири: камък: диамант; детайл: годежен. Провери ги и в описанието на конкретния продукт. | Преди да избереш бижу Прочети още Провери предназначението, варианта и информацията от бранда. Запази подходящите предложения, за да ги сравниш спокойно.","годежни пръстени с диамант [SEMANTIC/GRAMMATICAL] · годежен пръстен диамант [SEMANTIC/GRAMMATICAL] · диамантен годежен пръстен [SEMANTIC/GRAMMATICAL] · диамантени годежни пръстени [SEMANTIC/GRAMMATICAL]","годежен пръстен с диамант цена · евтини годежни пръстени с диамант","","годежни пръстени с диамант · годежен пръстен диамант · диамантен годежен пръстен · диамантени годежни пръстени","66.7","PRIMARY H1=EXACT; TITLE=EXACT; CONTENT=EXACT Cluster coverage 66.7%. Priority: MEDIUM. Rendered page is indexable."
"годежни пръстени","пръстен годежен · пръстени за годеж · евтини годежни пръстени · годеж и пръстени · годежен пръстен цена · годежни пръстени евтини","/godezhni-prasteni/","CREATE","Годежни пръстени","Годежни пръстени – бижута според детайла | Българитъм","Разгледай годежни пръстени от български брандове. Сравни наличните предложения и отвори продуктовите страници за подробности.","В „Годежни пръстени“ са събрани бижута според конкретния вид, материал, камък или декоративен детайл. Селекцията е фокусирана върху детайл: годежен; отвори конкретния продукт, за да провериш всички негови характеристики.","Вид, материал и детайл Прочети още При бижутата разгледай отделно вида, материала, камъка и декоративния детайл. Те описват различни характеристики и не трябва да се заменят една с друга. За тази селекция са важни следните ориентири: детайл: годежен. Провери ги и в описанието на конкретния продукт. | Преди да избереш бижу Прочети още Провери предназначението, варианта и информацията от бранда. Запази подходящите предложения, за да ги сравниш спокойно.","пръстен годежен [SEMANTIC/GRAMMATICAL] · пръстени за годеж [SEMANTIC/GRAMMATICAL] · годеж и пръстени [SEMANTIC/GRAMMATICAL]","евтини годежни пръстени · годежен пръстен цена · годежни пръстени евтини","","пръстен годежен · пръстени за годеж · годеж и пръстени","50.0","PRIMARY H1=EXACT; TITLE=EXACT; CONTENT=EXACT Cluster coverage 50.0%. Priority: MEDIUM. Rendered page is indexable."
"гривна с буква","гривнички с буква","/grivna-s-bukva/","CREATE","Гривна с буква","Гривна с буква – бижута според детайла | Българитъм","Открий гривна с буква на едно място. Сравни наличните предложения и отвори продуктовите страници за подробности.","В „Гривна с буква“ са събрани бижута според конкретния вид, материал, камък или декоративен детайл. Селекцията е фокусирана върху детайл: буква; отвори конкретния продукт, за да провериш всички негови характеристики.","Вид, материал и детайл Прочети още При бижутата разгледай отделно вида, материала, камъка и декоративния детайл. Те описват различни характеристики и не трябва да се заменят една с друга. За тази селекция са важни следните ориентири: детайл: буква. Провери ги и в описанието на конкретния продукт. При гривнички с буква провери размера, материала, начина на закрепване на елемента и възможностите за персонализация. | Преди да избереш бижу Прочети още Провери предназначението, варианта и информацията от бранда. Запази подходящите предложения, за да ги сравниш спокойно.","гривнички с буква [EXACT]","","гривнички с буква","","100.0","PRIMARY H1=EXACT; TITLE=EXACT; CONTENT=EXACT Cluster coverage 100.0%. Priority: LOW — no material gap. Rendered page is indexable."
"гривна с име","","/grivna-s-ime/","CREATE","Гривна с име","Гривна с име – бижута според детайла | Българитъм","Гривна с име в подредена продуктова селекция. Сравни наличните предложения и отвори продуктовите страници за подробности.","В „Гривна с име“ са събрани бижута според конкретния вид, материал, камък или декоративен детайл. Селекцията е фокусирана върху детайл: име; отвори конкретния продукт, за да провериш всички негови характеристики.","Вид, материал и детайл Прочети още При бижутата разгледай отделно вида, материала, камъка и декоративния детайл. Те описват различни характеристики и не трябва да се заменят една с друга. За тази селекция са важни следните ориентири: детайл: име. Провери ги и в описанието на конкретния продукт. | Преди да избереш бижу Прочети още Провери предназначението, варианта и информацията от бранда. Запази подходящите предложения, за да ги сравниш спокойно.","","","","","","PRIMARY H1=EXACT; TITLE=EXACT; CONTENT=EXACT No original cluster keywords for this input row. Priority: LOW — no material gap. Rendered page is indexable."
"гривна с кръст","гривна кръст","/grivna-s-krast/","CREATE","Гривна с кръст","Гривна с кръст – бижута според детайла | Българитъм","Търсиш гривна с кръст? Сравни наличните предложения и отвори продуктовите страници за подробности.","В „Гривна с кръст“ са събрани бижута според конкретния вид, материал, камък или декоративен детайл. Селекцията е фокусирана върху детайл: кръст; отвори конкретния продукт, за да провериш всички негови характеристики.","Вид, материал и детайл Прочети още При бижутата разгледай отделно вида, материала, камъка и декоративния детайл. Те описват различни характеристики и не трябва да се заменят една с друга. За тази селекция са важни следните ориентири: детайл: кръст. Провери ги и в описанието на конкретния продукт. | Преди да избереш бижу Прочети още Провери предназначението, варианта и информацията от бранда. Запази подходящите предложения, за да ги сравниш спокойно.","гривна кръст [SEMANTIC/GRAMMATICAL]","","","гривна кръст","100.0","PRIMARY H1=EXACT; TITLE=EXACT; CONTENT=EXACT Cluster coverage 100.0%. Priority: LOW — no material gap. Rendered page is indexable."
"гривна червен конец","гривни с червен конец · червен конец гривна · гривна от червен конец · червен конец за гривни · гривнички с червен конец","/grivna-cherven-konets/","CREATE","Гривна червен конец","Гривна червен конец – бижута според детайла | Българитъм","Виж предложения за гривна червен конец. Сравни наличните предложения и отвори продуктовите страници за подробности.","В „Гривна червен конец“ са събрани бижута според конкретния вид, материал, камък или декоративен детайл. Селекцията е фокусирана върху детайл: червен конец; отвори конкретния продукт, за да провериш всички негови характеристики.","Вид, материал и детайл Прочети още При бижутата разгледай отделно вида, материала, камъка и декоративния детайл. Те описват различни характеристики и не трябва да се заменят една с друга. За тази селекция са важни следните ориентири: детайл: червен конец. Провери ги и в описанието на конкретния продукт. Гривничките с червен конец могат да се различават по материал, закопчаване и допълнителни елементи; провери описанието на конкретния модел. | Преди да избереш бижу Прочети още Провери предназначението, варианта и информацията от бранда. Запази подходящите предложения, за да ги сравниш спокойно.","гривни с червен конец [SEMANTIC/GRAMMATICAL] · червен конец гривна [SEMANTIC/GRAMMATICAL] · гривна от червен конец [SEMANTIC/GRAMMATICAL] · червен конец за гривни [SEMANTIC/GRAMMATICAL] · гривнички с червен конец [SEMANTIC/GRAMMATICAL]","","","гривни с червен конец · червен конец гривна · гривна от червен конец · червен конец за гривни · гривнички с червен конец","100.0","PRIMARY H1=EXACT; TITLE=EXACT; CONTENT=EXACT Cluster coverage 100.0%. Priority: LOW — no material gap. Rendered page is indexable."
"гривни от медицинска стомана","","/grivni-ot-meditsinska-stomana/","CREATE","Гривни от медицинска стомана","Гривни от медицинска стомана – модели по вид и материал","Ориентирай се сред предложенията за гривни от медицинска стомана. Сравни наличните предложения и отвори продуктовите страници за подробности.","В „Гривни от медицинска стомана“ са събрани бижута според конкретния вид, материал, камък или декоративен детайл. Селекцията е фокусирана върху материя: медицинска стомана; отвори конкретния продукт, за да провериш всички негови характеристики.","Вид, материал и детайл Прочети още При бижутата разгледай отделно вида, материала, камъка и декоративния детайл. Те описват различни характеристики и не трябва да се заменят една с друга. За тази селекция са важни следните ориентири: материя: медицинска стомана. Провери ги и в описанието на конкретния продукт. | Преди да избереш бижу Прочети още Провери предназначението, варианта и информацията от бранда. Запази подходящите предложения, за да ги сравниш спокойно.","","","","","","PRIMARY H1=EXACT; TITLE=EXACT; CONTENT=EXACT No original cluster keywords for this input row. Priority: LOW — no material gap. Rendered page is indexable."
"гривни от сребро","сребро гривна · гривни от сребро","/grivna-srebro/","CREATE","Гривни от сребро","Гривни от сребро – модели по вид и материал | Българитъм","Селекция за гривни от сребро от български брандове. Сравни наличните предложения и отвори продуктовите страници за подробности.","В „Гривни от сребро“ са събрани бижута според конкретния вид, материал, камък или декоративен детайл. Селекцията е фокусирана върху материя: сребро; отвори конкретния продукт, за да провериш всички негови характеристики.","Вид, материал и детайл Прочети още При бижутата разгледай отделно вида, материала, камъка и декоративния детайл. Те описват различни характеристики и не трябва да се заменят една с друга. За тази селекция са важни следните ориентири: материя: сребро. Провери ги и в описанието на конкретния продукт. | Преди да избереш бижу Прочети още Провери предназначението, варианта и информацията от бранда. Запази подходящите предложения, за да ги сравниш спокойно.","гривни от сребро [EXACT] · сребро гривна [SEMANTIC/GRAMMATICAL]","","гривни от сребро","сребро гривна","100.0","PRIMARY H1=EXACT; TITLE=EXACT; CONTENT=EXACT Cluster coverage 100.0%. Priority: LOW — no material gap. Rendered page is indexable."
"златен пръстен","златни пръстени · пръстени златни · евтини златни пръстени · златен пръстен цена · златни пръстени цени · златни пръстени онлайн","/zlaten-prasten/","CREATE","Златен пръстен","Златен пръстен – модели по вид и материал | Българитъм","Намери златен пръстен и прегледай подробностите за всеки продукт. Сравни наличните предложения и отвори продуктовите страници за подробности.","В „Златен пръстен“ са събрани бижута според конкретния вид, материал, камък или декоративен детайл. Селекцията е фокусирана върху материя: злато; отвори конкретния продукт, за да провериш всички негови характеристики.","Вид, материал и детайл Прочети още При бижутата разгледай отделно вида, материала, камъка и декоративния детайл. Те описват различни характеристики и не трябва да се заменят една с друга. За тази селекция са важни следните ориентири: материя: злато. Провери ги и в описанието на конкретния продукт. Когато разглеждаш златни пръстени онлайн, провери пробата, размера, теглото и дали продуктът съдържа допълнителен камък или декоративен елемент. | Преди да избереш бижу Прочети още Провери предназначението, варианта и информацията от бранда. Запази подходящите предложения, за да ги сравниш спокойно.","златни пръстени [EXACT] · златни пръстени онлайн [EXACT] · пръстени златни [SEMANTIC/GRAMMATICAL]","евтини златни пръстени · златен пръстен цена · златни пръстени цени","златни пръстени · златни пръстени онлайн","пръстени златни","50.0","PRIMARY H1=EXACT; TITLE=EXACT; CONTENT=EXACT Cluster coverage 50.0%. Priority: MEDIUM. Rendered page is indexable."
"златен пръстен с диамант","златни пръстени с диаманти","/zlaten-prasten-s-diamant/","CREATE","Златен пръстен с диамант","Златен пръстен с диамант – бижута според камъка | Българитъм","Разгледай темата „Златен пръстен с диамант“ и сравни подходящите предложения. Сравни наличните предложения и отвори продуктовите страници за подробности.","В „Златен пръстен с диамант“ са събрани бижута според конкретния вид, материал, камък или декоративен детайл. Селекцията е фокусирана върху материя: злато; камък: диамант; отвори конкретния продукт, за да провериш всички негови характеристики.","Вид, материал и детайл Прочети още При бижутата разгледай отделно вида, материала, камъка и декоративния детайл. Те описват различни характеристики и не трябва да се заменят една с друга. За тази селекция са важни следните ориентири: материя: злато; камък: диамант. Провери ги и в описанието на конкретния продукт. | Преди да избереш бижу Прочети още Провери предназначението, варианта и информацията от бранда. Запази подходящите предложения, за да ги сравниш спокойно.","златни пръстени с диаманти [SEMANTIC/GRAMMATICAL]","","","златни пръстени с диаманти","100.0","PRIMARY H1=EXACT; TITLE=EXACT; CONTENT=EXACT Cluster coverage 100.0%. Priority: LOW — no material gap. Rendered page is indexable."
"златен пръстен с рубин","златни пръстени с рубин · златен пръстен с рубин цена","/zlaten-prasten-s-rubin/","CREATE","Златен пръстен с рубин","Златен пръстен с рубин – бижута според камъка | Българитъм","Открий продукти в селекцията „Златен пръстен с рубин“. Сравни наличните предложения и отвори продуктовите страници за подробности.","В „Златен пръстен с рубин“ са събрани бижута според конкретния вид, материал, камък или декоративен детайл. Селекцията е фокусирана върху материя: злато; камък: рубин; отвори конкретния продукт, за да провериш всички негови характеристики.","Вид, материал и детайл Прочети още При бижутата разгледай отделно вида, материала, камъка и декоративния детайл. Те описват различни характеристики и не трябва да се заменят една с друга. За тази селекция са важни следните ориентири: материя: злато; камък: рубин. Провери ги и в описанието на конкретния продукт. | Преди да избереш бижу Прочети още Провери предназначението, варианта и информацията от бранда. Запази подходящите предложения, за да ги сравниш спокойно.","златни пръстени с рубин [SEMANTIC/GRAMMATICAL]","златен пръстен с рубин цена","","златни пръстени с рубин","50.0","PRIMARY H1=EXACT; TITLE=EXACT; CONTENT=EXACT Cluster coverage 50.0%. Priority: MEDIUM. Rendered page is indexable."
"златна гривна","златни гривни · евтини златни гривни · златни гривни каталог · гривна злато · злато гривни · гривна златна · гривни златни · гривни от злато · златни гривнички · златна гривна цена · златни гривни цена · златни гривни онлайн","/zlatna-grivna/","CREATE","Златна гривна","Златна гривна – модели по вид и материал | Българитъм","Сравни предложения в категорията „Златна гривна“. Сравни наличните предложения и отвори продуктовите страници за подробности.","В „Златна гривна“ са събрани бижута според конкретния вид, материал, камък или декоративен детайл. Селекцията е фокусирана върху материя: злато; отвори конкретния продукт, за да провериш всички негови характеристики.","Вид, материал и детайл Прочети още При бижутата разгледай отделно вида, материала, камъка и декоративния детайл. Те описват различни характеристики и не трябва да се заменят една с друга. За тази селекция са важни следните ориентири: материя: злато. Провери ги и в описанието на конкретния продукт. В каталог със златни гривни сравнявай пробата, размера, теглото и вида на закопчаването. При златни гривнички и златни гривни онлайн провери точните размери на конкретния модел. | Преди да избереш бижу Прочети още Провери предназначението, варианта и информацията от бранда. Запази подходящите предложения, за да ги сравниш спокойно.","златни гривни [EXACT] · златни гривнички [EXACT] · златни гривни онлайн [EXACT] · златни гривни каталог [SEMANTIC/GRAMMATICAL] · гривна злато [SEMANTIC/GRAMMATICAL] · злато гривни [SEMANTIC/GRAMMATICAL] · гривна златна [SEMANTIC/GRAMMATICAL] · гривни златни [SEMANTIC/GRAMMATICAL] · гривни от злато [SEMANTIC/GRAMMATICAL]","евтини златни гривни · златна гривна цена · златни гривни цена","златни гривни · златни гривнички · златни гривни онлайн","златни гривни каталог · гривна злато · злато гривни · гривна златна · гривни златни · гривни от злато","75.0","PRIMARY H1=EXACT; TITLE=EXACT; CONTENT=EXACT Cluster coverage 75.0%. Priority: MEDIUM. Rendered page is indexable."
"златни колиета","колие злато · колие златно · златен гердан · златни гердани · колиета от злато · златно колие цена · златни колиета цена · евтини златни колиета · златни колиета каталог","/zlatni-kolieta/","CREATE","Златни колиета","Златни колиета – модели по вид и материал | Българитъм","Прегледай селекцията „Златни колиета“ от български брандове. Сравни наличните предложения и отвори продуктовите страници за подробности.","В „Златни колиета“ са събрани бижута според конкретния вид, материал, камък или декоративен детайл. Селекцията е фокусирана върху материя: злато; отвори конкретния продукт, за да провериш всички негови характеристики.","Вид, материал и детайл Прочети още При бижутата разгледай отделно вида, материала, камъка и декоративния детайл. Те описват различни характеристики и не трябва да се заменят една с друга. За тази селекция са важни следните ориентири: материя: злато. Провери ги и в описанието на конкретния продукт. Златен гердан и златно колие често се използват за близки продуктови търсения. В каталог със златни колиета сравнявай дължината, пробата, теглото и вида на закопчаването. | Преди да избереш бижу Прочети още Провери предназначението, варианта и информацията от бранда. Запази подходящите предложения, за да ги сравниш спокойно.","златен гердан [EXACT] · колие злато [SEMANTIC/GRAMMATICAL] · колие златно [SEMANTIC/GRAMMATICAL] · златни гердани [SEMANTIC/GRAMMATICAL] · колиета от злато [SEMANTIC/GRAMMATICAL] · златни колиета каталог [SEMANTIC/GRAMMATICAL]","златно колие цена · златни колиета цена · евтини златни колиета","златен гердан","колие злато · колие златно · златни гердани · колиета от злато · златни колиета каталог","66.7","PRIMARY H1=EXACT; TITLE=EXACT; CONTENT=EXACT Cluster coverage 66.7%. Priority: MEDIUM. Rendered page is indexable."
"златни обеци","златни обеци · златно обеци · обеци златни · златни обеци цена · евтини златни обеци · обеци от злато · златни обеци евтини · златни обеци онлайн","/zlatna-obetsa/","CREATE","Златни обеци","Златни обеци – модели по вид и материал | Българитъм","Разгледай златни обеци от български брандове. Сравни наличните предложения и отвори продуктовите страници за подробности.","В „Златни обеци“ са събрани бижута според конкретния вид, материал, камък или декоративен детайл. Селекцията е фокусирана върху материя: злато; отвори конкретния продукт, за да провериш всички негови характеристики.","Вид, материал и детайл Прочети още При бижутата разгледай отделно вида, материала, камъка и декоративния детайл. Те описват различни характеристики и не трябва да се заменят една с друга. За тази селекция са важни следните ориентири: материя: злато. Провери ги и в описанието на конкретния продукт. Когато разглеждаш златни обеци онлайн, сравни пробата, размера, теглото и вида на закопчаването на конкретния чифт. | Преди да избереш бижу Прочети още Провери предназначението, варианта и информацията от бранда. Запази подходящите предложения, за да ги сравниш спокойно.","златни обеци [EXACT] · златни обеци онлайн [EXACT] · златно обеци [SEMANTIC/GRAMMATICAL] · обеци златни [SEMANTIC/GRAMMATICAL] · обеци от злато [SEMANTIC/GRAMMATICAL]","златни обеци цена · евтини златни обеци · златни обеци евтини","златни обеци · златни обеци онлайн","златно обеци · обеци златни · обеци от злато","62.5","PRIMARY H1=EXACT; TITLE=EXACT; CONTENT=EXACT Cluster coverage 62.5%. Priority: MEDIUM. Rendered page is indexable."
"златни обеци с диаманти","","/zlatni-obetsi-s-diamanti/","CREATE","Златни обеци с диаманти","Златни обеци с диаманти – бижута според камъка | Българитъм","Открий златни обеци с диаманти на едно място. Сравни наличните предложения и отвори продуктовите страници за подробности.","В „Златни обеци с диаманти“ са събрани бижута според конкретния вид, материал, камък или декоративен детайл. Селекцията е фокусирана върху материя: злато; камък: диамант; отвори конкретния продукт, за да провериш всички негови характеристики.","Вид, материал и детайл Прочети още При бижутата разгледай отделно вида, материала, камъка и декоративния детайл. Те описват различни характеристики и не трябва да се заменят една с друга. За тази селекция са важни следните ориентири: материя: злато; камък: диамант. Провери ги и в описанието на конкретния продукт. | Преди да избереш бижу Прочети още Провери предназначението, варианта и информацията от бранда. Запази подходящите предложения, за да ги сравниш спокойно.","","","","","","PRIMARY H1=EXACT; TITLE=EXACT; CONTENT=EXACT No original cluster keywords for this input row. Priority: LOW — no material gap. Rendered page is indexable."
"златно колие с диамант","","/zlatno-kolie-s-diamant/","CREATE","Златно колие с диамант","Златно колие с диамант – бижута според камъка | Българитъм","Златно колие с диамант в подредена продуктова селекция. Сравни наличните предложения и отвори продуктовите страници за подробности.","В „Златно колие с диамант“ са събрани бижута според конкретния вид, материал, камък или декоративен детайл. Селекцията е фокусирана върху материя: злато; камък: диамант; отвори конкретния продукт, за да провериш всички негови характеристики.","Вид, материал и детайл Прочети още При бижутата разгледай отделно вида, материала, камъка и декоративния детайл. Те описват различни характеристики и не трябва да се заменят една с друга. За тази селекция са важни следните ориентири: материя: злато; камък: диамант. Провери ги и в описанието на конкретния продукт. | Преди да избереш бижу Прочети още Провери предназначението, варианта и информацията от бранда. Запази подходящите предложения, за да ги сравниш спокойно.","","","","","","PRIMARY H1=EXACT; TITLE=EXACT; CONTENT=EXACT No original cluster keywords for this input row. Priority: LOW — no material gap. Rendered page is indexable."
"златно колие с перла","","/zlatno-kolie-s-perla/","CREATE","Златно колие с перла","Златно колие с перла – бижута според камъка | Българитъм","Търсиш златно колие с перла? Сравни наличните предложения и отвори продуктовите страници за подробности.","В „Златно колие с перла“ са събрани бижута според конкретния вид, материал, камък или декоративен детайл. Селекцията е фокусирана върху материя: злато; камък: перла; отвори конкретния продукт, за да провериш всички негови характеристики.","Вид, материал и детайл Прочети още При бижутата разгледай отделно вида, материала, камъка и декоративния детайл. Те описват различни характеристики и не трябва да се заменят една с друга. За тази селекция са важни следните ориентири: материя: злато; камък: перла. Провери ги и в описанието на конкретния продукт. | Преди да избереш бижу Прочети още Провери предназначението, варианта и информацията от бранда. Запази подходящите предложения, за да ги сравниш спокойно.","","","","","","PRIMARY H1=EXACT; TITLE=EXACT; CONTENT=EXACT No original cluster keywords for this input row. Priority: LOW — no material gap. Rendered page is indexable."
"колиета от медицинска стомана","","/kolieta-ot-meditsinska-stomana/","CREATE","Колиета от медицинска стомана","Колиета от медицинска стомана – модели по вид и материал","Виж предложения за колиета от медицинска стомана. Сравни наличните предложения и отвори продуктовите страници за подробности.","В „Колиета от медицинска стомана“ са събрани бижута според конкретния вид, материал, камък или декоративен детайл. Селекцията е фокусирана върху материя: медицинска стомана; отвори конкретния продукт, за да провериш всички негови характеристики.","Вид, материал и детайл Прочети още При бижутата разгледай отделно вида, материала, камъка и декоративния детайл. Те описват различни характеристики и не трябва да се заменят една с друга. За тази селекция са важни следните ориентири: материя: медицинска стомана. Провери ги и в описанието на конкретния продукт. | Преди да избереш бижу Прочети още Провери предназначението, варианта и информацията от бранда. Запази подходящите предложения, за да ги сравниш спокойно.","","","","","","PRIMARY H1=EXACT; TITLE=EXACT; CONTENT=EXACT No original cluster keywords for this input row. Priority: LOW — no material gap. Rendered page is indexable."
"колиета от сребро","колие сребро · сребро колие · сребърен гердан · колиета от сребро","/srebarni-kolieta/","CREATE","Колиета от сребро","Колиета от сребро – модели по вид и материал | Българитъм","Ориентирай се сред предложенията за колиета от сребро. Сравни наличните предложения и отвори продуктовите страници за подробности.","В „Колиета от сребро“ са събрани бижута според конкретния вид, материал, камък или декоративен детайл. Селекцията е фокусирана върху материя: сребро; отвори конкретния продукт, за да провериш всички негови характеристики.","Вид, материал и детайл Прочети още При бижутата разгледай отделно вида, материала, камъка и декоративния детайл. Те описват различни характеристики и не трябва да се заменят една с друга. За тази селекция са важни следните ориентири: материя: сребро. Провери ги и в описанието на конкретния продукт. При сребърен гердан или колие от сребро сравни пробата, дължината, теглото и вида на закопчаването. | Преди да избереш бижу Прочети още Провери предназначението, варианта и информацията от бранда. Запази подходящите предложения, за да ги сравниш спокойно.","сребърен гердан [EXACT] · колиета от сребро [EXACT] · колие сребро [SEMANTIC/GRAMMATICAL] · сребро колие [SEMANTIC/GRAMMATICAL]","","сребърен гердан · колиета от сребро","колие сребро · сребро колие","100.0","PRIMARY H1=EXACT; TITLE=EXACT; CONTENT=EXACT Cluster coverage 100.0%. Priority: LOW — no material gap. Rendered page is indexable."
"мъжки бижута","бижута мъжки · мъжка бижутерия · магазин за мъжки бижута · луксозни мъжки бижута · мъжки аксесоари и бижута","/mazhki-bizhuta/","REUSE","Мъжки бижута","Мъжки бижута – модели по вид и материал | Българитъм","Селекция за мъжки бижута от български брандове. Сравни наличните предложения и отвори продуктовите страници за подробности.","В „Мъжки бижута“ са събрани бижута според конкретния вид, материал, камък или декоративен детайл. Разгледай отделните предложения и провери характеристиките, вариантите и информацията от бранда на продуктовата страница.","Вид, материал и детайл Прочети още При бижутата разгледай отделно вида, материала, камъка и декоративния детайл. Те описват различни характеристики и не трябва да се заменят една с друга. Използвай наличните характеристики като отправна точка и провери подробностите за конкретното предложение. Понятието мъжка бижутерия обхваща различни мъжки аксесоари и бижута. При луксозни мъжки бижута провери материала, изработката и реалните продуктови характеристики зад позиционирането. | Преди да избереш бижу Прочети още Провери предназначението, варианта и информацията от бранда. Запази подходящите предложения, за да ги сравниш спокойно.","мъжка бижутерия [EXACT] · луксозни мъжки бижута [EXACT] · мъжки аксесоари и бижута [EXACT] · бижута мъжки [SEMANTIC/GRAMMATICAL]","магазин за мъжки бижута","мъжка бижутерия · луксозни мъжки бижута · мъжки аксесоари и бижута","бижута мъжки","80.0","PRIMARY H1=EXACT; TITLE=EXACT; CONTENT=EXACT Cluster coverage 80.0%. Priority: LOW. Rendered page is indexable."
"обеци от медицинска стомана","","/obetsi-ot-meditsinska-stomana/","CREATE","Обеци от медицинска стомана","Обеци от медицинска стомана – модели по вид и материал","Намери обеци от медицинска стомана и прегледай подробностите за всеки продукт. Сравни наличните предложения и отвори продуктовите страници за подробности.","В „Обеци от медицинска стомана“ са събрани бижута според конкретния вид, материал, камък или декоративен детайл. Селекцията е фокусирана върху материя: медицинска стомана; отвори конкретния продукт, за да провериш всички негови характеристики.","Вид, материал и детайл Прочети още При бижутата разгледай отделно вида, материала, камъка и декоративния детайл. Те описват различни характеристики и не трябва да се заменят една с друга. За тази селекция са важни следните ориентири: материя: медицинска стомана. Провери ги и в описанието на конкретния продукт. | Преди да избереш бижу Прочети още Провери предназначението, варианта и информацията от бранда. Запази подходящите предложения, за да ги сравниш спокойно.","","","","","","PRIMARY H1=EXACT; TITLE=EXACT; CONTENT=EXACT No original cluster keywords for this input row. Priority: LOW — no material gap. Rendered page is indexable."
"обеци от сребро","","/obetsi-ot-srebro/","CREATE","Обеци от сребро","Обеци от сребро – модели по вид и материал | Българитъм","Разгледай темата „Обеци от сребро“ и сравни подходящите предложения. Сравни наличните предложения и отвори продуктовите страници за подробности.","В „Обеци от сребро“ са събрани бижута според конкретния вид, материал, камък или декоративен детайл. Селекцията е фокусирана върху материя: сребро; отвори конкретния продукт, за да провериш всички негови характеристики.","Вид, материал и детайл Прочети още При бижутата разгледай отделно вида, материала, камъка и декоративния детайл. Те описват различни характеристики и не трябва да се заменят една с друга. За тази селекция са важни следните ориентири: материя: сребро. Провери ги и в описанието на конкретния продукт. | Преди да избереш бижу Прочети още Провери предназначението, варианта и информацията от бранда. Запази подходящите предложения, за да ги сравниш спокойно.","","","","","","PRIMARY H1=EXACT; TITLE=EXACT; CONTENT=EXACT No original cluster keywords for this input row. Priority: LOW — no material gap. Rendered page is indexable."
"пръстени от медицинска стомана","","/prasteni-ot-meditsinska-stomana/","CREATE","Пръстени от медицинска стомана","Пръстени от медицинска стомана – модели по вид и материал","Открий продукти в селекцията „Пръстени от медицинска стомана“. Сравни наличните предложения и отвори продуктовите страници за подробности.","В „Пръстени от медицинска стомана“ са събрани бижута според конкретния вид, материал, камък или декоративен детайл. Селекцията е фокусирана върху материя: медицинска стомана; отвори конкретния продукт, за да провериш всички негови характеристики.","Вид, материал и детайл Прочети още При бижутата разгледай отделно вида, материала, камъка и декоративния детайл. Те описват различни характеристики и не трябва да се заменят една с друга. За тази селекция са важни следните ориентири: материя: медицинска стомана. Провери ги и в описанието на конкретния продукт. | Преди да избереш бижу Прочети още Провери предназначението, варианта и информацията от бранда. Запази подходящите предложения, за да ги сравниш спокойно.","","","","","","PRIMARY H1=EXACT; TITLE=EXACT; CONTENT=EXACT No original cluster keywords for this input row. Priority: LOW — no material gap. Rendered page is indexable."
"пръстени от сребро","евтини сребърни пръстени · сребро пръстени · пръстени от сребро","/prasteni-srebro/","CREATE","Пръстени от сребро","Пръстени от сребро – модели по вид и материал | Българитъм","Сравни предложения в категорията „Пръстени от сребро“. Сравни наличните предложения и отвори продуктовите страници за подробности.","В „Пръстени от сребро“ са събрани бижута според конкретния вид, материал, камък или декоративен детайл. Селекцията е фокусирана върху материя: сребро; отвори конкретния продукт, за да провериш всички негови характеристики.","Вид, материал и детайл Прочети още При бижутата разгледай отделно вида, материала, камъка и декоративния детайл. Те описват различни характеристики и не трябва да се заменят една с друга. За тази селекция са важни следните ориентири: материя: сребро. Провери ги и в описанието на конкретния продукт. | Преди да избереш бижу Прочети още Провери предназначението, варианта и информацията от бранда. Запази подходящите предложения, за да ги сравниш спокойно.","пръстени от сребро [EXACT] · сребро пръстени [SEMANTIC/GRAMMATICAL]","евтини сребърни пръстени","пръстени от сребро","сребро пръстени","66.7","PRIMARY H1=EXACT; TITLE=EXACT; CONTENT=EXACT Cluster coverage 66.7%. Priority: MEDIUM. Rendered page is indexable."
"тигрово око гривна","гривна тигрово око","/tigrovo-oko-grivna/","CREATE","Тигрово око гривна","Тигрово око гривна – бижута според камъка | Българитъм","Прегледай селекцията „Тигрово око гривна“ от български брандове. Сравни наличните предложения и отвори продуктовите страници за подробности.","В „Тигрово око гривна“ са събрани бижута според конкретния вид, материал, камък или декоративен детайл. Селекцията е фокусирана върху камък: тигрово око; отвори конкретния продукт, за да провериш всички негови характеристики.","Вид, материал и детайл Прочети още При бижутата разгледай отделно вида, материала, камъка и декоративния детайл. Те описват различни характеристики и не трябва да се заменят една с друга. За тази селекция са важни следните ориентири: камък: тигрово око. Провери ги и в описанието на конкретния продукт. | Преди да избереш бижу Прочети още Провери предназначението, варианта и информацията от бранда. Запази подходящите предложения, за да ги сравниш спокойно.","гривна тигрово око [SEMANTIC/GRAMMATICAL]","","","гривна тигрово око","100.0","PRIMARY H1=EXACT; TITLE=EXACT; CONTENT=EXACT Cluster coverage 100.0%. Priority: LOW — no material gap. Rendered page is indexable."
"хематит гривна","гривна хематит · гривна от хематит · гривна от хематит цена","/hematit-grivna/","CREATE","Хематит гривна","Хематит гривна – бижута според камъка | Българитъм","Разгледай хематит гривна от български брандове. Сравни наличните предложения и отвори продуктовите страници за подробности.","В „Хематит гривна“ са събрани бижута според конкретния вид, материал, камък или декоративен детайл. Селекцията е фокусирана върху камък: хематит; отвори конкретния продукт, за да провериш всички негови характеристики.","Вид, материал и детайл Прочети още При бижутата разгледай отделно вида, материала, камъка и декоративния детайл. Те описват различни характеристики и не трябва да се заменят една с друга. За тази селекция са важни следните ориентири: камък: хематит. Провери ги и в описанието на конкретния продукт. | Преди да избереш бижу Прочети още Провери предназначението, варианта и информацията от бранда. Запази подходящите предложения, за да ги сравниш спокойно.","гривна хематит [SEMANTIC/GRAMMATICAL] · гривна от хематит [SEMANTIC/GRAMMATICAL]","гривна от хематит цена","","гривна хематит · гривна от хематит","66.7","PRIMARY H1=EXACT; TITLE=EXACT; CONTENT=EXACT Cluster coverage 66.7%. Priority: MEDIUM. Rendered page is indexable."
"цитрин гривна","","/tsitrin-grivna/","CREATE","Цитрин гривна","Цитрин гривна – бижута според камъка | Българитъм","Открий цитрин гривна на едно място. Сравни наличните предложения и отвори продуктовите страници за подробности.","В „Цитрин гривна“ са събрани бижута според конкретния вид, материал, камък или декоративен детайл. Селекцията е фокусирана върху камък: цитрин; отвори конкретния продукт, за да провериш всички негови характеристики.","Вид, материал и детайл Прочети още При бижутата разгледай отделно вида, материала, камъка и декоративния детайл. Те описват различни характеристики и не трябва да се заменят една с друга. За тази селекция са важни следните ориентири: камък: цитрин. Провери ги и в описанието на конкретния продукт. | Преди да избереш бижу Прочети още Провери предназначението, варианта и информацията от бранда. Запази подходящите предложения, за да ги сравниш спокойно.","","","","","","PRIMARY H1=EXACT; TITLE=EXACT; CONTENT=EXACT No original cluster keywords for this input row. Priority: LOW — no material gap. Rendered page is indexable."
"български свещи","ароматни свещи български бранд","/bulgarski-sveshti/","CREATE","Български свещи","Български свещи – селекция от български брандове","Български свещи в подредена продуктова селекция. Сравни наличните предложения и отвори продуктовите страници за подробности.","Тук можеш да разгледаш „Български свещи“ като самостоятелна продуктова селекция от български брандове. Разгледай отделните предложения и провери характеристиките, вариантите и информацията от бранда на продуктовата страница.","Как да сравниш предложенията Прочети още Сравни предназначението и изрично посочените характеристики на всеки продукт. Общото име на селекцията не означава, че всички модели са еднакви. Използвай наличните характеристики като отправна точка и провери подробностите за конкретното предложение. При ароматни свещи от български бранд сравни вида на восъка, аромата, размера и указанията за безопасна употреба. | Преди да избереш Прочети още Провери предназначението, варианта и информацията от бранда. Запази подходящите предложения, за да ги сравниш спокойно.","ароматни свещи български бранд [SEMANTIC/GRAMMATICAL]","","","ароматни свещи български бранд","100.0","PRIMARY H1=EXACT; TITLE=EXACT; CONTENT=EXACT Cluster coverage 100.0%. Priority: LOW — no material gap. Rendered page is indexable."
"българска бебешка козметика","","/bulgarska-bebeshka-kozmetika/","CREATE","Българска бебешка козметика","Българска бебешка козметика – продукти по вид грижа","Търсиш българска бебешка козметика? Сравни наличните предложения и отвори продуктовите страници за подробности.","„Българска бебешка козметика“ обединява козметични продукти според зоната на приложение, съставката или посочената нужда. Разгледай отделните предложения и провери характеристиките, вариантите и информацията от бранда на продуктовата страница.","Избор според вида грижа Прочети още Съобрази избора с зоната на приложение, нуждата и съставките, които са изрично посочени за продукта. Провери пълната информация на продуктовата страница. Използвай наличните характеристики като отправна точка и провери подробностите за конкретното предложение. | Преди да избереш продукт Прочети още Провери предназначението, варианта и информацията от бранда. Запази подходящите предложения, за да ги сравниш спокойно.","","","","","","PRIMARY H1=EXACT; TITLE=EXACT; CONTENT=EXACT No original cluster keywords for this input row. Priority: LOW — no material gap. Rendered page is indexable."
"български домашен текстил","","/k/domashen-tekstil/","REUSE","Български домашен текстил","Български домашен текстил – селекция от български брандове","Виж предложения за български домашен текстил. Сравни наличните предложения и отвори продуктовите страници за подробности.","Тук можеш да разгледаш „Български домашен текстил“ като самостоятелна продуктова селекция от български брандове. Разгледай отделните предложения и провери характеристиките, вариантите и информацията от бранда на продуктовата страница.","Как да сравниш предложенията Прочети още Сравни предназначението и изрично посочените характеристики на всеки продукт. Общото име на селекцията не означава, че всички модели са еднакви. Използвай наличните характеристики като отправна точка и провери подробностите за конкретното предложение. | Преди да избереш Прочети още Провери предназначението, варианта и информацията от бранда. Запази подходящите предложения, за да ги сравниш спокойно.","","","","","","PRIMARY H1=EXACT; TITLE=EXACT; CONTENT=EXACT No original cluster keywords for this input row. Priority: LOW — no material gap. Rendered page is indexable."
"български спално бельо","български производители на спално бельо · български фирми за спално бельо · спално бельо български производители","/bulgarsko-spalno-belyo/","CREATE","Българско спално бельо","Българско спално бельо – селекция от български брандове","Ориентирай се сред предложенията за българско спално бельо. Сравни наличните предложения и отвори продуктовите страници за подробности.","Тук можеш да разгледаш „Българско спално бельо“ като самостоятелна продуктова селекция от български брандове. Разгледай отделните предложения и провери характеристиките, вариантите и информацията от бранда на продуктовата страница.","Как да сравниш предложенията Прочети още Сравни предназначението и изрично посочените характеристики на всеки продукт. Общото име на селекцията не означава, че всички модели са еднакви. Използвай наличните характеристики като отправна точка и провери подробностите за конкретното предложение. Ако търсиш български производители на спално бельо или български фирми за спално бельо, провери профила на бранда и посочения произход. Българският бранд не означава автоматично местно производство на всеки продукт. | Преди да избереш Прочети още Провери предназначението, варианта и информацията от бранда. Запази подходящите предложения, за да ги сравниш спокойно.","български производители на спално бельо [EXACT] · български фирми за спално бельо [EXACT] · спално бельо български производители [SEMANTIC/GRAMMATICAL]","","български производители на спално бельо · български фирми за спално бельо","спално бельо български производители","100.0","PRIMARY H1=SEMANTIC/GRAMMATICAL; TITLE=SEMANTIC/GRAMMATICAL; CONTENT=SEMANTIC/GRAMMATICAL Cluster coverage 100.0%. Priority: LOW — no material gap. Rendered page is indexable."
"български детски играчки","български производители на дървени играчки","/bulgarski-detski-igrachki/","CREATE","Български детски играчки","Български детски играчки – селекция от български брандове","Селекция за български детски играчки от български брандове. Сравни наличните предложения и отвори продуктовите страници за подробности.","Тук можеш да разгледаш „Български детски играчки“ като самостоятелна продуктова селекция от български брандове. Разгледай отделните предложения и провери характеристиките, вариантите и информацията от бранда на продуктовата страница.","Как да сравниш предложенията Прочети още Сравни предназначението и изрично посочените характеристики на всеки продукт. Общото име на селекцията не означава, че всички модели са еднакви. Използвай наличните характеристики като отправна точка и провери подробностите за конкретното предложение. При търсене на български производители на дървени играчки провери материала, възрастовите указания, информацията за безопасност и изрично посочения произход. | Преди да избереш Прочети още Провери предназначението, варианта и информацията от бранда. Запази подходящите предложения, за да ги сравниш спокойно.","български производители на дървени играчки [EXACT]","","български производители на дървени играчки","","100.0","PRIMARY H1=EXACT; TITLE=EXACT; CONTENT=EXACT Cluster coverage 100.0%. Priority: LOW — no material gap. Rendered page is indexable."
"български детски книги","български детски книжки · детски книги на български · детски книги от български автори","/bulgarski-detski-knigi/","CREATE","Български детски книги","Български детски книги – селекция от български брандове","Намери български детски книги и прегледай подробностите за всеки продукт. Сравни наличните предложения и отвори продуктовите страници за подробности.","Тук можеш да разгледаш „Български детски книги“ като самостоятелна продуктова селекция от български брандове. Разгледай отделните предложения и провери характеристиките, вариантите и информацията от бранда на продуктовата страница.","Как да сравниш предложенията Прочети още Сравни предназначението и изрично посочените характеристики на всеки продукт. Общото име на селекцията не означава, че всички модели са еднакви. Използвай наличните характеристики като отправна точка и провери подробностите за конкретното предложение. При детски книги от български автори провери възрастовата препоръка, темата, формата и информацията за автора и издателя. | Преди да избереш Прочети още Провери предназначението, варианта и информацията от бранда. Запази подходящите предложения, за да ги сравниш спокойно.","детски книги от български автори [EXACT] · български детски книжки [SEMANTIC/GRAMMATICAL] · детски книги на български [SEMANTIC/GRAMMATICAL]","","детски книги от български автори","български детски книжки · детски книги на български","100.0","PRIMARY H1=EXACT; TITLE=EXACT; CONTENT=EXACT Cluster coverage 100.0%. Priority: LOW — no material gap. Rendered page is indexable."
