name_bg,brand_name,slug,category,tags,price_min_eur,price_max_eur,currency,short_desc_bg,long_desc_bg,product_url,brand_url,image_urls,is_active,created_at,brand_slug,meta_title_bg,meta_desc_bg,intro_bg,rating,address,brand_ref,subcategory,product_type,giftable,recipient,gift_occasion,attributes,colors,materials,audience,recipient_age,recipient_gender,role_interest,wedding_anniversary_type,gemstone,jewelry_detail,clothing_style,sleeve,season,ingredient,skin_type,skin_need,hair_need,logo_url,instagram_url,facebook_url,physical_address_type
Гривна с кожа и сребърни елементи №2,DP Silver,grivna-s-kozha-i-srebarni-elementi-2,Аксесоари,,,,EUR,"Гривна с кожа и сребърни елементи №2 от DP Silver. Материали, посочени от бранда: Естествена кожа.",,https://dp-silver.com/product/gk2,https://dp-silver.com,"https://dp-silver.com/cdn/img/products/113/grivna-s-koza-i-srebarni-elementi-no2-65439a61b4da7.jpeg?width=1920&height=1920&v=1777601736,https://dp-silver.com/cdn/img/products/113/grivna-s-koza-i-srebarni-elementi-no2-65439a61b4da7.jpeg?width=600&height=600&v=1777601736",TRUE,,dp-silver,,,,,,,Бижута,Гривни,false,,,,,Естествена кожа,,,,,,,,,,,,,,,,,,
Нежна гривна Камъче №151,DP Silver,nezhna-grivna-kamache-151,Аксесоари,,,,EUR,Нежна гривна Камъче №151 от DP Silver.,,https://dp-silver.com/product/g151,https://dp-silver.com,"https://dp-silver.com/cdn/img/products/287/g151-image_617a805800d89.jpeg?width=1920&height=1920&v=1777601721,https://dp-silver.com/cdn/img/products/287/g151-image_617a805800d89.jpeg?width=600&height=600&v=1777601721",TRUE,,dp-silver,,,,,,,Бижута,Гривни,false,,,,Син,,,,,,,,,,,,,,,,,,,
Гривна за глезен Камъче,DP Silver,grivna-za-glezen-kamache,Аксесоари,,,,EUR,Гривна за глезен Камъче от DP Silver.,,https://dp-silver.com/product/grivna-za-glezen-kamache,https://dp-silver.com,"https://dp-silver.com/cdn/img/products/1208/grivna-za-glezen-kamace-62c6a5483a81c.jpeg?width=1920&height=1920&v=1777601722,https://dp-silver.com/cdn/img/products/1208/grivna-za-glezen-kamace-62c6a5483a81c.jpeg?width=600&height=600&v=1777601722",TRUE,,dp-silver,,,,,,,Бижута,Гривни,false,,,,,,,,,,,,,,,,,,,,,,,
Гривна за глезен Инфинити,DP Silver,grivna-za-glezen-infiniti,Аксесоари,,,,EUR,Гривна за глезен Инфинити от DP Silver.,,https://dp-silver.com/product/grivna-za-glezen-infiniti,https://dp-silver.com,"https://dp-silver.com/cdn/img/products/1209/grivna-za-glezen-infiniti-62c80d86dd625.jpeg?width=1920&height=1920&v=1777601730,https://dp-silver.com/cdn/img/products/1209/grivna-za-glezen-infiniti-62c80d86dd625.jpeg?width=600&height=600&v=1777601730",TRUE,,dp-silver,,,,,,,Бижута,Гривни,false,,,,,,,,,,,,,,,,,,,,,,,
Гривна с конец и закопчалка Кръст,DP Silver,grivna-s-konets-i-zakopchalka-krast,Аксесоари,,,,EUR,Гривна с конец и закопчалка Кръст от DP Silver.,,https://dp-silver.com/product/gch1-4,https://dp-silver.com,"https://dp-silver.com/cdn/img/products/1024/grivna-s-konec-i-zakopcalka-krast-image_615d6350dcb64.jpeg?width=1920&height=1920&v=1777601732,https://dp-silver.com/cdn/img/products/1024/grivna-s-konec-i-zakopcalka-krast-image_615d6350dcb64.jpeg?width=600&height=600&v=1777601732",TRUE,,dp-silver,,,,,,,Бижута,Гривни,false,,,,,,,,,,,,Кръст,,,,,,,,,,,
Твърда тънка гривна №15,DP Silver,tvarda-tanka-grivna-15,Аксесоари,,,,EUR,Твърда тънка гривна №15 от DP Silver.,,https://dp-silver.com/product/tvarda-tanka-grivna,https://dp-silver.com,"https://dp-silver.com/cdn/img/products/1248/tvarda-tanka-grivna-632b0286a1c63.jpeg?width=1920&height=1920&v=1777601727,https://dp-silver.com/cdn/img/products/1248/tvarda-tanka-grivna-632b0286a1c63.jpeg?width=600&height=600&v=1777601727",TRUE,,dp-silver,,,,,,,Бижута,Гривни,false,,,,,,,,,,,,,,,,,,,,,,,
Мъжка гривна с издължени елементи №170,DP Silver,mazhka-grivna-s-izdalzheni-elementi-170,Аксесоари,,,,EUR,Мъжка гривна с издължени елементи №170 от DP Silver.,,https://dp-silver.com/product/majka-grivna-s-izdaljeni-elementi,https://dp-silver.com,"https://dp-silver.com/cdn/img/products/1240/mazka-grivna-s-izdalzeni-elementi-63062c1c07841.jpeg?width=1920&height=1920&v=1777601743,https://dp-silver.com/cdn/img/products/1240/mazka-grivna-s-izdalzeni-elementi-63062c1c07841.jpeg?width=600&height=600&v=1777601743",TRUE,,dp-silver,,,,,,,Мъжки бижута,Гривни,false,,,,,,Мъже,,,,,,,,,,,,,,,,,
Гривна с буква А,DP Silver,grivna-s-bukva-a,Аксесоари,,,,EUR,"Гривна с буква А от DP Silver. Материали, посочени от бранда: Сребро.",,https://dp-silver.com/product/grivna-s-bukva-a,https://dp-silver.com,"https://dp-silver.com/cdn/img/products/1471/grivna-s-bukva-a-69e1f86ecdf41.jpeg?width=1920&height=1920&v=1777601744,https://dp-silver.com/cdn/img/products/1471/grivna-s-bukva-a-69e1f86ecdf41.jpeg?width=600&height=600&v=1777601744",TRUE,,dp-silver,,,,,,,Бижута,Гривни,false,,,,,Сребро,,,,,,,Буква,,,,,,,,,,,
Гривна с буква Б,DP Silver,grivna-s-bukva-b,Аксесоари,,,,EUR,"Гривна с буква Б от DP Silver. Материали, посочени от бранда: Сребро.",,https://dp-silver.com/product/grivna-s-bukva-b,https://dp-silver.com,"https://dp-silver.com/cdn/img/products/1474/grivna-s-bukva-b-69e1fb8408f5e.jpeg?width=1920&height=1920&v=1777601735,https://dp-silver.com/cdn/img/products/1474/grivna-s-bukva-b-69e1fb8408f5e.jpeg?width=600&height=600&v=1777601735",TRUE,,dp-silver,,,,,,,Бижута,Гривни,false,,,,,Сребро,,,,,,,Буква,,,,,,,,,,,
Колие с вълнообразни елементи и камъни №104,DP Silver,kolie-s-valnoobrazni-elementi-i-kamani-104,Аксесоари,,,,EUR,"Колие с вълнообразни елементи и камъни №104 от DP Silver. Материали, посочени от бранда: Сребро.",,https://dp-silver.com/product/l104,https://dp-silver.com,"https://dp-silver.com/cdn/img/products/105/kolie-s-valnoobrazni-elementi-i-kamani-no104-65410a3c5418a.jpeg?width=1920&height=1920&v=1777601733,https://dp-silver.com/cdn/img/products/105/kolie-s-valnoobrazni-elementi-i-kamani-no104-65410a3c5418a.jpeg?width=600&height=600&v=1777601733",TRUE,,dp-silver,,,,,,,Бижута,Колиета,false,,,,,Сребро,Жени,,,,,,,Официален,,,,,,,,,,
Сребърно колие с инкрустирани циркони №49,DP Silver,srebarno-kolie-s-inkrustirani-tsirkoni-49,Аксесоари,,,,EUR,"Сребърно колие с инкрустирани циркони №49 от DP Silver. Материали, посочени от бранда: Сребро.",,https://dp-silver.com/product/l49,https://dp-silver.com,"https://dp-silver.com/cdn/img/products/111/srebarno-kolie-s-inkrustirani-cirkoni-no49-65410a0e3eae4.jpeg?width=1920&height=1920&v=1777601732,https://dp-silver.com/cdn/img/products/111/srebarno-kolie-s-inkrustirani-cirkoni-no49-65410a0e3eae4.jpeg?width=600&height=600&v=1777601732",TRUE,,dp-silver,,,,,,,Бижута,Колиета,false,,,,,Сребро,Жени,,,,,,,,,,,,,,,,,
Елегантно сребърно колие с камъни №51к,DP Silver,elegantno-srebarno-kolie-s-kamani-51k,Аксесоари,,,,EUR,"Елегантно сребърно колие с камъни №51к от DP Silver. Материали, посочени от бранда: Сребро.",,https://dp-silver.com/product/l51k,https://dp-silver.com,"https://dp-silver.com/cdn/img/products/114/elegantno-srebarno-kolie-s-kamani-no51k-654109d0d80e1.jpeg?width=1920&height=1920&v=1777601732,https://dp-silver.com/cdn/img/products/114/elegantno-srebarno-kolie-s-kamani-no51k-654109d0d80e1.jpeg?width=600&height=600&v=1777601732",TRUE,,dp-silver,,,,,,,Бижута,Колиета,false,,,,,Сребро,Жени,,,,,,,,,,,,,,,,,
Корда с капковидно камъче,DP Silver,korda-s-kapkovidno-kamache,Аксесоари,,,,EUR,Корда с капковидно камъче от DP Silver.,,https://dp-silver.com/product/korda-s-kapkovidno-kamache,https://dp-silver.com,"https://dp-silver.com/cdn/img/products/1238/korda-s-kapkovidno-kamace-62d9328423605.jpeg?width=1920&height=1920&v=1777601741,https://dp-silver.com/cdn/img/products/1238/korda-s-kapkovidno-kamace-62d9328423605.jpeg?width=600&height=600&v=1777601741",TRUE,,dp-silver,,,,,,,Бижута,Колиета,false,,,,Син,,,,,,,,,,,,,,,,,,,
Колие Елеганс,DP Silver,kolie-elegans,Аксесоари,,,,EUR,Колие Елеганс от DP Silver.,,https://dp-silver.com/product/kolie-elegans,https://dp-silver.com,"https://dp-silver.com/cdn/img/products/1700/kolie-nezen-blasak-6a8705967376d.jpeg?width=1920&height=1920&v=1787233686,https://dp-silver.com/cdn/img/products/1700/kolie-nezen-blasak-6a8705967376d.jpeg?width=600&height=600&v=1787233686",TRUE,,dp-silver,,,,,,,Бижута,Колиета,false,,,Еко,Син,,,,,,,,,,,,,,,,,,,
Мини блестящи халки №101,DP Silver,mini-blestyashti-halki-101,Аксесоари,,,,EUR,"Мини блестящи халки №101 от DP Silver. Материали, посочени от бранда: Сребро.",,https://dp-silver.com/product/ob101,https://dp-silver.com,"https://dp-silver.com/cdn/img/products/134/ob101-6336aee9ab510.jpeg?width=1920&height=1920&v=1777601731,https://dp-silver.com/cdn/img/products/134/ob101-6336aee9ab510.jpeg?width=600&height=600&v=1777601731",TRUE,,dp-silver,,,,,,,Бижута,Обеци,false,,,,,Сребро,,,,,,,,Елегантен,,,,,,,,,,
Класически обици халки - голям размер №3г,DP Silver,klasicheski-obitsi-halki-golyam-razmer-3g,Аксесоари,,,,EUR,"Класически обици халки - голям размер №3г от DP Silver. Материали, посочени от бранда: Сребро.",,https://dp-silver.com/product/f3g,https://dp-silver.com,"https://dp-silver.com/cdn/img/products/161/f3g-6358f22d30d6a.jpeg?width=1920&height=1920&v=1777601728,https://dp-silver.com/cdn/img/products/161/f3g-6358f22d30d6a.jpeg?width=600&height=600&v=1777601728",TRUE,,dp-silver,,,,,,,Бижута,Обеци,false,,,,,Сребро,,,,,,,,,,,,,,,,,,
Висящи обици принцеса Даяна №177,DP Silver,visyashti-obitsi-printsesa-dayana-177,Аксесоари,,,,EUR,"Висящи обици принцеса Даяна №177 от DP Silver. Материали, посочени от бранда: Сребро.",,https://dp-silver.com/product/visyashti-ob177,https://dp-silver.com,"https://dp-silver.com/cdn/img/products/588/ob177-image_60bf3a54abcf6.jpeg?width=1920&height=1920&v=1777601714,https://dp-silver.com/cdn/img/products/588/ob177-image_60bf3a54abcf6.jpeg?width=600&height=600&v=1777601714",TRUE,,dp-silver,,,,,,,Бижута,Обеци,false,,,,,Сребро,,,,,,,,Официален,,,,,,,,,,
Изкуство №91,DP Silver,izkustvo-91,Аксесоари,,,,EUR,"Изкуство №91 от DP Silver. Материали, посочени от бранда: Сребро.",,https://dp-silver.com/product/ob91,https://dp-silver.com,"https://dp-silver.com/cdn/img/products/908/ob91-63359c3259eff.jpeg?width=1920&height=1920&v=1777601728,https://dp-silver.com/cdn/img/products/908/ob91-63359c3259eff.jpeg?width=600&height=600&v=1777601728",TRUE,,dp-silver,,,,,,,Бижута,Обеци,false,,,,,Сребро,,,,,,,,Ежедневен,,,,,,,,,,
Халки с троен блясък №70,DP Silver,halki-s-troen-blyasak-70,Аксесоари,,,,EUR,"Халки с троен блясък №70 от DP Silver. Материали, посочени от бранда: Сребро.",,https://dp-silver.com/product/ob70,https://dp-silver.com,"https://dp-silver.com/cdn/img/products/995/ob70-654e297fd6cff.jpeg?width=1920&height=1920&v=1777601736,https://dp-silver.com/cdn/img/products/995/ob70-654e297fd6cff.jpeg?width=600&height=600&v=1777601736",TRUE,,dp-silver,,,,,,,Бижута,Обеци,false,,,,,Сребро,Деца,,,,,,,,,,,,,,,,,
Обици Слънчеви лъчи №73,DP Silver,obitsi-slanchevi-lachi-73,Аксесоари,,,,EUR,"Обици Слънчеви лъчи №73 от DP Silver. Материали, посочени от бранда: Сребро.",,https://dp-silver.com/product/ob73,https://dp-silver.com,"https://dp-silver.com/cdn/img/products/997/ob73-654e2bf98b808.jpeg?width=1920&height=1920&v=1777601736,https://dp-silver.com/cdn/img/products/997/ob73-654e2bf98b808.jpeg?width=600&height=600&v=1777601736",TRUE,,dp-silver,,,,,,,Бижута,Обеци,false,,,,,Сребро,,,,,,,,Елегантен,,,,,,,,,,
Блестящи извивки №110,DP Silver,blestyashti-izvivki-110,Аксесоари,,,,EUR,"Блестящи извивки №110 от DP Silver. Материали, посочени от бранда: Сребро.",,https://dp-silver.com/product/p110,https://dp-silver.com,"https://dp-silver.com/cdn/img/products/169/blestasi-izvivki-no110-6a51fdbfb5d66.jpeg?width=1920&height=1920&v=1783758271,https://dp-silver.com/cdn/img/products/169/blestasi-izvivki-no110-6a51fdbfb5d66.jpeg?width=600&height=600&v=1783758271",TRUE,,dp-silver,,,,,,,Бижута,Пръстени,false,,,,,Сребро,,,,,,,,Елегантен,,,,,,,,,,
Тройни лъчи №117,DP Silver,troini-lachi-117,Аксесоари,,,,EUR,"Тройни лъчи №117 от DP Silver. Материали, посочени от бранда: Сребро.",,https://dp-silver.com/product/p117,https://dp-silver.com,"https://dp-silver.com/cdn/img/products/173/trojni-laci-no117-6a525eeae7a15.jpeg?width=1920&height=1920&v=1783783146,https://dp-silver.com/cdn/img/products/173/trojni-laci-no117-6a525eeae7a15.jpeg?width=600&height=600&v=1783783146",TRUE,,dp-silver,,,,,,,Бижута,Пръстени,false,,,,,Сребро,,,,,,,,Елегантен,,,,,,,,,,
Докосване №119,DP Silver,dokosvane-119,Аксесоари,,,,EUR,"Докосване №119 от DP Silver. Материали, посочени от бранда: Сребро.",,https://dp-silver.com/product/p119,https://dp-silver.com,"https://dp-silver.com/cdn/img/products/175/dokosvane-no119-6a5264194377a.jpeg?width=1920&height=1920&v=1783784473,https://dp-silver.com/cdn/img/products/175/dokosvane-no119-6a5264194377a.jpeg?width=600&height=600&v=1783784473",TRUE,,dp-silver,,,,,,,Бижута,Пръстени,false,,,,,Сребро,,,,,,,,,,,,,,,,,,
Бляскава халка №121,DP Silver,blyaskava-halka-121,Аксесоари,,,,EUR,"Бляскава халка №121 от DP Silver. Материали, посочени от бранда: Сребро.",,https://dp-silver.com/product/p121,https://dp-silver.com,"https://dp-silver.com/cdn/img/products/176/blaskava-halka-no121-6a69d262d1701.jpeg?width=1920&height=1920&v=1785320051,https://dp-silver.com/cdn/img/products/176/blaskava-halka-no121-6a69d262d1701.jpeg?width=600&height=600&v=1785320051",TRUE,,dp-silver,,,,,,,Бижута,Пръстени,false,,,,,Сребро,,,,,,,,Елегантен,,,,,,,,,,
Семпъл изчистен пръстен №129,DP Silver,sempal-izchisten-prasten-129,Аксесоари,,,,EUR,"Семпъл изчистен пръстен №129 от DP Silver. Материали, посочени от бранда: Сребро.",,https://dp-silver.com/product/p129,https://dp-silver.com,"https://dp-silver.com/cdn/img/products/180/sempal-izcisten-prasten-no129-6a526ac436bb5.jpeg?width=1920&height=1920&v=1783786180,https://dp-silver.com/cdn/img/products/180/sempal-izcisten-prasten-no129-6a526ac436bb5.jpeg?width=600&height=600&v=1783786180",TRUE,,dp-silver,,,,,,,Бижута,Пръстени,false,,,Еко,,Сребро,,,,,,,,,,,,,,,,,,
Змийче №190,DP Silver,zmiiche-190,Аксесоари,,,,EUR,"Змийче №190 от DP Silver. Материали, посочени от бранда: Сребро.",,https://dp-silver.com/product/p190,https://dp-silver.com,"https://dp-silver.com/cdn/img/products/359/zmijce-no190-6a61ffe00470a.jpeg?width=1920&height=1920&v=1784807392,https://dp-silver.com/cdn/img/products/359/zmijce-no190-6a61ffe00470a.jpeg?width=600&height=600&v=1784807392",TRUE,,dp-silver,,,,,,,Бижута,Пръстени,false,,,,,Сребро,,,,,,,,,,,,,,,,,,
Квадрати и седеф №187,DP Silver,kvadrati-i-sedef-187,Аксесоари,,,,EUR,"Квадрати и седеф №187 от DP Silver. Материали, посочени от бранда: Сребро.",,https://dp-silver.com/product/p187,https://dp-silver.com,"https://dp-silver.com/cdn/img/products/368/kvadrati-i-sedef-no187-6a620046c7a14.jpeg?width=1920&height=1920&v=1784807494,https://dp-silver.com/cdn/img/products/368/kvadrati-i-sedef-no187-6a620046c7a14.jpeg?width=600&height=600&v=1784807494",TRUE,,dp-silver,,,,,,,Бижута,Пръстени,false,,,,"Бял,Зелен,Розов,Син",Сребро,,,,,,,,,,,,,,,,,,
Седефена спирала №208,DP Silver,sedefena-spirala-208,Аксесоари,,,,EUR,"Седефена спирала №208 от DP Silver. Материали, посочени от бранда: Сребро.",,https://dp-silver.com/product/p208,https://dp-silver.com,"https://dp-silver.com/cdn/img/products/372/sedefena-spirala-no208-6a6202c4bda89.jpeg?width=1920&height=1920&v=1784808132,https://dp-silver.com/cdn/img/products/372/sedefena-spirala-no208-6a6202c4bda89.jpeg?width=600&height=600&v=1784808132",TRUE,,dp-silver,,,,,,,Бижута,Пръстени,false,,,,"Бял,Зелен,Розов,Син",Сребро,,,,,,,,Елегантен,,,,,,,,,,
Блестящо слънце №158,DP Silver,blestyashto-slantse-158,Аксесоари,,,,EUR,"Блестящо слънце №158 от DP Silver. Материали, посочени от бранда: Сребро.",,https://dp-silver.com/product/p158,https://dp-silver.com,"https://dp-silver.com/cdn/img/products/494/blestaso-slance-no158-6a61fb3296848.jpeg?width=1920&height=1920&v=1784806194,https://dp-silver.com/cdn/img/products/494/blestaso-slance-no158-6a61fb3296848.jpeg?width=600&height=600&v=1784806194",TRUE,,dp-silver,,,,,,,Бижута,Пръстени,false,,,,,Сребро,,,,,,,,Елегантен,,,,,,,,,,
Нежен годежен пръстен №203,DP Silver,nezhen-godezhen-prasten-203,Аксесоари,,,,EUR,"Нежен годежен пръстен №203 от DP Silver. Материали, посочени от бранда: Сребро.",,https://dp-silver.com/product/p203,https://dp-silver.com,"https://dp-silver.com/cdn/img/products/761/nezen-godezen-prasten-no203-6a69c6009e94c.jpeg?width=1920&height=1920&v=1785316864,https://dp-silver.com/cdn/img/products/761/nezen-godezen-prasten-no203-6a69c6009e94c.jpeg?width=600&height=600&v=1785316864",TRUE,,dp-silver,,,,,,,Бижута,Пръстени,false,,,,,Сребро,,,,,,,Годежен,Елегантен,,,,,,,,,,
"""Бъди моя спътница"" №217",DP Silver,badi-moya-spatnitsa-217,Аксесоари,,,,EUR,"""Бъди моя спътница"" №217 от DP Silver. Материали, посочени от бранда: Сребро.",,https://dp-silver.com/product/p217,https://dp-silver.com,"https://dp-silver.com/cdn/img/products/819/abadi-moa-spatnicaa-no217-6a69c852b68de.jpeg?width=1920&height=1920&v=1785317458,https://dp-silver.com/cdn/img/products/819/abadi-moa-spatnicaa-no217-6a69c852b68de.jpeg?width=600&height=600&v=1785317458",TRUE,,dp-silver,,,,,,,Бижута,Пръстени,false,,,,,Сребро,,,,,,,Годежен,Елегантен,,,,,,,,,,
Ангел-пазител №21,DP Silver,angel-pazitel-21,Аксесоари,,,,EUR,"Ангел-пазител №21 от DP Silver. Материали, посочени от бранда: Сребро.",,https://dp-silver.com/product/m21,https://dp-silver.com,"https://dp-silver.com/cdn/img/products/716/angel-pazitel-no21-65425d28234c9.jpeg?width=1920&height=1920&v=1777601742,https://dp-silver.com/cdn/img/products/716/angel-pazitel-no21-65425d28234c9.jpeg?width=600&height=600&v=1777601742",TRUE,,dp-silver,,,,,,,Бижута,Колиета,false,,,,,Сребро,,,,,,,,,,,,,,,,,,
Капковидна нежност и блясък,DP Silver,kapkovidna-nezhnost-i-blyasak,Аксесоари,,,,EUR,"Капковидна нежност и блясък от DP Silver. Материали, посочени от бранда: Сребро.",,https://dp-silver.com/product/s120,https://dp-silver.com,"https://dp-silver.com/cdn/img/products/272/kapkovidna-neznost-i-blasak-63400f903099d.jpeg?width=1920&height=1920&v=1777601732,https://dp-silver.com/cdn/img/products/272/kapkovidna-neznost-i-blasak-63400f903099d.jpeg?width=600&height=600&v=1777601732",TRUE,,dp-silver,,,,,,,Бижута,Гривни,false,,,,,Сребро,,,,,,,,Елегантен,,,,,,,,,,
Седефени стрелки,DP Silver,sedefeni-strelki,Аксесоари,,,,EUR,"Седефени стрелки от DP Silver. Материали, посочени от бранда: Сребро.",,https://dp-silver.com/product/s891,https://dp-silver.com,"https://dp-silver.com/cdn/img/products/653/sedefeni-strelki-6925c7e2b6d3d.jpeg?width=1920&height=1920&v=1777601737,https://dp-silver.com/cdn/img/products/653/sedefeni-strelki-6925c7e2b6d3d.jpeg?width=600&height=600&v=1777601737",TRUE,,dp-silver,,,,,,,Бижута,Колиета,false,,,,,Сребро,,,,,,,,Елегантен,,,,,,,,,,
Водни кончета,DP Silver,vodni-koncheta,Аксесоари,,,,EUR,"Водни кончета от DP Silver. Материали, посочени от бранда: Сребро.",,https://dp-silver.com/product/s208,https://dp-silver.com,"https://dp-silver.com/cdn/img/products/726/vodni-konceta-63400f1692edc.jpeg?width=1920&height=1920&v=1777601732,https://dp-silver.com/cdn/img/products/726/vodni-konceta-63400f1692edc.jpeg?width=600&height=600&v=1777601732",TRUE,,dp-silver,,,,,,,Бижута,Колиета,false,,,,,Сребро,Деца,,,,,,,,,,,,,,,,,
Мини капчици,DP Silver,mini-kapchitsi,Аксесоари,,,,EUR,"Мини капчици от DP Silver. Материали, посочени от бранда: Сребро.",,https://dp-silver.com/product/s233,https://dp-silver.com,"https://dp-silver.com/cdn/img/products/952/mini-kapcici-63400fe50fe5e.jpeg?width=1920&height=1920&v=1777601733,https://dp-silver.com/cdn/img/products/952/mini-kapcici-63400fe50fe5e.jpeg?width=600&height=600&v=1777601733",TRUE,,dp-silver,,,,,,,Бижута,Колиета,false,,,,,Сребро,,,,,,,,Елегантен,,,,,,,,,,
Капковидни перли и нежност,DP Silver,kapkovidni-perli-i-nezhnost,Аксесоари,,,,EUR,Капковидни перли и нежност от DP Silver.,,https://dp-silver.com/product/perli-i-nejnost,https://dp-silver.com,"https://dp-silver.com/cdn/img/products/1159/perli-i-neznost-629a0d1b23317.jpeg?width=1920&height=1920&v=1777601729,https://dp-silver.com/cdn/img/products/1159/perli-i-neznost-629a0d1b23317.jpeg?width=600&height=600&v=1777601729",TRUE,,dp-silver,,,,,,,Бижута,Обеци,false,,,,,,,,,,,,,,,,,,,,,,,
Комплект Перлено цвете,DP Silver,komplekt-perleno-tsvete,Аксесоари,,,,EUR,Комплект Перлено цвете от DP Silver.,,https://dp-silver.com/product/komplekt-perleno-cvete,https://dp-silver.com,"https://dp-silver.com/cdn/img/products/1277/komplekt-perleno-cvete-63b7fe02225d1.jpeg?width=1920&height=1920&v=1777601731,https://dp-silver.com/cdn/img/products/1277/komplekt-perleno-cvete-63b7fe02225d1.jpeg?width=600&height=600&v=1777601731",TRUE,,dp-silver,,,,,,,Бижута,Колиета,false,,,,,,,,,,,Перла,,,,,,,,,,,,
"Персонализирано колие с име ""Поли""",DP Silver,personalizirano-kolie-s-ime-poli,Аксесоари,,,,EUR,"Персонализирано колие с име ""Поли"" от DP Silver. Материали, посочени от бранда: Сребро.",,https://dp-silver.com/product/personalizirano-kolie-s-ime-poli,https://dp-silver.com,"https://dp-silver.com/cdn/img/products/1405/personalizirano-kolie-s-ime-apolia-67e3fe3c81f3f.jpeg?width=1920&height=1920&v=1777601735,https://dp-silver.com/cdn/img/products/1405/personalizirano-kolie-s-ime-apolia-67e3fe3c81f3f.jpeg?width=600&height=600&v=1777601735",TRUE,,dp-silver,,,,,,,Бижута,Колиета,false,,,,,Сребро,,,,,,,Име,,,,,,,,,,,
"Персонализирано колие с име ""Гергана""",DP Silver,personalizirano-kolie-s-ime-gergana,Аксесоари,,,,EUR,"Персонализирано колие с име ""Гергана"" от DP Silver. Материали, посочени от бранда: Сребро.",,https://dp-silver.com/product/personalizirano-kolie-s-ime-gergana,https://dp-silver.com,"https://dp-silver.com/cdn/img/products/1408/personalizirano-kolie-s-ime-agerganaa-69735314a4a3d.jpeg?width=1920&height=1920&v=1777601739,https://dp-silver.com/cdn/img/products/1408/personalizirano-kolie-s-ime-agerganaa-69735314a4a3d.jpeg?width=600&height=600&v=1777601739",TRUE,,dp-silver,,,,,,,Бижута,Колиета,false,,,,,Сребро,,,,,,,Име,,,,,,,,,,,
Персонализирано колие с име Цвета,DP Silver,personalizirano-kolie-s-ime-tsveta,Аксесоари,,,,EUR,"Персонализирано колие с име Цвета от DP Silver. Материали, посочени от бранда: Сребро.",,https://dp-silver.com/product/personalizirano-kolie-s-ime-cveta,https://dp-silver.com,"https://dp-silver.com/cdn/img/products/1446/personalizirano-kolie-s-ime-cveta-697344c58ec61.jpeg?width=1920&height=1920&v=1777601738,https://dp-silver.com/cdn/img/products/1446/personalizirano-kolie-s-ime-cveta-697344c58ec61.jpeg?width=600&height=600&v=1777601738",TRUE,,dp-silver,,,,,,,Бижута,Колиета,false,,,,,Сребро,,,,,,,Име,,,,,,,,,,,
Гривна с конец и златна буква,DP Silver,grivna-s-konets-i-zlatna-bukva,Аксесоари,,,,EUR,Гривна с конец и златна буква от DP Silver.,,https://dp-silver.com/product/grivna-s-konec-i-zlatna-bukva,https://dp-silver.com,"https://dp-silver.com/cdn/img/products/1345/grivna-s-konec-i-zlatna-bukva-6567486a14067.jpeg?width=1920&height=1920&v=1777601739,https://dp-silver.com/cdn/img/products/1345/grivna-s-konec-i-zlatna-bukva-6567486a14067.jpeg?width=600&height=600&v=1777601739",TRUE,,dp-silver,,,,,,,Бижута,Гривни,false,,,,,,,,,,,,Буква,,,,,,,,,,,
Гривна с конец и златна буква,DP Silver,grivna-s-konets-i-zlatna-bukva-2,Аксесоари,,,,EUR,Гривна с конец и златна буква от DP Silver.,,https://dp-silver.com/product/grivna-s-konec-i-zlatna-bukva-2,https://dp-silver.com,"https://dp-silver.com/cdn/img/products/1358/grivna-s-konec-i-zlatna-bukva-656889b94e0bf.jpeg?width=1920&height=1920&v=1777601737,https://dp-silver.com/cdn/img/products/1358/grivna-s-konec-i-zlatna-bukva-656889b94e0bf.jpeg?width=600&height=600&v=1777601737",TRUE,,dp-silver,,,,,,,Бижута,Гривни,false,,,,,,,,,,,,Буква,,,,,,,,,,,
Колие от бяло злато 14K с естествени диаманти 0.14ct VS/G | ASTO Gold,ASTO Gold,kolie-ot-byalo-zlato-14k-s-estestveni-diamanti-0-14ct-vs-g-asto-gold,Аксесоари,,,,EUR,"Колие от бяло злато 14K с естествени диаманти 0.14ct VS/G | ASTO Gold от ASTO Gold. Материали, посочени от бранда: Злато.",,https://astogold.bg/bg/magazin/kolie-byalo-zlato-14k-estestveni-diamanti-0-14ct-vs-g-asto-gold,https://astogold.bg,https://astogold.bg/service/image?dWc3ZWZ3ZDZTVUFWV2tNNUg1Tks0bnlTaFFjdzZMSXZFYnowTlRJcU5RU2VOY3lXWCtTbEhXbytaVTZ2cjcrcThibmZXUWc2OUFvTE1KbGxURDdJMUE9PQ__,TRUE,,asto-gold,,,,,,,Бижута,Колиета,false,,,,"Бял,Син",Злато,Жени,,,,,Диамант,,,,,,,,,,,,
Колие от розово и бяло злато 14K с диаманти 0.14ct VS/G | ASTO Gold,ASTO Gold,kolie-ot-rozovo-i-byalo-zlato-14k-s-diamanti-0-14ct-vs-g-asto-gold,Аксесоари,,,,EUR,"Колие от розово и бяло злато 14K с диаманти 0.14ct VS/G | ASTO Gold от ASTO Gold. Материали, посочени от бранда: Злато.",,https://astogold.bg/bg/magazin/kolie-rozovo-byalo-zlato-14k-diamanti-0-14ct-vs-g-asto-gold,https://astogold.bg,https://astogold.bg/service/image?WFZ5NTJNa1k4NkZiOGlNWjNLMyszcE5HclhKcFNBd1VwWnFhVU43MWFzQWVjSitTZmVEdUdHZGw4RFo3ZGJ4cUFzMmJ6Qng5a0l6QTF2K1pjZ0ZBWkE9PQ__,TRUE,,asto-gold,,,,,,,Бижута,Колиета,false,,,,"Бял,Розов,Син",Злато,Жени,,,,,Диамант,,,,,,,,,,,,
Модерен Златен Пръстен с Диаманти 0.21ct. | ASTO Gold,ASTO Gold,moderen-zlaten-prasten-s-diamanti-0-21ct-asto-gold,Аксесоари,,,,EUR,"Модерен Златен Пръстен с Диаманти 0.21ct. | ASTO Gold от ASTO Gold. Материали, посочени от бранда: Злато.",,https://astogold.bg/bg/magazin/moderen-zlaten-prasten-diamanti-0-21ct-asto-gold,https://astogold.bg,https://astogold.bg/service/image?UHFDNmlpS1pHMlYxRkFydE9uYlJYZUd6OEVkQzZGblk3S0VPR1JzY2lkcFRSczZucjJwekNOK3dwU0JEZlN2ZDFtNDBwcklHdHMyVlRrOEJ4WHhQeUE9PQ__,TRUE,,asto-gold,,,,,,,Бижута,Пръстени,false,,,,Жълт,Злато,,,,,,Диамант,Кръст,,,,,,,,,,,
"Златни обеци халки ""Флорин"" от жълто злато 14К с циркони",ASTO Gold,zlatni-obetsi-halki-florin-ot-zhalto-zlato-14k-s-tsirkoni,Аксесоари,,,,EUR,"Златни обеци халки ""Флорин"" от жълто злато 14К с циркони от ASTO Gold. Материали, посочени от бранда: Злато.",,https://astogold.bg/bg/magazin/zlatni-obetsi-zhalto-zlato-14k-tsirkoni-florin,https://astogold.bg,https://astogold.bg/service/image?emZRNkZPbkNHZWh4eG1iQU5SbVd4dFc5dkNlQnhzK01odlpQZ094S2JuSzlBMFNCb3ZLZW9ISEt0TkxjVUFDREZBMzkvSlllRVdpeEt2Zmc2MWlSUnc9PQ__,TRUE,,asto-gold,,,,,,,Бижута,Обеци,false,,,,Жълт,Злато,,,,,,,,,,,,,,,,,,
"Златна висулка ""Сърце"" от жълто злато 14К с цикрони",ASTO Gold,zlatna-visulka-sartse-ot-zhalto-zlato-14k-s-tsikroni,Аксесоари,,,,EUR,"Златна висулка ""Сърце"" от жълто злато 14К с цикрони от ASTO Gold.",,https://astogold.bg/bg/magazin/zlatna-visulki-sarce-zhalto-zlato-tsirkon-astogold-1,https://astogold.bg,https://astogold.bg/service/image?eHFxN3MxOEdWdXJVeDBZTlQyQkdRbHRxVDh5ZG5CSzNVM1o4dlpGTmdXTDJFMS9IT1lpUEpRSFJSR2RuYVlkN0hFRDNBcmdYNFd4eE44SG5uSC94Y2c9PQ__,TRUE,,asto-gold,,,,,,,Бижута,Колиета,false,,,,Жълт,,,,,,,,,,,,,,,,,,,
Пръстен от Жълто Злато с Изумруди и Диаманти 14K | ASTO Gold,ASTO Gold,prasten-ot-zhalto-zlato-s-izumrudi-i-diamanti-14k-asto-gold,Аксесоари,,,,EUR,"Пръстен от Жълто Злато с Изумруди и Диаманти 14K | ASTO Gold от ASTO Gold. Материали, посочени от бранда: Злато.",,https://astogold.bg/bg/magazin/prasten-zhalto-zlato-izumrudi-diamanti-14k-asto-gold,https://astogold.bg,https://astogold.bg/service/image?TkxjL1MvMTZUZFd5MjNjWTk4UGFLVE5pdmMrN3RreG5ManA0emRhTzRWb3VDYUJJNWpBbC9wekduRE11QWZFWHdiS1NtcVBDSjhvbFhKQ1hTSFc0Tnc9PQ__,TRUE,,asto-gold,,,,,,,Бижута,Пръстени,false,,,,Жълт,Злато,,,,,,"Диамант,Изумруд",,,,,,,,,,,,
Годежен Пръстен от Бяло Злато с Диаманти 0.09 карата | ASTO Gold,ASTO Gold,godezhen-prasten-ot-byalo-zlato-s-diamanti-0-09-karata-asto-gold,Аксесоари,,,,EUR,"Годежен Пръстен от Бяло Злато с Диаманти 0.09 карата | ASTO Gold от ASTO Gold. Материали, посочени от бранда: Злато.",,https://astogold.bg/bg/magazin/godezhen-prasten-byalo-zlato-diamanti-0-09-karata-asto-gold,https://astogold.bg,https://astogold.bg/service/image?bTFCZ0Vha1pIODlDdG1CSUhPODh3ZVpLZUkrS0lzUmx0OXREdzhXZUFVMVVjS2dGTlFUcU9WUHEvN0FVMDBhbnFZM1VKUHF1VktydTExRUowR1VpUVE9PQ__,TRUE,,asto-gold,,,,,,,Бижута,Пръстени,false,,,,Бял,Злато,,,,,,Диамант,Годежен,,,,,,,,,,,
Златна Гривна с Уникална Плетка Бяло и Жълто Злато 14К | ASTO,ASTO Gold,zlatna-grivna-s-unikalna-pletka-byalo-i-zhalto-zlato-14k-asto,Аксесоари,,,,EUR,"Златна Гривна с Уникална Плетка Бяло и Жълто Злато 14К | ASTO от ASTO Gold. Материали, посочени от бранда: Злато.",,https://astogold.bg/bg/magazin/zlatna-grivna-unikalna-pletka-byalo-zhalto-zlato-14k-asto,https://astogold.bg,https://astogold.bg/service/image?NGxYMnVYc3k4a1Y2VjJHS0x4b0U1cW5KRVBWbUc2K3ZGcTBENllGeG9Hd0ZHMThXR1YwNENHQTlVZm9hbGlnOHlrVEs4cDlwZ0Nnckk1QjZjd0E0NWc9PQ__,TRUE,,asto-gold,,,,,,,Бижута,Гривни,false,,,,"Бял,Жълт",Злато,Жени,,,,,,,,,,,,,,,,,
Дамска Златна Гривна с Вълнообразен Дизайн 14К | ASTO,ASTO Gold,damska-zlatna-grivna-s-valnoobrazen-dizain-14k-asto,Аксесоари,,,,EUR,"Дамска Златна Гривна с Вълнообразен Дизайн 14К | ASTO от ASTO Gold. Материали, посочени от бранда: Злато.",,https://astogold.bg/bg/magazin/damska-zlatna-grivna-valnoobrazen-dizayn-14k-asto,https://astogold.bg,https://astogold.bg/service/image?SThWeEV0ZVpSdUpxQlY3V01zYWEvL3Y1N3JjY0NGdEZLOTJKSkw5TTdUV2xBVDRuUE1ZS2hKWVRIazloT0ZaRDFxQ2FZWld5RGpYdERPVGlqVEVjK1E9PQ__,TRUE,,asto-gold,,,,,,,Бижута,Гривни,false,,,Ръчна изработка,"Бял,Жълт",Злато,Жени,,,,,,,,,,,,,,,,,
Годежен Пръстен от Бяло Злато с Диамант 0.18ct. VS1/F | ASTO Gold,ASTO Gold,godezhen-prasten-ot-byalo-zlato-s-diamant-0-18ct-vs1-f-asto-gold,Аксесоари,,,,EUR,"Годежен Пръстен от Бяло Злато с Диамант 0.18ct. VS1/F | ASTO Gold от ASTO Gold. Материали, посочени от бранда: Злато.",,https://astogold.bg/bg/magazin/godezhen-prasten-byalo-zlato-diamant-0-18ct-vs1-f-asto-gold,https://astogold.bg,https://astogold.bg/service/image?Y0FXeDJRcXRPcUdzVWFwNDVIcXdoZ2RzN3B5MU1RZHlQMWFUd3oxQzh6ajY2cDNDVnhuV2l6YXM0RkU1MkRtbzZsV0RGWTRCdTNmcjg4T1FVT05Namc9PQ__,TRUE,,asto-gold,,,,,,,Бижута,Пръстени,false,,,,Бял,Злато,,,,,,Диамант,Годежен,,,,,,,,,,,
Златни Обеци с Естествени Диаманти 2x0.24ct. „Aura“ | ASTO Gold,ASTO Gold,zlatni-obetsi-s-estestveni-diamanti-2x0-24ct-aura-asto-gold,Аксесоари,,,,EUR,"Златни Обеци с Естествени Диаманти 2x0.24ct. „Aura“ | ASTO Gold от ASTO Gold. Материали, посочени от бранда: Злато.",,https://astogold.bg/bg/magazin/zlatni-obetsi-estestveni-diamanti-2x0-24ct-aura-asto-gold,https://astogold.bg,https://astogold.bg/service/image?KzZNN2lxeVF3TTcrSklZRE5xU1M0RE5iMjFLS2lBY2VQNk4zSlp0bWNmbnQwdzU2cXdxV0RXTjdldWJhNVlZbS9MRXhMdFV2YnQ1ZThrUlVTNXl6c2c9PQ__,TRUE,,asto-gold,,,,,,,Бижута,Колиета,false,,,,Жълт,Злато,,,,,,Диамант,,,,,,,,,,,,
Пръстен „Ruby Royal“ с естествен рубин и диаманти,ASTO Gold,prasten-ruby-royal-s-estestven-rubin-i-diamanti,Аксесоари,,,,EUR,"Пръстен „Ruby Royal“ с естествен рубин и диаманти от ASTO Gold. Материали, посочени от бранда: Злато.",,https://astogold.bg/bg/magazin/prasten-ruby-royal-estestven-rubin-diamanti,https://astogold.bg,https://astogold.bg/service/image?WVlFOWZmbVBpVWhXd1pySG85NllwcmpjM3Zpb3FoZFpvQXpCNTREVTIvNmxEUWRBNjFITUZSaTdQMWlML0tEaVk5SFMyS2I5ekttZHhXbDVkYkthcVE9PQ__,TRUE,,asto-gold,,,,,,,Бижута,Пръстени,false,,,,Бял,Злато,,,,,,"Диамант,Рубин",,,,,,,,,,,,
Пръстен Aura Mint от жълто злато 14К с 0.13ct. диаманти,ASTO Gold,prasten-aura-mint-ot-zhalto-zlato-14k-s-0-13ct-diamanti,Аксесоари,,,,EUR,"Пръстен Aura Mint от жълто злато 14К с 0.13ct. диаманти от ASTO Gold. Материали, посочени от бранда: Злато.",,https://astogold.bg/bg/magazin/prasten-aura-mint-zhalto-zlato-14k-0-13ct-diamanti,https://astogold.bg,https://astogold.bg/service/image?U1oxZ3hhU2YyaEJxeUROWU5xWG1CVm1wN1Ywb2dHWk54eUk1cXZZWTVkWUF3eHo5OWd2RUZtYVZNaEZISDdsVjRlOHN1b2ptRHlPTjQ0ZDhmWDFwcGc9PQ__,TRUE,,asto-gold,,,,,,,Бижута,Пръстени,false,,,,Жълт,Злато,,,,,,Диамант,,,,,,,,,,,,
Пръстен Aura Rose от розово злато с 0.13ct. диаманти,ASTO Gold,prasten-aura-rose-ot-rozovo-zlato-s-0-13ct-diamanti,Аксесоари,,,,EUR,"Пръстен Aura Rose от розово злато с 0.13ct. диаманти от ASTO Gold. Материали, посочени от бранда: Злато.",,https://astogold.bg/bg/magazin/prasten-aura-rose-rozovo-zlato-0-13ct-diamanti,https://astogold.bg,https://astogold.bg/service/image?QUw2anhpa09zTEJBSm1CT2MwRGlhVHFSLzVPME5QMEZwdXJwMXVBRzFpdVdZRXdCUjlmQjgvbTlSRTN6WmVWbVFKU3d1WDZOalBpZWVVeTEyVzc0NEE9PQ__,TRUE,,asto-gold,,,,,,,Бижута,Пръстени,false,,,,Розов,Злато,,,,,,Диамант,,,,,,,,,,,,
Диамантен пръстен „Royal Asscher Heritage“ от бяло злато,ASTO Gold,diamanten-prasten-royal-asscher-heritage-ot-byalo-zlato,Аксесоари,,,,EUR,"Диамантен пръстен „Royal Asscher Heritage“ от бяло злато от ASTO Gold. Материали, посочени от бранда: Злато.",,https://astogold.bg/bg/magazin/diamanten-prasten-royal-asscher-heritage-byalo-zlato,https://astogold.bg,https://astogold.bg/service/image?YzNLd2o4K05TYVBqaGg3UFZrRlVCelRtck9kSkZCbkJXSE04K1E2QU0vd00yZGVNOXBndFdja2ptRHFGSmVQY05IdGd1Z2dIWjY3bzNsTGF1SnRaUlE9PQ__,TRUE,,asto-gold,,,,,,,Бижута,Пръстени,false,,,,Бял,Злато,,,,,,Диамант,,,,,,,,,,,,
Диамантена тенис гривна с естествени диаманти 0.54ct.,ASTO Gold,diamantena-tenis-grivna-s-estestveni-diamanti-0-54ct,Аксесоари,,,,EUR,"Диамантена тенис гривна с естествени диаманти 0.54ct. от ASTO Gold. Материали, посочени от бранда: Злато.",,https://astogold.bg/bg/magazin/diamantena-tenis-grivna-estestveni-diamanti-0-54ct,https://astogold.bg,https://astogold.bg/service/image?Ujh1N2J5NmtMY09RVHlMaVE5U1A4Wk1ZNjVsd0pUeFRwbEZBbzVZY2IyTHpOL2hFZ3pNT0V2cWVkc1VvOUhyWGFGVFFmZ2IxY3hZU1VmSE5iZUsxN3c9PQ__,TRUE,,asto-gold,,,,,,,Бижута,Гривни,false,,,,Бял,Злато,,,,,,Диамант,,,,,,,,,,,,
"Диамантен пръстен ""Brilliance"" от бяло злато",ASTO Gold,diamanten-prasten-brilliance-ot-byalo-zlato,Аксесоари,,,,EUR,"Диамантен пръстен ""Brilliance"" от бяло злато от ASTO Gold. Материали, посочени от бранда: Злато.",,https://astogold.bg/bg/magazin/diamanten-prasten-brilliance-byalo-zlato,https://astogold.bg,https://astogold.bg/service/image?TmFSZXVETlkrNUhpNisyMEFkT0M3T1hqQ3Ixdm53UW5QeWtFVjRmWGxwWGkzcVZSeDB1dmZMKyt6Q21BT2RsUlJRam9OQ1pOckRjSmU2KytiS2pUNEE9PQ__,TRUE,,asto-gold,,,,,,,Бижута,Пръстени,false,,,,Бял,Злато,,,,,,Диамант,Годежен,Елегантен,,,,,,,,,,
Диамантен пръстен „Нощна елегантност“ със седеф,ASTO Gold,diamanten-prasten-noshtna-elegantnost-sas-sedef,Аксесоари,,,,EUR,"Диамантен пръстен „Нощна елегантност“ със седеф от ASTO Gold. Материали, посочени от бранда: Злато.",,https://astogold.bg/bg/magazin/diamanten-prasten-noshtna-elegantnost-sedef,https://astogold.bg,https://astogold.bg/service/image?Vy8zbTc5dHhXMkZGV3NTVzZsSVFsZTdVdzVuL1pCNmJEV28wUm1wQlhNSFpsT2wwRC9qZFk2YnlEMGJ6NFFUc3ptYTg4V2UzeVRoTCt5YzY1WkhpcGc9PQ__,TRUE,,asto-gold,,,,,,,Бижута,Колиета,false,,,,Бял,Злато,Жени,,,,,Диамант,,,,,,,,,,,,
Диамантен пръстен „Белисима Флора“ със седеф,ASTO Gold,diamanten-prasten-belisima-flora-sas-sedef,Аксесоари,,,,EUR,"Диамантен пръстен „Белисима Флора“ със седеф от ASTO Gold. Материали, посочени от бранда: Злато.",,https://astogold.bg/bg/magazin/diamanten-prasten-belisima-flora-sedef,https://astogold.bg,https://astogold.bg/service/image?Zi9JWXRLeEJYRHpCWFVMRGRHYUc5QWxjeWdXZjdCUitxMmR4QXJHN1VibDZjQTl0OVViQ0ZWcVdNMVNObDY4d0cvN3ZUSXFPcmZGSE1tWFFRQ1FLVUE9PQ__,TRUE,,asto-gold,,,,,,,Бижута,Пръстени,false,,,,Жълт,Злато,,,,,,Диамант,,,,,,,,,,,,
"Годежен пръстен ""Luce Eterna "" с натурални диаманти",ASTO Gold,godezhen-prasten-luce-eterna-s-naturalni-diamanti,Аксесоари,,,,EUR,"Годежен пръстен ""Luce Eterna "" с натурални диаманти от ASTO Gold. Материали, посочени от бранда: Злато.",,https://astogold.bg/bg/magazin/godezhen-prasten-luce-eterna-naturalni-diamanti,https://astogold.bg,https://astogold.bg/service/image?UUtXNGp6RFN1UlRONVJobzltS0RHb29sWkY4bWVnYlVDQk4rNlQwOWpGU01LcG9oVHRkOWtRMkNBNnZmMDBSenJHUEJFa25RUTEzbUdhZjdpaHRYK0E9PQ__,TRUE,,asto-gold,,,,,,,Бижута,Пръстени,false,,,Натурален,Розов,Злато,,,,,,Диамант,Годежен,,,,,,,,,,,
Ваучер за подарък_002,Bulgarian Silver,vaucher-za-podarak-002,Аксесоари,,,,EUR,Ваучер за подарък_002 от Bulgarian Silver.,,https://bulgariansilver.com/ваучер-за-подарък-002-156,https://bulgariansilver.com,,TRUE,,bulgarian-silver,,,,,,,Бижута,,false,,,,,,,,,,,,,,,,,,,,,,,
"Детско колие ""Мак""- 3336",Bulgarian Silver,detsko-kolie-mak-3336,Аксесоари,,,,EUR,"Детско колие ""Мак""- 3336 от Bulgarian Silver.",,https://bulgariansilver.com/детско-колие-мак--3336-1-2015,https://bulgariansilver.com,,TRUE,,bulgarian-silver,,,,,,,Бижута,Гривни,false,,,,Син,,Деца,,,,,,,,,,,,,,,,,
"Детско колие ""Раче-Осмокраче""- 2539",Bulgarian Silver,detsko-kolie-rache-osmokrache-2539,Аксесоари,,,,EUR,"Детско колие ""Раче-Осмокраче""- 2539 от Bulgarian Silver. Материали, посочени от бранда: Сребро.",,https://bulgariansilver.com/детско-сребърно-колие-раче-осмокраче--2539-1-1944,https://bulgariansilver.com,,TRUE,,bulgarian-silver,,,,,,,Бижута,Гривни,false,,,,Син,Сребро,Деца,,,,,,,,,,,,,,,,,
"Сребърен пръстен ""Хелиос"" - 2553",Bulgarian Silver,srebaren-prasten-helios-2553,Аксесоари,,,,EUR,"Сребърен пръстен ""Хелиос"" - 2553 от Bulgarian Silver.",,https://bulgariansilver.com/сребърен-пръстен-хелиос--2553-488,https://bulgariansilver.com,,TRUE,,bulgarian-silver,,,,,,,Бижута,Обеци,false,,,,,,,,,,,,,,,,,,,,,,,
"Сребърен пръстен ""Клео""/ Цитрин",Bulgarian Silver,srebaren-prasten-kleo-tsitrin,Аксесоари,,,,EUR,"Сребърен пръстен ""Клео""/ Цитрин от Bulgarian Silver.",,https://bulgariansilver.com/сребърен-пръстен-клео-/-цитрин-1-2221,https://bulgariansilver.com,,TRUE,,bulgarian-silver,,,,,,,Бижута,Гривни,false,,,,Син,,,,,,,Цитрин,,,,,,,,,,,,
"Сребърен комплект ""Рада""/ Сагенитов ахат/ УНИКАТ",Bulgarian Silver,srebaren-komplekt-rada-sagenitov-ahat-unikat,Аксесоари,,,,EUR,"Сребърен комплект ""Рада""/ Сагенитов ахат/ УНИКАТ от Bulgarian Silver.",,https://bulgariansilver.com/сребърен-комплект-сагенитов-ахат/-уникат-1-2187,https://bulgariansilver.com,,TRUE,,bulgarian-silver,,,,,,,Бижута,Гривни,false,,,,Син,,,,,,,,,,,,,,,,,,,
Сребърен пръстен с Нефрит/Аметист/Цитрин / УНИКАТ,Bulgarian Silver,srebaren-prasten-s-nefrit-ametist-tsitrin-unikat,Аксесоари,,,,EUR,Сребърен пръстен с Нефрит/Аметист/Цитрин / УНИКАТ от Bulgarian Silver.,,https://bulgariansilver.com/сребърен-пръстен-с-нифрит/аметист/цитрин--1-2176,https://bulgariansilver.com,,TRUE,,bulgarian-silver,,,,,,,Бижута,Гривни,false,,,,Син,,,,,,,Цитрин,,,,,,,,,,,,
"Сребърен комплект ""Кло""- Цитрин/ Уникат",Bulgarian Silver,srebaren-komplekt-klo-tsitrin-unikat,Аксесоари,,,,EUR,"Сребърен комплект ""Кло""- Цитрин/ Уникат от Bulgarian Silver.",,https://bulgariansilver.com/сребърен-комплект-кло--цитрин/-уникат-1-2031,https://bulgariansilver.com,,TRUE,,bulgarian-silver,,,,,,,Бижута,Комплекти бижута,false,,,,,,,,,,,Цитрин,,,,,,,,,,,,
"Сребърен пръстен ""Непал""/ Аметрин - аметист цитрин",Bulgarian Silver,srebaren-prasten-nepal-ametrin-ametist-tsitrin,Аксесоари,,,,EUR,"Сребърен пръстен ""Непал""/ Аметрин - аметист цитрин от Bulgarian Silver.",,https://bulgariansilver.com/сребърен-пръстен-непал-/-аметрин--аметист-цитрин-1-2224,https://bulgariansilver.com,,TRUE,,bulgarian-silver,,,,,,,Бижута,Гривни,false,,,,Син,,,,,,,Цитрин,,,,,,,,,,,,
"Сребърен пръстен ""Кай""/ Цитрин",Bulgarian Silver,srebaren-prasten-kai-tsitrin,Аксесоари,,,,EUR,"Сребърен пръстен ""Кай""/ Цитрин от Bulgarian Silver.",,https://bulgariansilver.com/сребърен-пръстен-кай-/-цитрин-1-2283,https://bulgariansilver.com,,TRUE,,bulgarian-silver,,,,,,,Бижута,Гривни,false,,,,Син,,,,,,,Цитрин,,,,,,,,,,,,
Сребърен медальон Св. Димитър/ Г - 3481,Bulgarian Silver,srebaren-medalyon-sv-dimitar-g-3481,Аксесоари,,,,EUR,Сребърен медальон Св. Димитър/ Г - 3481 от Bulgarian Silver.,,https://bulgariansilver.com/сребърен-медальон-св.-георги/-г-1-2086,https://bulgariansilver.com,,TRUE,,bulgarian-silver,,,,,,,Бижута,Гривни,false,,,,Син,,,,,,,,,,,,,,,,,,,
Гривна - 1016/ сребро и естествена кожа,Bulgarian Silver,grivna-1016-srebro-i-estestvena-kozha,Аксесоари,,,,EUR,"Гривна - 1016/ сребро и естествена кожа от Bulgarian Silver. Материали, посочени от бранда: Естествена кожа, Сребро.",,https://bulgariansilver.com/гривна--1016-/-сребро-и-естествена-кожа-1-2278,https://bulgariansilver.com,,TRUE,,bulgarian-silver,,,,,,,Бижута,Гривни,false,,,,Син,"Естествена кожа,Сребро",,,,,,,,,,,,,,,,,,
Сребърен медальон - 2613,Bulgarian Silver,srebaren-medalyon-2613,Аксесоари,,,,EUR,Сребърен медальон - 2613 от Bulgarian Silver.,,https://bulgariansilver.com/сребърен-медальон--2613-1395,https://bulgariansilver.com,,TRUE,,bulgarian-silver,,,,,,,Бижута,Гривни,false,,,,Син,,,,,,,,,,,,,,,,,,,
"Сребърен пръстен ""Вода""/ Планински кристал",Bulgarian Silver,srebaren-prasten-voda-planinski-kristal,Аксесоари,,,,EUR,"Сребърен пръстен ""Вода""/ Планински кристал от Bulgarian Silver.",,https://bulgariansilver.com/сребърен-пръстен-вода-/-планински-кристал-1-2319,https://bulgariansilver.com,,TRUE,,bulgarian-silver,,,,,,,Бижута,Гривни,false,,,,Син,,,,,,,,,,,,,,,,,,,
"Сребърен пръстен ""Косара"" Малахит/Авантюрин/Тюркоаз/Розов кварц/Карнеол/Оникс/Седеф",Bulgarian Silver,srebaren-prasten-kosara-malahit-avantyurin-tyurkoaz-rozov-kvarts-karneol-oniks-sedef,Аксесоари,,,,EUR,"Сребърен пръстен ""Косара"" Малахит/Авантюрин/Тюркоаз/Розов кварц/Карнеол/Оникс/Седеф от Bulgarian Silver.",,https://bulgariansilver.com/сребърен-пръстен-косара-малахит/авантюрин/тзркоаз/розов-кварц/карнеол/оникс/седеф-1-2323,https://bulgariansilver.com,,TRUE,,bulgarian-silver,,,,,,,Бижута,Гривни,false,,,,"Розов,Син",,,,,,,,,,,,,,,,,,,
"Сребърен пръстен ""Везни"" - Розов кварц",Bulgarian Silver,srebaren-prasten-vezni-rozov-kvarts,Аксесоари,,,,EUR,"Сребърен пръстен ""Везни"" - Розов кварц от Bulgarian Silver.",,https://bulgariansilver.com/сребърен-пръстен-везни--розов-кварц-706,https://bulgariansilver.com,,TRUE,,bulgarian-silver,,,,,,,Бижута,Гривни,false,,,,"Розов,Син",,,,,,,,,,,,,,,,,,,
"Сребърен медальон ""Метеор""/ Лабрадорит",Bulgarian Silver,srebaren-medalyon-meteor-labradorit,Аксесоари,,,,EUR,"Сребърен медальон ""Метеор""/ Лабрадорит от Bulgarian Silver.",,https://bulgariansilver.com/сребърен-медальон-метор--1-2168,https://bulgariansilver.com,,TRUE,,bulgarian-silver,,,,,,,Бижута,Гривни,false,,,,Син,,,,,,,Лабрадорит,,,,,,,,,,,,
"Сребърен комплект ""Арлета""/ Лабрадорит/ Уникат",Bulgarian Silver,srebaren-komplekt-arleta-labradorit-unikat,Аксесоари,,,,EUR,"Сребърен комплект ""Арлета""/ Лабрадорит/ Уникат от Bulgarian Silver.",,https://bulgariansilver.com/сребърен-комплект-арлета-/-лабрадорит/-уникат-1-2216,https://bulgariansilver.com,,TRUE,,bulgarian-silver,,,,,,,Бижута,Гривни,false,,,,Син,,,,,,,Лабрадорит,,,,,,,,,,,,
"Сребърен пръстен ""Грийн"" - Уникат / Турмалин",Bulgarian Silver,srebaren-prasten-griin-unikat-turmalin,Аксесоари,,,,EUR,"Сребърен пръстен ""Грийн"" - Уникат / Турмалин от Bulgarian Silver.",,https://bulgariansilver.com/сребърен-пръстен-грийн--уникат-/-турмалин-1-2310,https://bulgariansilver.com,,TRUE,,bulgarian-silver,,,,,,,Бижута,Гривни,false,,,,Син,,,,,,,,,,,,,,,,,,,
"Сребърен комплект ""Лада"" - 2809 М / БП",Bulgarian Silver,srebaren-komplekt-lada-2809-m-bp,Аксесоари,,,,EUR,"Сребърен комплект ""Лада"" - 2809 М / БП от Bulgarian Silver.",,https://bulgariansilver.com/сребърен-комплект-лада--2809-м-/-бп-405,https://bulgariansilver.com,,TRUE,,bulgarian-silver,,,,,,,Бижута,Гривни,false,,,,Син,,,,,,,,,,,,,,,,,,,
"Сребърен пръстен ""Тея"" - 3261",Bulgarian Silver,srebaren-prasten-teya-3261,Аксесоари,,,,EUR,"Сребърен пръстен ""Тея"" - 3261 от Bulgarian Silver.",,https://bulgariansilver.com/сребърен-пръстен-тея--3261-1-2070,https://bulgariansilver.com,,TRUE,,bulgarian-silver,,,,,,,Бижута,Гривни,false,,,,Син,,,,,,,,,,,,,,,,,,,
"Сребърен пръстен ""Илюзия""- 3359",Bulgarian Silver,srebaren-prasten-ilyuziya-3359,Аксесоари,,,,EUR,"Сребърен пръстен ""Илюзия""- 3359 от Bulgarian Silver.",,https://bulgariansilver.com/сребърен-пръстен-илюзия--3359-718,https://bulgariansilver.com,,TRUE,,bulgarian-silver,,,,,,,Бижута,Гривни,false,,,,Син,,,,,,,,,,,,,,,,,,,
Медальон със 7.94 карата изумруд и диаманти,EFIR Gems,medalyon-sas-7-94-karata-izumrud-i-diamanti,Аксесоари,,,,EUR,"Медальон със 7.94 карата изумруд и диаманти от EFIR Gems. Материали, посочени от бранда: Злато.",,https://efirgems.com/shop/medalon-sas-7-94-karata-izumrud-i-diamanti/,https://efirgems.com,"https://assets.efirgems.com/wp/uploads/2026/03/dsc1636-scaled.jpg,https://assets.efirgems.com/wp/uploads/2026/03/dsc2500-scaled.jpg,https://assets.efirgems.com/wp/uploads/2026/03/dsc3359-scaled.jpg,https://assets.efirgems.com/wp/uploads/2026/03/img_4109-1-scaled.jpg,https://assets.efirgems.com/wp/uploads/2026/03/dsc1636-1024x1024.jpg",TRUE,,efir-gems,,,,,,,Бижута,Колиета,false,,,,Зелен,Злато,,,,,,"Диамант,Изумруд",,,,,,,,,,,,
Обици със замбийски изумруди,EFIR Gems,obitsi-sas-zambiiski-izumrudi,Аксесоари,,,,EUR,"Обици със замбийски изумруди от EFIR Gems. Материали, посочени от бранда: Злато.",,https://efirgems.com/shop/obitsi-sas-zambijski-izumrudi/,https://efirgems.com,"https://assets.efirgems.com/wp/uploads/2026/03/2026-02-20-17-03-08-cs4-scaled.jpg,https://assets.efirgems.com/wp/uploads/2026/03/dsc3416-scaled.jpg,https://assets.efirgems.com/wp/uploads/2026/03/dsc1970-1-scaled.jpg,https://assets.efirgems.com/wp/uploads/2026/03/img_4110-2-scaled.jpg,https://assets.efirgems.com/wp/uploads/2026/03/img_4111-2-scaled.jpg,https://assets.efirgems.com/wp/uploads/2026/03/2026-02-20-17-03-08-cs4-1024x1024.jpg",TRUE,,efir-gems,,,,,,,Бижута,Обеци,false,,,,Зелен,Злато,,,,,,Изумруд,,,,,,,,,,,,
Колие със сменящ цвета си гранат,EFIR Gems,kolie-sas-smenyasht-tsveta-si-granat,Аксесоари,,,,EUR,"Колие със сменящ цвета си гранат от EFIR Gems. Материали, посочени от бранда: Злато.",,https://efirgems.com/shop/kolie-sas-smenyastht-tsveta-si-granat/,https://efirgems.com,"https://assets.efirgems.com/wp/uploads/2026/03/2026-02-20-17-10-57-cs4-scaled.jpg,https://assets.efirgems.com/wp/uploads/2026/03/dsc2117-scaled.jpg,https://assets.efirgems.com/wp/uploads/2026/03/dsc1803-scaled.jpg,https://assets.efirgems.com/wp/uploads/2026/03/img_4091-1-scaled.jpeg,https://assets.efirgems.com/wp/uploads/2026/03/2026-02-20-17-10-57-cs4-1024x1024.jpg",TRUE,,efir-gems,,,,,,,Бижута,Колиета,false,,,,"Жълт,Зелен",Злато,Жени,,,,,,,,,,,,,,,,,
Лимитирана висулка - Вълшебна лампа,EFIR Gems,limitirana-visulka-valshebna-lampa,Аксесоари,,,,EUR,"Лимитирана висулка - Вълшебна лампа от EFIR Gems. Материали, посочени от бранда: Злато.",,https://efirgems.com/shop/limitirana-visulka-lampa/,https://efirgems.com,"https://assets.efirgems.com/wp/uploads/2026/06/img_7229-2.png,https://assets.efirgems.com/wp/uploads/2026/06/dsc_7892-scaled.jpeg,https://assets.efirgems.com/wp/uploads/2026/06/fd0d1e66-735a-4bdc-8070-d9e42a03ec7b-scaled.jpg,https://assets.efirgems.com/wp/uploads/2026/06/dsc_7904-scaled.jpeg,https://assets.efirgems.com/wp/uploads/2026/06/img_7229-2-1024x1024.png",TRUE,,efir-gems,,,,,,,Бижута,Колиета,false,,,,Син,Злато,,,,,,,,,,,,,,,,,,
"Гривна ""Embracelet""",EFIR Gems,grivna-embracelet,Аксесоари,,,,EUR,"Гривна ""Embracelet"" от EFIR Gems. Материали, посочени от бранда: Злато.",,https://efirgems.com/shop/grivna-embracelet/,https://efirgems.com,"https://assets.efirgems.com/wp/uploads/2024/11/dsc07709.jpg,https://assets.efirgems.com/wp/uploads/2024/11/dsc08941-1-scaled.jpg,https://assets.efirgems.com/wp/uploads/2024/08/dsc_1778-scaled-e1723738573507.jpg,https://assets.efirgems.com/wp/uploads/2024/08/dsc_1742-scaled-e1723730437103.jpeg,https://assets.efirgems.com/wp/uploads/2024/11/dsc07709-1024x1024.jpg",TRUE,,efir-gems,,,,,,,Бижута,Гривни,false,,,,"Бял,Жълт",Злато,,,,,,Диамант,,,,,,,,,,,,
Пръстен - Змии,EFIR Gems,prasten-zmii,Аксесоари,,,,EUR,"Пръстен - Змии от EFIR Gems. Материали, посочени от бранда: Злато.",,https://efirgems.com/shop/prasten-zmii/,https://efirgems.com,"https://assets.efirgems.com/wp/uploads/2024/11/dsc07574.jpg,https://assets.efirgems.com/wp/uploads/2024/11/dsc09007-1-scaled.jpg,https://assets.efirgems.com/wp/uploads/2024/11/dsc07574-1024x1024.jpg",TRUE,,efir-gems,,,,,,,Бижута,Пръстени,false,,,,"Бял,Жълт",Злато,,,,,,"Диамант,Рубин",,,,Летен,,,,,,,,
"Златни обици ""Ивици""",EFIR Gems,zlatni-obitsi-ivitsi,Аксесоари,,,,EUR,"Златни обици ""Ивици"" от EFIR Gems.",,https://efirgems.com/shop/zlatni-obici-skobi/,https://efirgems.com,"https://assets.efirgems.com/wp/uploads/2024/01/DSC4713-2-scaled.jpeg,https://assets.efirgems.com/wp/uploads/2024/02/DSC04685-scaled.jpg,https://assets.efirgems.com/wp/uploads/2024/01/DSC7049_alt-scaled.jpg,https://assets.efirgems.com/wp/uploads/2024/01/DSC4713-scaled.jpeg,https://assets.efirgems.com/wp/uploads/2024/01/DSC4713-2-1024x1024.jpeg",TRUE,,efir-gems,,,,,,,Бижута,Обеци,false,,,,,,,,,,,,,,,,,,,,,,,
Златни Пафти,EFIR Gems,zlatni-pafti,Аксесоари,,,,EUR,"Златни Пафти от EFIR Gems. Материали, посочени от бранда: Злато, Мъниста.",,https://efirgems.com/shop/zlatni-pafti/,https://efirgems.com,"https://assets.efirgems.com/wp/uploads/2024/01/DSC4736-scaled.jpeg,https://assets.efirgems.com/wp/uploads/2024/01/DSC6642_alt.jpeg,https://assets.efirgems.com/wp/uploads/2024/01/DSC4736-1024x1024.jpeg",TRUE,,efir-gems,,,,,,,Бижута,,false,,,Еко,"Бял,Жълт,Син","Злато,Мъниста",Деца,,,,,Диамант,,,,,,,,,,,,
Медальон Канатица,EFIR Gems,medalyon-kanatitsa,Аксесоари,,,,EUR,"Медальон Канатица от EFIR Gems. Материали, посочени от бранда: Злато.",,https://efirgems.com/shop/medalon-kanaticza/,https://efirgems.com,"https://assets.efirgems.com/wp/uploads/2024/01/DSC4726-scaled.jpeg,https://assets.efirgems.com/wp/uploads/2024/01/DSC4730-scaled.jpeg,https://assets.efirgems.com/wp/uploads/2024/01/DSC6490_alt-scaled.jpg,https://assets.efirgems.com/wp/uploads/2024/01/5396a42e-50cd-4eb8-bb7e-21e55b9eb406.jpeg,https://assets.efirgems.com/wp/uploads/2024/01/DSC4726-1024x1024.jpeg",TRUE,,efir-gems,,,,,,,Мъжки бижута,Колиета,false,,,,Син,Злато,Мъже,,,,,Диамант,,,,,,,,,,,,
"Обици ""Арпалии""",EFIR Gems,obitsi-arpalii,Аксесоари,,,,EUR,"Обици ""Арпалии"" от EFIR Gems. Материали, посочени от бранда: Злато.",,https://efirgems.com/shop/obiczi-arpalii/,https://efirgems.com,"https://assets.efirgems.com/wp/uploads/2024/01/DSC4767-scaled.jpeg,https://assets.efirgems.com/wp/uploads/2024/01/DSC6869_alt-scaled.jpg,https://assets.efirgems.com/wp/uploads/2024/01/DSC4767-1024x1024.jpeg",TRUE,,efir-gems,,,,,,,Бижута,Колиета,false,,,,,Злато,,,,,,,,,,,,,,,,,,
Коктейлен пръстен с Цитрин и Диаманти,EFIR Gems,kokteilen-prasten-s-tsitrin-i-diamanti,Аксесоари,,,,EUR,"Коктейлен пръстен с Цитрин и Диаманти от EFIR Gems. Материали, посочени от бранда: Злато.",,https://efirgems.com/shop/koktejlen-prasten-s-czitrin-i-diamanti/,https://efirgems.com,"https://assets.efirgems.com/wp/uploads/2024/01/DSC4591-2-scaled.jpeg,https://assets.efirgems.com/wp/uploads/2024/01/DSC6935_alt-scaled.jpg,https://assets.efirgems.com/wp/uploads/2024/01/img_3903-scaled-1.webp,https://assets.efirgems.com/wp/uploads/2024/01/DSC4591-2-1024x1024.jpeg",TRUE,,efir-gems,,,,,,,Бижута,Пръстени,false,,,,"Бял,Жълт",Злато,Бебета,,,,,"Диамант,Цитрин",,,,,,,,,,,,
Медальон с Опал и Диаманти,EFIR Gems,medalyon-s-opal-i-diamanti,Аксесоари,,,,EUR,"Медальон с Опал и Диаманти от EFIR Gems. Материали, посочени от бранда: Злато.",,https://efirgems.com/shop/opaldiamonds-pendant/,https://efirgems.com,"https://assets.efirgems.com/wp/uploads/2024/02/DSC_0400-scaled.jpg,https://assets.efirgems.com/wp/uploads/2024/02/IMG_5411-scaled-1.webp,https://assets.efirgems.com/wp/uploads/2024/02/IMG_5415-scaled-1.webp,https://assets.efirgems.com/wp/uploads/2024/02/IMG_5416-scaled-1.webp,https://assets.efirgems.com/wp/uploads/2024/02/IMG_5545-scaled-1.webp,https://assets.efirgems.com/wp/uploads/2024/02/DSC_0400-1024x1024.jpg",TRUE,,efir-gems,,,,,,,Бижута,Колиета,false,,,Еко,"Бял,Жълт,Зелен,Син,Червен",Злато,,,,,,Диамант,,,,,,,,,,,,
Коктейлен пръстен с Цитрин,EFIR Gems,kokteilen-prasten-s-tsitrin,Аксесоари,,,,EUR,"Коктейлен пръстен с Цитрин от EFIR Gems. Материали, посочени от бранда: Злато.",,https://efirgems.com/shop/7932/,https://efirgems.com,"https://assets.efirgems.com/wp/uploads/2024/01/DSC4595-2-scaled.jpeg,https://assets.efirgems.com/wp/uploads/2024/01/DSC6935_alt-scaled.jpg,https://assets.efirgems.com/wp/uploads/2024/01/453dca91-688c-4adf-9af3-ca269b807498-800x1200-1.webp,https://assets.efirgems.com/wp/uploads/2024/01/DSC4595-2-1024x1024.jpeg",TRUE,,efir-gems,,,,,,,Бижута,Пръстени,false,,,Ръчна изработка,"Бял,Жълт",Злато,Бебета,,,,,Цитрин,,,,,,,,,,,,
Обици с възли,EFIR Gems,obitsi-s-vazli,Аксесоари,,,,EUR,"Обици с възли от EFIR Gems. Материали, посочени от бранда: Злато.",,https://efirgems.com/shop/obiczi-s-vazli/,https://efirgems.com,"https://assets.efirgems.com/wp/uploads/2024/01/DSC4677-scaled.jpeg,https://assets.efirgems.com/wp/uploads/2024/01/DSC6810_alt-scaled.jpg,https://assets.efirgems.com/wp/uploads/2024/01/DSC4677-1024x1024.jpeg",TRUE,,efir-gems,,,,,,,Бижута,Обеци,false,,,,,Злато,,,,,,Диамант,,Елегантен,,,,,,,,,,
Пръстен с възел,EFIR Gems,prasten-s-vazel,Аксесоари,,,,EUR,"Пръстен с възел от EFIR Gems. Материали, посочени от бранда: Злато.",,https://efirgems.com/shop/prasten-s-vazel/,https://efirgems.com,"https://assets.efirgems.com/wp/uploads/2024/01/DSC4570-scaled.jpg,https://assets.efirgems.com/wp/uploads/2024/01/DSC6789_alt-scaled.jpg,https://assets.efirgems.com/wp/uploads/2024/01/DSC6810_alt-scaled.jpg,https://assets.efirgems.com/wp/uploads/2024/01/DSC4570-1024x1024.jpg",TRUE,,efir-gems,,,,,,,Бижута,Обеци,false,,,,"Бял,Жълт",Злато,,,,,,,,Елегантен,,,,,,,,,,
Пръстен - Спагети с ментов Турмалин,EFIR Gems,prasten-spageti-s-mentov-turmalin,Аксесоари,,,,EUR,"Пръстен - Спагети с ментов Турмалин от EFIR Gems. Материали, посочени от бранда: Злато.",,https://efirgems.com/shop/prasten-spageti-s-mentov-turmalin/,https://efirgems.com,"https://assets.efirgems.com/wp/uploads/2024/11/dsc07658.jpg,https://assets.efirgems.com/wp/uploads/2024/11/dsc07731.jpg,https://assets.efirgems.com/wp/uploads/2024/11/dsc08647-1.jpg,https://assets.efirgems.com/wp/uploads/2024/11/dsc07658-1024x1024.jpg",TRUE,,efir-gems,,,,,,,Бижута,Пръстени,false,,,,,Злато,,,,,,,,,,,,,,,,,,
Пръстен със Сапфир сърце,EFIR Gems,prasten-sas-sapfir-sartse,Аксесоари,,,,EUR,"Пръстен със Сапфир сърце от EFIR Gems. Материали, посочени от бранда: Злато.",,https://efirgems.com/shop/prasten-sas-sapfir-sartse/,https://efirgems.com,"https://assets.efirgems.com/wp/uploads/2024/11/dsc07623.jpg,https://assets.efirgems.com/wp/uploads/2024/11/dsc07627-1.jpg,https://assets.efirgems.com/wp/uploads/2024/11/dsc08212-1-scaled.jpg,https://assets.efirgems.com/wp/uploads/2024/11/dsc07623-1024x1024.jpg",TRUE,,efir-gems,,,,,,,Бижута,Пръстени,false,,,,,Злато,,,,,,,,,,,,,,,,,,
Пръстен с Рубин и Диаманти,EFIR Gems,prasten-s-rubin-i-diamanti,Аксесоари,,,,EUR,"Пръстен с Рубин и Диаманти от EFIR Gems. Материали, посочени от бранда: Злато.",,https://efirgems.com/shop/prasten-s-rubin-i-diamanti/,https://efirgems.com,"https://assets.efirgems.com/wp/uploads/2024/11/dsc07443-1.jpg,https://assets.efirgems.com/wp/uploads/2024/11/dsc09244-2-scaled.jpg,https://assets.efirgems.com/wp/uploads/2024/11/dsc07443-1-1024x1024.jpg",TRUE,,efir-gems,,,,,,,Бижута,Пръстени,false,,,,Бял,Злато,,,,,,"Диамант,Рубин",,,,,,,,,,,,
Медальон с Морганит и Диаманти,EFIR Gems,medalyon-s-morganit-i-diamanti,Аксесоари,,,,EUR,"Медальон с Морганит и Диаманти от EFIR Gems. Материали, посочени от бранда: Злато.",,https://efirgems.com/shop/medalon-s-morganit-i-diamanti/,https://efirgems.com,"https://assets.efirgems.com/wp/uploads/2025/06/efirgems2-2.jpg,https://assets.efirgems.com/wp/uploads/2025/07/facetune_30-06-2025-12-21-32-2-scaled.jpg,https://assets.efirgems.com/wp/uploads/2025/07/facetune_30-06-2025-12-37-54-scaled.jpg,https://assets.efirgems.com/wp/uploads/2025/07/dsc_5860-scaled.jpeg,https://assets.efirgems.com/wp/uploads/2025/06/efirgems2-2-1024x1024.jpg",TRUE,,efir-gems,,,,,,,Бижута,Колиета,false,,,,Розов,Злато,,,,,,"Диамант,Изумруд",,,,,,,,,,,,
"Пръстен ""Have some faith, sister"" с диаманти",EFIR Gems,prasten-have-some-faith-sister-s-diamanti,Аксесоари,,,,EUR,"Пръстен ""Have some faith, sister"" с диаманти от EFIR Gems. Материали, посочени от бранда: Злато.",,https://efirgems.com/shop/prasten-have-some-faith-sister-s-diamanti/,https://efirgems.com,"https://assets.efirgems.com/wp/uploads/2025/06/photoroom_20250626_111537-e1751135768505.jpeg,https://assets.efirgems.com/wp/uploads/2025/06/dsc07196-copy-2.jpg,https://assets.efirgems.com/wp/uploads/2025/07/dsc_5340-2-1-scaled.jpg,https://assets.efirgems.com/wp/uploads/2025/06/dsc07221-copy-scaled.jpg",TRUE,,efir-gems,,,,,,,Бижута,Пръстени,false,,,,,Злато,,,,,,Диамант,,Елегантен,,,,,,,,,,
Обици Слънце и Луна,EFIR Gems,obitsi-slantse-i-luna,Аксесоари,,,,EUR,"Обици Слънце и Луна от EFIR Gems. Материали, посочени от бранда: Злато.",,https://efirgems.com/shop/obici-slynce-i-luna/,https://efirgems.com,"https://assets.efirgems.com/wp/uploads/2024/01/DSC4667-2-scaled.jpeg,https://assets.efirgems.com/wp/uploads/2024/01/DSC6760_alt-scaled.jpg,https://assets.efirgems.com/wp/uploads/2024/01/DSC6771_alt-scaled.jpg,https://assets.efirgems.com/wp/uploads/2024/01/DSC4667-2-1024x1024.jpeg",TRUE,,efir-gems,,,,,,,Бижута,Обеци,false,,,,,Злато,,,,,,Диамант,Име,,,,,,,,,,,
Годежен пръстен-R/506,Biju03,godezhen-prasten-r-506,Аксесоари,,,,EUR,Годежен пръстен-R/506 от Biju03.,,https://biju03.com/zlaten-i-diamant-portret-na-prirodata-godezhen-prasten.html,https://biju03.com,https://biju03.com/media/7/316.jpg,TRUE,,biju03,,,,,,,Бижута,Пръстени,false,,,Романтичен,,,,,,,,,Годежен,,,,,,,,,,,
Годежен пръстен-R/532,Biju03,godezhen-prasten-r-532,Аксесоари,,,,EUR,Годежен пръстен-R/532 от Biju03.,,https://biju03.com/zlaten-chashkov-prasten-komplekt-s-byal-diamant.html,https://biju03.com,https://biju03.com/media/7/244.jpg,TRUE,,biju03,,,,,,,Бижута,Пръстени,false,,,,,,,,,,,Диамант,Годежен,,,,,,,,,,,
Златна гривна с червен конец ''Безкрайност'',Biju03,zlatna-grivna-s-cherven-konets-bezkrainost,Аксесоари,,,,EUR,"Златна гривна с червен конец ''Безкрайност'' от Biju03. Материали, посочени от бранда: Злато.",,https://biju03.com/zlatna-grivna-s-cherven-konetz-bezkrainost-.html,https://biju03.com,https://biju03.com/media/7/384.gif,TRUE,,biju03,,,,,,,Бижута,Гривни,false,,,,"Жълт,Червен",Злато,,,,,,,Червен конец,,,,,,,,,,,
"Златна гривна с червен конец ""Кръст""",Biju03,zlatna-grivna-s-cherven-konets-krast,Аксесоари,,,,EUR,"Златна гривна с червен конец ""Кръст"" от Biju03.",,https://biju03.com/zlatna-grivna-s-cherven-konetz-krast-.html,https://biju03.com,https://biju03.com/media/7/576.gif,TRUE,,biju03,,,,,,,Бижута,Гривни,false,,,,Червен,,,,,,,,"Кръст,Червен конец",,,Летен,,,,,,,,
Дамска и мъжка класически прави сватбени халки,Biju03,damska-i-mazhka-klasicheski-pravi-svatbeni-halki,Аксесоари,,,,EUR,"Дамска и мъжка класически прави сватбени халки от Biju03. Материали, посочени от бранда: Злато.",,https://biju03.com/ladies-and-mens-wedding-bands.html,https://biju03.com,https://biju03.com/media/7/553.jpg,TRUE,,biju03,,,,,,,Мъжки бижута,Пръстени,false,,,,Жълт,Злато,Мъже,,,,,,,,,,,,,,,,,
Дамска и мъжка класически прави сватбени халки,Biju03,damska-i-mazhka-klasicheski-pravi-svatbeni-halki-2,Аксесоари,,,,EUR,"Дамска и мъжка класически прави сватбени халки от Biju03. Материали, посочени от бранда: Злато.",,https://biju03.com/damska-i-mazka-klasicheski-pravi-svatbeni-halki.html,https://biju03.com,https://biju03.com/media/7/445.gif,TRUE,,biju03,,,,,,,Мъжки бижута,Пръстени,false,,,,Бял,Злато,Мъже,,,,,,,,,,,,,,,,,
Дамска и мъжка класически мат и полирани прави сватбени халки,Biju03,damska-i-mazhka-klasicheski-mat-i-polirani-pravi-svatbeni-halki,Аксесоари,,,,EUR,"Дамска и мъжка класически мат и полирани прави сватбени халки от Biju03. Материали, посочени от бранда: Злато.",,https://biju03.com/damska-i-mazka-klasicheski-mat-i-polirani-pravi-svatbeni-halki.html,https://biju03.com,https://biju03.com/media/7/454.gif,TRUE,,biju03,,,,,,,Мъжки бижута,Пръстени,false,,,,Бял,Злато,Мъже,,,,,,,,,,,,,,,,,
Брачна халка R-6524,Biju03,brachna-halka-r-6524,Аксесоари,,,,EUR,"Брачна халка R-6524 от Biju03. Материали, посочени от бранда: Злато.",,https://biju03.com/brachna-halka-r-6524.html,https://biju03.com,https://biju03.com/media/7/491.gif,TRUE,,biju03,,,,,,,Бижута,Пръстени,false,,,,Жълт,Злато,,,,,,,,,,,,,,,,,,
Годежен пръстен-R/505,Biju03,godezhen-prasten-r-505,Аксесоари,,,,EUR,Годежен пръстен-R/505 от Biju03.,,https://biju03.com/godezen-prasten-4.html,https://biju03.com,https://biju03.com/media/7/44.jpg,TRUE,,biju03,,,,,,,Бижута,Пръстени,false,,,,,,,,,,,Диамант,Годежен,,,,,,,,,,,
Годежен пръстен-R/501,Biju03,godezhen-prasten-r-501,Аксесоари,,,,EUR,"Годежен пръстен-R/501 от Biju03. Материали, посочени от бранда: Злато.",,https://biju03.com/godezen-prasten-r-501.html,https://biju03.com,https://biju03.com/media/7/507.gif,TRUE,,biju03,,,,,,,Бижута,Пръстени,false,,,Еко,"Бял,Жълт",Злато,,,,,,Диамант,Годежен,,,,,,,,,,,
Годежен пръстен-R/563,Biju03,godezhen-prasten-r-563,Аксесоари,,,,EUR,"Годежен пръстен-R/563 от Biju03. Материали, посочени от бранда: Злато.",,https://biju03.com/godezen-prasten-r-563.html,https://biju03.com,https://biju03.com/media/7/516.jpg,TRUE,,biju03,,,,,,,Бижута,Пръстени,false,,,,,Злато,,,,,,Диамант,"Годежен,Име",,,,,,,,,,,
Годежен пръстен-R/557,Biju03,godezhen-prasten-r-557,Аксесоари,,,,EUR,"Годежен пръстен-R/557 от Biju03. Материали, посочени от бранда: Злато.",,https://biju03.com/godezen-prasten-r-5010-6.html,https://biju03.com,https://biju03.com/media/7/401.jpg,TRUE,,biju03,,,,,,,Бижута,Пръстени,false,,,,Жълт,Злато,,,,,,Диамант,"Годежен,Име",,,,,,,,,,,
Обици Кръг XL,ARTEFAKTI Jewelry,obitsi-krag-xl,Аксесоари,,,,EUR,"Обици Кръг XL от ARTEFAKTI Jewelry. Материали, посочени от бранда: Сребро.",,https://artefakti.eu/bg/shop/mini-bg/mini-obitzi/obitsi-krag-xl-2/,https://artefakti.eu,https://artefakti.eu/wp-content/uploads/2025/02/IMG_4289-2-scaled.jpg,TRUE,,artefakti-jewelry,,,,,,,Бижута,Обеци,false,,,,,Сребро,,,,,,,,,,,,,,,,,,
Пръстен OR,ARTEFAKTI Jewelry,prasten-or,Аксесоари,,,,EUR,"Пръстен OR от ARTEFAKTI Jewelry. Материали, посочени от бранда: Сребро.",,https://artefakti.eu/bg/shop/or-bg/or-prasteni/prasten-or/,https://artefakti.eu,https://artefakti.eu/wp-content/uploads/2025/02/IMG_4546-3-scaled.jpg,TRUE,,artefakti-jewelry,,,,,,,Бижута,Пръстени,false,,,,,Сребро,,,,,,,,,,,,,,,,,,
Обици Елипса M,ARTEFAKTI Jewelry,obitsi-elipsa-m,Аксесоари,,,,EUR,Обици Елипса M от ARTEFAKTI Jewelry.,,https://artefakti.eu/bg/shop/mini-bg/mini-obitzi/obitsi-elipsa-m/,https://artefakti.eu,https://artefakti.eu/wp-content/uploads/2019/04/earrings-lelipse-Lsilver-925-artefakti-jewelry.jpg,TRUE,,artefakti-jewelry,,,,,,,Бижута,Обеци,false,,,,,,,,,,,,,,,,,,,,,,,
Колие OR,ARTEFAKTI Jewelry,kolie-or,Аксесоари,,,,EUR,Колие OR от ARTEFAKTI Jewelry.,,https://artefakti.eu/bg/shop/or-bg/or-kolieta/kolie-or/,https://artefakti.eu,https://artefakti.eu/wp-content/uploads/2025/02/IMG_4818-1-scaled.jpg,TRUE,,artefakti-jewelry,,,,,,,Бижута,Колиета,false,,,,,,,,,,,,,,,,,,,,,,,
Колие GEMI с два кристала розов кварц,ARTEFAKTI Jewelry,kolie-gemi-s-dva-kristala-rozov-kvarts,Аксесоари,,,,EUR,Колие GEMI с два кристала розов кварц от ARTEFAKTI Jewelry.,,https://artefakti.eu/bg/shop/gemi-bg/gemi-kolieta/kolie-gemi-rozov-kvarc-dvoyno/,https://artefakti.eu,https://artefakti.eu/wp-content/uploads/2017/03/ARTEFAKTI-jewelry-Gemi-necklace-double-rose-quartz-shiny-chain_1.jpg,TRUE,,artefakti-jewelry,,,,,,,Бижута,Колиета,false,,,,Розов,,,,,,,,,,,,,,,,,,,
Колие GEMI розов кварц,ARTEFAKTI Jewelry,kolie-gemi-rozov-kvarts,Аксесоари,,,,EUR,Колие GEMI розов кварц от ARTEFAKTI Jewelry.,,https://artefakti.eu/bg/shop/gemi-bg/gemi-kolieta/kolie-gemi-rozov-kvarts/,https://artefakti.eu,https://artefakti.eu/wp-content/uploads/2017/03/ARTEFAKTI-jewelry-Gemi-necklace-rose-quartz-shiny-chain_5.jpg,TRUE,,artefakti-jewelry,,,,,,,Бижута,Колиета,false,,,,Розов,,,,,,,,,,,,,,,,,,,
Колие GEMI оникс,ARTEFAKTI Jewelry,kolie-gemi-oniks,Аксесоари,,,,EUR,Колие GEMI оникс от ARTEFAKTI Jewelry.,,https://artefakti.eu/bg/shop/gemi-bg/gemi-kolieta/kolie-gemi-onix/,https://artefakti.eu,https://artefakti.eu/wp-content/uploads/2017/03/ARTEFAKTI-jewelry-Gemi-necklace-onix-shiny-chain_2.jpg,TRUE,,artefakti-jewelry,,,,,,,Бижута,Колиета,false,,,,,,,,,,,,,,,,,,,,,,,
Колие GEMI аметист с патинарана сребърна верижка,ARTEFAKTI Jewelry,kolie-gemi-ametist-s-patinarana-srebarna-verizhka,Аксесоари,,,,EUR,Колие GEMI аметист с патинарана сребърна верижка от ARTEFAKTI Jewelry.,,https://artefakti.eu/bg/shop/gemi-bg/gemi-kolieta/kolie-gemi-ametist-patina/,https://artefakti.eu,https://artefakti.eu/wp-content/uploads/2017/03/ARTEFAKTI-jewelry-Gemi-necklaceamethystBlack-chain.jpg,TRUE,,artefakti-jewelry,,,,,,,Бижута,Колиета,false,,,,,,,,,,,,,,,,,,,,,,,
Масивно сребърно колие CUBI с мъниста от оникс,ARTEFAKTI Jewelry,masivno-srebarno-kolie-cubi-s-manista-ot-oniks,Аксесоари,,,,EUR,"Масивно сребърно колие CUBI с мъниста от оникс от ARTEFAKTI Jewelry. Материали, посочени от бранда: Сребро, Мъниста.",,https://artefakti.eu/bg/shop/cubi-bg/cubi-kolieta/kolie-cubi-oniks/,https://artefakti.eu,"https://artefakti.eu/wp-content/uploads/2026/02/El-Cubi-oniks.jpg,https://artefakti.eu/wp-content/uploads/2016/12/ARTEFAKTI-necklace-onixcubi-black-patina_2.jpg",TRUE,,artefakti-jewelry,,,,,,,Бижута,Колиета,false,,,,Бял,"Сребро,Мъниста",,,,,,,,,,,,,,,,,,
Обици Cubic M щифт,ARTEFAKTI Jewelry,obitsi-cubic-m-shtift,Аксесоари,,,,EUR,Обици Cubic M щифт от ARTEFAKTI Jewelry.,,https://artefakti.eu/bg/shop/cubi-bg/cubi-obitzi/obici-shtift-cubic-m/,https://artefakti.eu,https://artefakti.eu/wp-content/uploads/2017/03/artefakti-cubi-earrings-m-e1739294709495.jpg,TRUE,,artefakti-jewelry,,,,,,,Бижута,Обеци,false,,,,Бял,,,,,,,,,,,,,,,,,,,
Пръстен GRAD циркон,ARTEFAKTI Jewelry,prasten-grad-tsirkon,Аксесоари,,,,EUR,"Пръстен GRAD циркон от ARTEFAKTI Jewelry. Материали, посочени от бранда: Сребро.",,https://artefakti.eu/bg/shop/grad-bg/grad-prasteni/prysten-grad-cirkon/,https://artefakti.eu,https://artefakti.eu/wp-content/uploads/2017/02/ARTEFAKTI-jewelry-ring-grad-zircon_3.jpg,TRUE,,artefakti-jewelry,,,,,,,Бижута,Пръстени,false,,,,Бял,Сребро,,,,,,,Име,,,,,,,,,,,
PICTA кръгли сапфир,ARTEFAKTI Jewelry,picta-kragli-sapfir,Аксесоари,,,,EUR,"PICTA кръгли сапфир от ARTEFAKTI Jewelry. Материали, посочени от бранда: Сребро.",,https://artefakti.eu/bg/shop/picta-bg/picta-kragli-sapfir/,https://artefakti.eu,https://artefakti.eu/wp-content/uploads/2017/02/ARTEFAKTI-jewelry-Sapphire-enamel-earrings-picta-round-shiny-silver_10.jpg,TRUE,,artefakti-jewelry,,,,,,,Бижута,Обеци,false,,,,Бял,Сребро,,,,,,,,,,,,,,,,,,
Пръстен Овален камък,ARTEFAKTI Jewelry,prasten-ovalen-kamak,Аксесоари,,,,EUR,"Пръстен Овален камък от ARTEFAKTI Jewelry. Материали, посочени от бранда: Сребро.",,https://artefakti.eu/bg/shop/mini-bg/mini-prasteni/prasten-ovalen-kamyk/,https://artefakti.eu,https://artefakti.eu/wp-content/uploads/2025/03/oval-stone-sparkle-3x5-mm-artefakti-jewelry-silver-925-2025_6.jpg,TRUE,,artefakti-jewelry,,,,,,,Бижута,Пръстени,false,,,Еко,,Сребро,Деца,,,,,,,,,,,,,,,,,
Пръстен Round Stone Sparkle S,ARTEFAKTI Jewelry,prasten-round-stone-sparkle-s,Аксесоари,,,,EUR,Пръстен Round Stone Sparkle S от ARTEFAKTI Jewelry.,,https://artefakti.eu/bg/shop/mini-bg/mini-prasteni/prasten-round-stone-sparkle-s/,https://artefakti.eu,https://artefakti.eu/wp-content/uploads/2025/03/Round-stone-sparkle-1.75-mm-artefakti-jewelry-silver-925-2025_2.jpg,TRUE,,artefakti-jewelry,,,,,,,Бижута,Пръстени,false,,,,,,,,,,,,,,,,,,,,,,,
Обици Round Stone Sparkle 1.75,ARTEFAKTI Jewelry,obitsi-round-stone-sparkle-1-75,Аксесоари,,,,EUR,Обици Round Stone Sparkle 1.75 от ARTEFAKTI Jewelry.,,https://artefakti.eu/bg/shop/mini-bg/mini-obitzi/obitsi-round-stone-sparkle-1-75/,https://artefakti.eu,https://artefakti.eu/wp-content/uploads/2025/03/round-stone-sparkle-1.75mm-artefakti-jewelry-silver-925-2025.jpg,TRUE,,artefakti-jewelry,,,,,,,Бижута,Обеци,false,,,,,,,,,,,,,,,,,,,,,,,
Халки Натурален Блясък 14к паладиево бяло злато,ARTEFAKTI Jewelry,halki-naturalen-blyasak-14k-paladievo-byalo-zlato,,,,,EUR,"Халки Натурален Блясък 14к паладиево бяло злато от ARTEFAKTI Jewelry. Материали, посочени от бранда: Злато.",,https://artefakti.eu/bg/shop/svatbeni/halki-naturalen-bliasak-paladiewo-bialo-zlato/,https://artefakti.eu,https://artefakti.eu/wp-content/uploads/2025/03/artefakti-bands-solid-paladium-white-gold2023_5.jpg,TRUE,,artefakti-jewelry,,,,,,,,,false,,,Натурален,"Бял,Жълт",Злато,,,,,,,,,,,,,,,,,,
Отново заедно - сватбени халки,ARTEFAKTI Jewelry,otnovo-zaedno-svatbeni-halki,,,,,EUR,"Отново заедно - сватбени халки от ARTEFAKTI Jewelry. Материали, посочени от бранда: Злато.",,https://artefakti.eu/bg/shop/svatbeni/otnovo-zaedno-svatbeni-halki/,https://artefakti.eu,https://artefakti.eu/wp-content/uploads/2019/04/ARTEFAKTI-JEWELRY-wedding-bands-half-circle-18K-yellow-golg_1.jpg,TRUE,,artefakti-jewelry,,,,,,,,,false,,,,"Бял,Жълт",Злато,,,,,,,,,,,,,,,,,,
Сватбени халки Безкраиност,ARTEFAKTI Jewelry,svatbeni-halki-bezkrainost,,,,,EUR,"Сватбени халки Безкраиност от ARTEFAKTI Jewelry. Материали, посочени от бранда: Злато.",,https://artefakti.eu/bg/shop/svatbeni/brachni-halki-infinity/,https://artefakti.eu,https://artefakti.eu/wp-content/uploads/2020/05/artefakti-jewelry-infiniti-wedding-bands-silver-925_1.jpg,TRUE,,artefakti-jewelry,,,,,,,,,false,,,,"Бял,Жълт",Злато,,,,,,,,,,,,,,,,,,
Халки Натурален Блясък 18К,ARTEFAKTI Jewelry,halki-naturalen-blyasak-18k,,,,,EUR,"Халки Натурален Блясък 18К от ARTEFAKTI Jewelry. Материали, посочени от бранда: Злато.",,https://artefakti.eu/bg/shop/svatbeni/klasicheski-halki-naturalen-bliasak/,https://artefakti.eu,https://artefakti.eu/wp-content/uploads/2025/03/artefakti-jewelry-solid-gold-750Wedding-Bands-hamered_5.jpg,TRUE,,artefakti-jewelry,,,,,,,,,false,,,Натурален,"Бял,Жълт",Злато,,,,,,,,,,,,,,,,,,
Елегантни черни дамски сандали Yasmin от естествена кожа,ADI Shoes,elegantni-cherni-damski-sandali-yasmin-ot-estestvena-kozha,Облекло,,,,EUR,"Елегантни черни дамски сандали Yasmin от естествена кожа от ADI Shoes. Материали, посочени от бранда: Естествена кожа.",,https://adi-shoes.com/product/elegantni-damski-cherni-sandali-yasmin-ot-estestvena-koja-22250-4-blk,https://adi-shoes.com,"https://adi-shoes.com/cdn/img/products/914/elegantni-damski-cerni-sandali-yasmin-ot-estestvena-koza-adi-shoes-67e69850b2bf1.jpeg?width=1920&height=1920&v=1777624244,https://adi-shoes.com/cdn/img/products/914/elegantni-damski-cerni-sandali-yasmin-ot-estestvena-koza-adi-shoes-67e69850b2bf1.jpeg?width=600&height=600&v=1777624244",TRUE,,adi-shoes,,,,,,,Обувки,Сандали,false,,,Ръчна изработка,,Естествена кожа,Жени,,,,,,,,,,,,,,,,,
Елегантни бежови дамски сандали Yasmin от естествена кожа,ADI Shoes,elegantni-bezhovi-damski-sandali-yasmin-ot-estestvena-kozha,Облекло,,,,EUR,Елегантни бежови дамски сандали Yasmin от естествена кожа от ADI Shoes.,,https://adi-shoes.com/product/elegantni-damski-bejovi-sandali-yasmin-ot-estestvena-koja-22250-4-bge-adi-shoes,https://adi-shoes.com,"https://adi-shoes.com/cdn/img/products/913/elegantni-damski-bezovi-sandali-yasmin-ot-estestvena-koza-adi-shoes-67e6909d5264d.jpeg?width=1920&height=1920&v=1777624248,https://adi-shoes.com/cdn/img/products/913/elegantni-damski-bezovi-sandali-yasmin-ot-estestvena-koza-adi-shoes-67e6909d5264d.jpeg?width=600&height=600&v=1777624248",TRUE,,adi-shoes,,,,,,,Обувки,Сандали,false,,,,Бежов,,Жени,,,,,,,,,,,,,,,,,
Елегантни дамски сандали Abigail от естествена кожа в таупе и айс,ADI Shoes,elegantni-damski-sandali-abigail-ot-estestvena-kozha-v-taupe-i-ais,Облекло,,,,EUR,"Елегантни дамски сандали Abigail от естествена кожа в таупе и айс от ADI Shoes. Материали, посочени от бранда: Естествена кожа.",,https://adi-shoes.com/product/elegantni-damski-sandali-abigail-ot-estestvena-koja-v-taupe-i-ays-42640-tpe-ice,https://adi-shoes.com,"https://adi-shoes.com/cdn/img/products/897/elegantni-damski-sandali-abigail-ot-estestvena-koza-v-taupe-i-ajs-adi-shoes-6797440c8ceda.jpeg?width=1920&height=1920&v=1777624248,https://adi-shoes.com/cdn/img/products/897/elegantni-damski-sandali-abigail-ot-estestvena-koza-v-taupe-i-ajs-adi-shoes-6797440c8ceda.jpeg?width=600&height=600&v=1777624248",TRUE,,adi-shoes,,,,,,,Обувки,Сандали,false,,,,,Естествена кожа,Жени,,,,,,,,,,,,,,,,,
Елегантни дамски сандали Scarlett от естествена кожа в бял и черен цвят,ADI Shoes,elegantni-damski-sandali-scarlett-ot-estestvena-kozha-v-byal-i-cheren-tsvyat,Облекло,,,,EUR,Елегантни дамски сандали Scarlett от естествена кожа в бял и черен цвят от ADI Shoes.,,https://adi-shoes.com/product/elegantni-damski-sandali-scarlett-ot-estestvena-koja-v-byal-i-cheren-cvyat-42445-wte-blk,https://adi-shoes.com,"https://adi-shoes.com/cdn/img/products/893/elegantni-damski-sandali-scarlett-ot-estestvena-koza-v-bal-i-ceren-cvat-67939dc398715.jpeg?width=1920&height=1920&v=1777624243,https://adi-shoes.com/cdn/img/products/893/elegantni-damski-sandali-scarlett-ot-estestvena-koza-v-bal-i-ceren-cvat-67939dc398715.jpeg?width=600&height=600&v=1777624243",TRUE,,adi-shoes,,,,,,,Обувки,Сандали,false,,,,"Бял,Черен",,Жени,,,,,,,,,,,,,,,,,
Елегантни бежови дамски обувки Vili от естествена кожа,ADI Shoes,elegantni-bezhovi-damski-obuvki-vili-ot-estestvena-kozha,Облекло,,,,EUR,"Елегантни бежови дамски обувки Vili от естествена кожа от ADI Shoes. Материали, посочени от бранда: Естествена кожа.",,https://adi-shoes.com/product/elegantni-damski-obuvki-vili-ot-estestvena-koja-v-bejov-cvyat-31670-bge,https://adi-shoes.com,"https://adi-shoes.com/cdn/img/products/93/elegantni-damski-obuvki-ot-estestvena-koza-v-bezov-cvat-64d5f72173e02.jpeg?width=1920&height=1920&v=1777624220,https://adi-shoes.com/cdn/img/products/93/elegantni-damski-obuvki-ot-estestvena-koza-v-bezov-cvat-64d5f72173e02.jpeg?width=600&height=600&v=1777624220",TRUE,,adi-shoes,,,,,,,Обувки,Обувки,false,,,Ръчна изработка,Бежов,Естествена кожа,Жени,,,,,,,,,,,,,,,,,
Елегантни черни дамски боти Jaklin от естествена кожа,ADI Shoes,elegantni-cherni-damski-boti-jaklin-ot-estestvena-kozha,Облекло,,,,EUR,"Елегантни черни дамски боти Jaklin от естествена кожа от ADI Shoes. Материали, посочени от бранда: Естествена кожа.",,https://adi-shoes.com/product/elegantni-damski-cherni-boti-jaklin-ot-estestvena-koja-13660-blk,https://adi-shoes.com,"https://adi-shoes.com/cdn/img/products/449/elegantni-damski-cerni-boti-ot-estestvena-koza-64f57de4d6485.jpeg?width=1920&height=1920&v=1777624231,https://adi-shoes.com/cdn/img/products/449/elegantni-damski-cerni-boti-ot-estestvena-koza-64f57de4d6485.jpeg?width=600&height=600&v=1777624231",TRUE,,adi-shoes,,,,,,,Обувки,Боти,false,,,,,Естествена кожа,Жени,,,,,,,,,,,,,,,,,
Елегантни черни дамски боти Vivian от естествена кожа,ADI Shoes,elegantni-cherni-damski-boti-vivian-ot-estestvena-kozha,Облекло,,,,EUR,"Елегантни черни дамски боти Vivian от естествена кожа от ADI Shoes. Материали, посочени от бранда: Естествена кожа.",,https://adi-shoes.com/product/elegantni-damski-cherni-boti-vivian-ot-estestvena-koja-03671-blk,https://adi-shoes.com,"https://adi-shoes.com/cdn/img/products/468/elegantni-damski-cerni-boti-ot-estestvena-koza-64f5d5a5d820a.jpeg?width=1920&height=1920&v=1777624232,https://adi-shoes.com/cdn/img/products/468/elegantni-damski-cerni-boti-ot-estestvena-koza-64f5d5a5d820a.jpeg?width=600&height=600&v=1777624232",TRUE,,adi-shoes,,,,,,,Обувки,Боти,false,,,Ръчна изработка,,Естествена кожа,Жени,,,,,,,,,,,,,,,,,
Елегантни черни дамски ботуши Iveta от естествена кожа,ADI Shoes,elegantni-cherni-damski-botushi-iveta-ot-estestvena-kozha,Облекло,,,,EUR,"Елегантни черни дамски ботуши Iveta от естествена кожа от ADI Shoes. Материали, посочени от бранда: Естествена кожа.",,https://adi-shoes.com/product/elegantni-damski-cherni-botushi-iveta-ot-estestvena-koja-03565-blk-k,https://adi-shoes.com,"https://adi-shoes.com/cdn/img/products/579/elegantni-damski-cerni-botusi-ot-estestvena-koza-651fe0499fc4a.jpeg?width=1920&height=1920&v=1777624231,https://adi-shoes.com/cdn/img/products/579/elegantni-damski-cerni-botusi-ot-estestvena-koza-651fe0499fc4a.jpeg?width=600&height=600&v=1777624231",TRUE,,adi-shoes,,,,,,,Обувки,Боти,false,,,,,Естествена кожа,Жени,,,,,,,,,,,,,,,,,
Ежедневни бели дамски чехли Margo от естествена кожа,ADI Shoes,ezhednevni-beli-damski-chehli-margo-ot-estestvena-kozha,Облекло,,,,EUR,"Ежедневни бели дамски чехли Margo от естествена кожа от ADI Shoes. Материали, посочени от бранда: Естествена кожа.",,https://adi-shoes.com/product/ejednevni-damski-beli-chehli-margo-ot-estestvena-koja-22202-wte,https://adi-shoes.com,"https://adi-shoes.com/cdn/img/products/718/ezednevni-damski-beli-cehli-ot-estestvena-koza-6579a6e0c9209.jpeg?width=1920&height=1920&v=1777624243,https://adi-shoes.com/cdn/img/products/718/ezednevni-damski-beli-cehli-ot-estestvena-koza-6579a6e0c9209.jpeg?width=600&height=600&v=1777624243",TRUE,,adi-shoes,,,,,,,Обувки,Чехли,false,,,,Бял,Естествена кожа,Жени,,,,,,,,,,,,,,,,,
Елегантни сини дамски чехли Brenda от естествена кожа,ADI Shoes,elegantni-sini-damski-chehli-brenda-ot-estestvena-kozha,Облекло,,,,EUR,"Елегантни сини дамски чехли Brenda от естествена кожа от ADI Shoes. Материали, посочени от бранда: Естествена кожа.",,https://adi-shoes.com/product/elegantni-damski-sini-chehli-brenda-ot-estestvena-koja-12605-tblu,https://adi-shoes.com,"https://adi-shoes.com/cdn/img/products/882/elegantni-damski-sini-cehli-brenda-ot-estestvena-koza-67923a61549cc.jpeg?width=1920&height=1920&v=1777624249,https://adi-shoes.com/cdn/img/products/882/elegantni-damski-sini-cehli-brenda-ot-estestvena-koza-67923a61549cc.jpeg?width=600&height=600&v=1777624249",TRUE,,adi-shoes,,,,,,,Обувки,Чехли,false,,,,Син,Естествена кожа,Деца,,,,,,,,,,,,,,,,,
Елегантни дамски бежови сандали Nora от естествена кожа,ADI Shoes,elegantni-damski-bezhovi-sandali-nora-ot-estestvena-kozha,Облекло,,,,EUR,"Елегантни дамски бежови сандали Nora от естествена кожа от ADI Shoes. Материали, посочени от бранда: Естествена кожа.",,https://adi-shoes.com/product/elegantni-damski-bejovi-sandali-nora-ot-estestvena-koja-42645-bge-tpe,https://adi-shoes.com,"https://adi-shoes.com/cdn/img/products/888/elegantni-damski-bezovi-sandali-domenika-ot-estestvena-koza-679369b5b8281.jpeg?width=1920&height=1920&v=1777624244,https://adi-shoes.com/cdn/img/products/888/elegantni-damski-bezovi-sandali-domenika-ot-estestvena-koza-679369b5b8281.jpeg?width=600&height=600&v=1777624244",TRUE,,adi-shoes,,,,,,,Обувки,Сандали,false,,,,Бежов,Естествена кожа,Жени,,,,,,,,,,,,,,,,,
Елегантни черни дамски боти Molly от естествена кожа,ADI Shoes,elegantni-cherni-damski-boti-molly-ot-estestvena-kozha,Облекло,,,,EUR,"Елегантни черни дамски боти Molly от естествена кожа от ADI Shoes. Материали, посочени от бранда: Естествена кожа.",,https://adi-shoes.com/product/elegantni-damski-cherni-boti-molly-ot-estestvena-koja-adi-shoes,https://adi-shoes.com,"https://adi-shoes.com/cdn/img/products/980/elegantni-cerni-damski-boti-molly-ot-estestvena-koza-image_69cbc15568edb.jpeg?width=1920&height=1920&v=1777624252,https://adi-shoes.com/cdn/img/products/980/elegantni-cerni-damski-boti-molly-ot-estestvena-koza-image_69cbc15568edb.jpeg?width=600&height=600&v=1777624252",TRUE,,adi-shoes,,,,,,,Обувки,Боти,false,,,Ръчна изработка,,Естествена кожа,Жени,,,,,,,,,,,,,,,,,
Елегантни тъмносини дамски ботуши Raya от естествена кожа,ADI Shoes,elegantni-tamnosini-damski-botushi-raya-ot-estestvena-kozha,Облекло,,,,EUR,"Елегантни тъмносини дамски ботуши Raya от естествена кожа от ADI Shoes. Материали, посочени от бранда: Естествена кожа.",,https://adi-shoes.com/product/elegantni-tamnosini-damski-botushi-raya-ot-estestvena-koja,https://adi-shoes.com,"https://adi-shoes.com/cdn/img/products/2117/elegantni-tamnosini-damski-botusi-raya-ot-estestvena-koza-6a8ff11ba8a1c.webp?width=1920&height=1920&v=1787818267,https://adi-shoes.com/cdn/img/products/2117/elegantni-tamnosini-damski-botusi-raya-ot-estestvena-koza-6a8ff11ba8a1c.webp?width=600&height=600&v=1787818267",TRUE,,adi-shoes,,,,,,,Обувки,Боти,false,,,Еко,"Син,Тъмносин",Естествена кожа,Жени,,,,,,,,,,,,,,,,,
Елегантни тъмнокафяви дамски ботуши Amalia от естествена кожа,ADI Shoes,elegantni-tamnokafyavi-damski-botushi-amalia-ot-estestvena-kozha,Облекло,,,,EUR,"Елегантни тъмнокафяви дамски ботуши Amalia от естествена кожа от ADI Shoes. Материали, посочени от бранда: Естествена кожа.",,https://adi-shoes.com/product/elegantni-tamnokafyavi-damski-botushi-amalia-ot-estestvena-koja,https://adi-shoes.com,"https://adi-shoes.com/cdn/img/products/2142/elegantni-tamnokafavi-damski-botusi-amalia-ot-estestvena-koza-6a9015aea6ef7.webp?width=1920&height=1920&v=1787827630,https://adi-shoes.com/cdn/img/products/2142/elegantni-tamnokafavi-damski-botusi-amalia-ot-estestvena-koza-6a9015aea6ef7.webp?width=600&height=600&v=1787827630",TRUE,,adi-shoes,,,,,,,Обувки,Боти,false,,,Еко,Кафяв,Естествена кожа,Жени,,,,,,,,,,,,,,,,,
Елегантни дамски ботуши Amalia от естествена кожа в черен цвят,ADI Shoes,elegantni-damski-botushi-amalia-ot-estestvena-kozha-v-cheren-tsvyat,Облекло,,,,EUR,Елегантни дамски ботуши Amalia от естествена кожа в черен цвят от ADI Shoes.,,https://adi-shoes.com/product/elegantni-damski-botushi-amalia-ot-estestvena-koja-v-cheren-cvyat-33700-blk-k,https://adi-shoes.com,"https://adi-shoes.com/cdn/img/products/578/elegantni-damski-botusi-ot-estestvena-koza-v-ceren-cvat-651fded2a79c4.jpeg?width=1920&height=1920&v=1777624230,https://adi-shoes.com/cdn/img/products/578/elegantni-damski-botusi-ot-estestvena-koza-v-ceren-cvat-651fded2a79c4.jpeg?width=600&height=600&v=1777624230",TRUE,,adi-shoes,,,,,,,Обувки,Боти,false,,,,Черен,,Жени,,,,,,,,,,,,,,,,,
Елегантни дамски обувки Ella от естествена кожа в цвят таба,ADI Shoes,elegantni-damski-obuvki-ella-ot-estestvena-kozha-v-tsvyat-taba,Облекло,,,,EUR,Елегантни дамски обувки Ella от естествена кожа в цвят таба от ADI Shoes.,,https://adi-shoes.com/product/elegantni-damski-obuvki-ella-ot-estestvena-koja-v-cvyat-taba-adi-shoes,https://adi-shoes.com,"https://adi-shoes.com/cdn/img/products/923/elegantni-damski-obuvki-ella-ot-estestvena-koza-v-cvat-taba-683599402ca34.jpeg?width=1920&height=1920&v=1777624247,https://adi-shoes.com/cdn/img/products/923/elegantni-damski-obuvki-ella-ot-estestvena-koza-v-cvat-taba-683599402ca34.jpeg?width=600&height=600&v=1777624247",TRUE,,adi-shoes,,,,,,,Обувки,Обувки,false,,,,,,Жени,,,,,,,,,,,,,,,,,
Елегантни дамски обувки – отворена пета Bianka от естествена кожа в пудра,ADI Shoes,elegantni-damski-obuvki-otvorena-peta-bianka-ot-estestvena-kozha-v-pudra,Облекло,,,,EUR,"Елегантни дамски обувки – отворена пета Bianka от естествена кожа в пудра от ADI Shoes. Материали, посочени от бранда: Естествена кожа.",,https://adi-shoes.com/product/elegantni-damski-obuvki-otvorena-peta-bianka-ot-estestvena-koja-v-pudra-21474-6-pdr,https://adi-shoes.com,"https://adi-shoes.com/cdn/img/products/235/elegantni-damski-obuvki-otvorena-peta-ot-estestvena-koza-v-pudra-64dc8fc4e1662.jpeg?width=1920&height=1920&v=1777624226,https://adi-shoes.com/cdn/img/products/235/elegantni-damski-obuvki-otvorena-peta-ot-estestvena-koza-v-pudra-64dc8fc4e1662.jpeg?width=600&height=600&v=1777624226",TRUE,,adi-shoes,,,,,,,Обувки,Обувки,false,,,Еко,,Естествена кожа,Жени,,,,,,,,,,,,,,,,,
Елегантни дамски ботуши Raya от естествена кожа в таупе и кафяво,ADI Shoes,elegantni-damski-botushi-raya-ot-estestvena-kozha-v-taupe-i-kafyavo,Облекло,,,,EUR,"Елегантни дамски ботуши Raya от естествена кожа в таупе и кафяво от ADI Shoes. Материали, посочени от бранда: Естествена кожа.",,https://adi-shoes.com/product/elegantni-damski-botushi-raya-ot-estestvena-koja-v-taupe-i-kafyavo-63636-brn-tpe,https://adi-shoes.com,"https://adi-shoes.com/cdn/img/products/528/elegantni-damski-botusi-raya-ot-estestvena-koza-v-taupe-i-kafavo-6576fae58d953.jpeg?width=1920&height=1920&v=1777624239,https://adi-shoes.com/cdn/img/products/528/elegantni-damski-botusi-raya-ot-estestvena-koza-v-taupe-i-kafavo-6576fae58d953.jpeg?width=600&height=600&v=1777624239",TRUE,,adi-shoes,,,,,,,Обувки,Боти,false,,,,Кафяв,Естествена кожа,Жени,,,,,,,,,,,,,,,,,
Елегантни дамски обувки – отворена пета Andjela от естествена кожа в черен цвят,ADI Shoes,elegantni-damski-obuvki-otvorena-peta-andjela-ot-estestvena-kozha-v-cheren-tsvyat,Облекло,,,,EUR,"Елегантни дамски обувки – отворена пета Andjela от естествена кожа в черен цвят от ADI Shoes. Материали, посочени от бранда: Естествена кожа.",,https://adi-shoes.com/product/elegantni-damski-obuvki-otvorena-peta-andjela-ot-estestvena-koja-v-cheren-cvyat-21602-blk-kng,https://adi-shoes.com,"https://adi-shoes.com/cdn/img/products/233/elegantni-damski-obuvki-otvorena-peta-ot-estestvena-koza-v-ceren-cvat-64dc8d2d7a478.jpeg?width=1920&height=1920&v=1777624225,https://adi-shoes.com/cdn/img/products/233/elegantni-damski-obuvki-otvorena-peta-ot-estestvena-koza-v-ceren-cvat-64dc8d2d7a478.jpeg?width=600&height=600&v=1777624225",TRUE,,adi-shoes,,,,,,,Обувки,Обувки,false,,,,Черен,Естествена кожа,Жени,,,,,,,Елегантен,,,,,,,,,,
Елегантни дамски обувки – отворена пета Andjela от естествена кожа в лилав цвят,ADI Shoes,elegantni-damski-obuvki-otvorena-peta-andjela-ot-estestvena-kozha-v-lilav-tsvyat,Облекло,,,,EUR,"Елегантни дамски обувки – отворена пета Andjela от естествена кожа в лилав цвят от ADI Shoes. Материали, посочени от бранда: Естествена кожа.",,https://adi-shoes.com/product/elegantni-damski-obuvki-otvorena-peta-andjela-ot-estestvena-koja-v-lilav-cvyat-21602a-dlvd,https://adi-shoes.com,"https://adi-shoes.com/cdn/img/products/226/elegantni-damski-obuvki-otvorena-peta-ot-estestvena-koza-v-lilav-cvat-64dc7b5a13231.jpeg?width=1920&height=1920&v=1777624223,https://adi-shoes.com/cdn/img/products/226/elegantni-damski-obuvki-otvorena-peta-ot-estestvena-koza-v-lilav-cvat-64dc7b5a13231.jpeg?width=600&height=600&v=1777624223",TRUE,,adi-shoes,,,,,,,Обувки,Обувки,false,,,Еко,,Естествена кожа,Жени,,,,,,,,,,,,,,,,,
Елегантни дамски обувки – отворена пета Carmen от естествена кожа в бял цвят,ADI Shoes,elegantni-damski-obuvki-otvorena-peta-carmen-ot-estestvena-kozha-v-byal-tsvyat,Облекло,,,,EUR,"Елегантни дамски обувки – отворена пета Carmen от естествена кожа в бял цвят от ADI Shoes. Материали, посочени от бранда: Естествена кожа.",,https://adi-shoes.com/product/elegantni-damski-obuvki-otvorena-peta-carmen-ot-estestvena-koja-v-byal-cvyat,https://adi-shoes.com,"https://adi-shoes.com/cdn/img/products/819/elegantni-damski-obuvki-otvorena-peta-carmen-ot-estestvena-koza-v-bal-cvat-adi-shoes-66e00b65447d5.jpeg?width=1920&height=1920&v=1777624245,https://adi-shoes.com/cdn/img/products/819/elegantni-damski-obuvki-otvorena-peta-carmen-ot-estestvena-koza-v-bal-cvat-adi-shoes-66e00b65447d5.jpeg?width=600&height=600&v=1777624245",TRUE,,adi-shoes,,,,,,,Обувки,Обувки,false,,,Еко,Бял,Естествена кожа,Жени,,,,,,,,,,,,,,,,,
Ежедневни сребристи дамски чехли Margo от естествена кожа,ADI Shoes,ezhednevni-srebristi-damski-chehli-margo-ot-estestvena-kozha,Облекло,,,,EUR,"Ежедневни сребристи дамски чехли Margo от естествена кожа от ADI Shoes. Материали, посочени от бранда: Естествена кожа.",,https://adi-shoes.com/product/ejednevni-srebristi-damski-chehli-margo-ot-estestvena-koja-adi-shoes,https://adi-shoes.com,"https://adi-shoes.com/cdn/img/products/1212/ezednevni-srebristi-damski-cehli-margo-ot-estestvena-koza-adi-shoes-6a4b61ac32859.jpeg?width=1920&height=1920&v=1783325100,https://adi-shoes.com/cdn/img/products/1212/ezednevni-srebristi-damski-cehli-margo-ot-estestvena-koza-adi-shoes-6a4b61ac32859.jpeg?width=600&height=600&v=1783325100",TRUE,,adi-shoes,,,,,,,Обувки,Чехли,false,,,,Сребрист,Естествена кожа,Жени,,,,,,,,,,,,,,,,,
Картодържач от естествена кожа,Лена Велур,kartodarzhach-ot-estestvena-kozha,Аксесоари,,,,EUR,"Картодържач от естествена кожа от Лена Велур. Материали, посочени от бранда: Естествена кожа.",,https://shop.lenavelur.com/shop/kartodarjach-estestvena-koja/,https://shop.lenavelur.com,https://shop.lenavelur.com/wp-content/uploads/2024/03/0009.jpg,TRUE,,lena-velur,,,,,,,Чанти и портфейли,Чанти,false,,,Практичен,,Естествена кожа,,,,,,,Име,,,,,,,,,,,
Дамски чехли от естествена кожа,Лена Велур,damski-chehli-ot-estestvena-kozha,Облекло,,,,EUR,"Дамски чехли от естествена кожа от Лена Велур. Материали, посочени от бранда: Естествена кожа.",,https://shop.lenavelur.com/shop/damski-chehli-estestvena-koja-kafevi/,https://shop.lenavelur.com,https://shop.lenavelur.com/wp-content/uploads/2024/03/woman_0005-1.jpg,TRUE,,lena-velur,,,,,,,Обувки,Чехли,false,,,,,Естествена кожа,Жени,,,,,,,,,,,,,,,,,
Дамски чехли от естествена кожа,Лена Велур,damski-chehli-ot-estestvena-kozha-2,Облекло,,,,EUR,"Дамски чехли от естествена кожа от Лена Велур. Материали, посочени от бранда: Естествена кожа.",,https://shop.lenavelur.com/shop/damski-chehli-estestvena-koja-cherveni/,https://shop.lenavelur.com,https://shop.lenavelur.com/wp-content/uploads/2024/03/woman_0004.jpg,TRUE,,lena-velur,,,,,,,Обувки,Чехли,false,,,,,Естествена кожа,Жени,,,,,,,,,,,,,,,,,
Дамски чехли от естествена кожа,Лена Велур,damski-chehli-ot-estestvena-kozha-3,Облекло,,,,EUR,"Дамски чехли от естествена кожа от Лена Велур. Материали, посочени от бранда: Естествена кожа.",,https://shop.lenavelur.com/shop/damski-chehli-estestvena-koja-cherni/,https://shop.lenavelur.com,https://shop.lenavelur.com/wp-content/uploads/2024/03/woman_0003.jpg,TRUE,,lena-velur,,,,,,,Обувки,Чехли,false,,,,,Естествена кожа,Жени,,,,,,,,,,,,,,,,,
Мъжки чехли от естествена кожа,Лена Велур,mazhki-chehli-ot-estestvena-kozha,Облекло,,,,EUR,"Мъжки чехли от естествена кожа от Лена Велур. Материали, посочени от бранда: Естествена кожа.",,https://shop.lenavelur.com/shop/majki-chehli-estestvena-koja-sivi/,https://shop.lenavelur.com,https://shop.lenavelur.com/wp-content/uploads/2024/03/men_003-1.jpg,TRUE,,lena-velur,,,,,,,Обувки,Чехли,false,,,,,Естествена кожа,Мъже,,,,,,,,,,,,,,,,,
Мъжки чехли от естествена кожа,Лена Велур,mazhki-chehli-ot-estestvena-kozha-2,Облекло,,,,EUR,"Мъжки чехли от естествена кожа от Лена Велур. Материали, посочени от бранда: Естествена кожа.",,https://shop.lenavelur.com/shop/majki-chehli-estestvena-koja-cherni/,https://shop.lenavelur.com,https://shop.lenavelur.com/wp-content/uploads/2024/03/men_002.jpg,TRUE,,lena-velur,,,,,,,Обувки,Чехли,false,,,,,Естествена кожа,Мъже,,,,,,,,,,,,,,,,,
Мъжки чехли от естествена кожа,Лена Велур,mazhki-chehli-ot-estestvena-kozha-3,Облекло,,,,EUR,"Мъжки чехли от естествена кожа от Лена Велур. Материали, посочени от бранда: Естествена кожа.",,https://shop.lenavelur.com/shop/majki-chehli-estestvena-koja-kafevi/,https://shop.lenavelur.com,https://shop.lenavelur.com/wp-content/uploads/2024/03/men_001.jpg,TRUE,,lena-velur,,,,,,,Обувки,Чехли,false,,,,,Естествена кожа,Мъже,,,,,,,,,,,,,,,,,
Ваучер за подарък,Лена Велур,vaucher-za-podarak,,,,,EUR,Ваучер за подарък от Лена Велур.,,https://shop.lenavelur.com/shop/vaucher-podarak/,https://shop.lenavelur.com,,TRUE,,lena-velur,,,,,,,,,false,,,,,,,,,,,,,,,,,,,,,,,
Мъжки топлинки от естествена кожа,Лена Велур,mazhki-toplinki-ot-estestvena-kozha,,,,,EUR,"Мъжки топлинки от естествена кожа от Лена Велур. Материали, посочени от бранда: Естествена кожа.",,https://shop.lenavelur.com/shop/majki-toplinki-estestvena-koja-kafevi/,https://shop.lenavelur.com,https://shop.lenavelur.com/wp-content/uploads/2024/03/men_0005.jpg,TRUE,,lena-velur,,,,,,,,,false,,,,,Естествена кожа,Мъже,,,,,,,,,,,,,,,,,
Мъжки топлинки от естествена кожа,Лена Велур,mazhki-toplinki-ot-estestvena-kozha-2,,,,,EUR,"Мъжки топлинки от естествена кожа от Лена Велур. Материали, посочени от бранда: Естествена кожа.",,https://shop.lenavelur.com/shop/majki-toplinki-estestvena-koja-bejovi/,https://shop.lenavelur.com,https://shop.lenavelur.com/wp-content/uploads/2024/03/men_0004.jpg,TRUE,,lena-velur,,,,,,,,,false,,,,,Естествена кожа,Мъже,,,,,,,,,,,,,,,,,
Детски топлинки от естествена кожа,Лена Велур,detski-toplinki-ot-estestvena-kozha,,,,,EUR,"Детски топлинки от естествена кожа от Лена Велур. Материали, посочени от бранда: Естествена кожа.",,https://shop.lenavelur.com/shop/detski-toplinki-estestvena-koja-bejovi/,https://shop.lenavelur.com,https://shop.lenavelur.com/wp-content/uploads/2024/03/kids_00003.jpg,TRUE,,lena-velur,,,,,,,,,false,,,,,Естествена кожа,Деца,,,,,,,,,,,,,,,,,
Детски топлинки от естествена кожа,Лена Велур,detski-toplinki-ot-estestvena-kozha-2,,,,,EUR,"Детски топлинки от естествена кожа от Лена Велур. Материали, посочени от бранда: Естествена кожа.",,https://shop.lenavelur.com/shop/detski-toplinki-estestvena-koja-kafevi/,https://shop.lenavelur.com,https://shop.lenavelur.com/wp-content/uploads/2024/03/kids_0002.jpg,TRUE,,lena-velur,,,,,,,,,false,,,,,Естествена кожа,Деца,,,,,,,,,,,,,,,,,
Детски топлинки от естествена кожа,Лена Велур,detski-toplinki-ot-estestvena-kozha-3,,,,,EUR,"Детски топлинки от естествена кожа от Лена Велур. Материали, посочени от бранда: Естествена кожа.",,https://shop.lenavelur.com/shop/detski-toplinki-estestvena-koja-sini/,https://shop.lenavelur.com,https://shop.lenavelur.com/wp-content/uploads/2024/03/kids_0001.jpg,TRUE,,lena-velur,,,,,,,,,false,,,,,Естествена кожа,Деца,,,,,,,,,,,,,,,,,
Дамски топлинки от естествена кожа,Лена Велур,damski-toplinki-ot-estestvena-kozha,,,,,EUR,"Дамски топлинки от естествена кожа от Лена Велур. Материали, посочени от бранда: Естествена кожа.",,https://shop.lenavelur.com/shop/damski-toplinki-estestvena-koja-jalti/,https://shop.lenavelur.com,https://shop.lenavelur.com/wp-content/uploads/2024/03/woman_0002.jpg,TRUE,,lena-velur,,,,,,,,,false,,,,,Естествена кожа,Жени,,,,,,,,,,,,,,,,,
Дамски топлинки от естествена кожа,Лена Велур,damski-toplinki-ot-estestvena-kozha-2,,,,,EUR,"Дамски топлинки от естествена кожа от Лена Велур. Материали, посочени от бранда: Естествена кожа.",,https://shop.lenavelur.com/shop/damski-toplinki-estestvena-koja-lilavi/,https://shop.lenavelur.com,https://shop.lenavelur.com/wp-content/uploads/2024/03/woman_0001-1.jpg,TRUE,,lena-velur,,,,,,,,,false,,,,,Естествена кожа,Жени,,,,,,,,,,,,,,,,,
Професионална чанта от PVC брезент за медицински принадлежности,Лена Велур,profesionalna-chanta-ot-pvc-brezent-za-meditsinski-prinadlezhnosti,Облекло,,,,EUR,"Професионална чанта от PVC брезент за медицински принадлежности от Лена Велур. Материали, посочени от бранда: Памук.",,https://shop.lenavelur.com/shop/profesionalna-chanta-estestvena-koja-chervena/,https://shop.lenavelur.com,https://shop.lenavelur.com/wp-content/uploads/2024/02/mk01.jpg,TRUE,,lena-velur,,,,,,,Дамско облекло,Поли,false,,,,Червен,Памук,,,,,,,,,,,,,,,,,,
Професионална чанта от PVC брезент за инструменти,Лена Велур,profesionalna-chanta-ot-pvc-brezent-za-instrumenti,Облекло,,,,EUR,Професионална чанта от PVC брезент за инструменти от Лена Велур.,,https://shop.lenavelur.com/shop/profesionalna-chanta-estestvena-koja-sinya/,https://shop.lenavelur.com,https://shop.lenavelur.com/wp-content/uploads/2024/02/ik01.jpg,TRUE,,lena-velur,,,,,,,Дамско облекло,Поли,false,,,,"Син,Тъмносин",,,,,,,,,,,,,,,,,,,
Универсална пътна чанта от естествена кожа,Лена Велур,universalna-patna-chanta-ot-estestvena-kozha,Аксесоари,,,,EUR,"Универсална пътна чанта от естествена кожа от Лена Велур. Материали, посочени от бранда: Естествена кожа.",,https://shop.lenavelur.com/shop/universalna-patna-chanta-estestvena-koja-sak-bordo/,https://shop.lenavelur.com,https://shop.lenavelur.com/wp-content/uploads/2024/03/r01.jpg,TRUE,,lena-velur,,,,,,,Чанти и портфейли,Чанти,false,,,,,Естествена кожа,Мъже,,,,,,,,,,,,,,,,,
Универсална пътна чанта от естествена кожа,Лена Велур,universalna-patna-chanta-ot-estestvena-kozha-2,Аксесоари,,,,EUR,"Универсална пътна чанта от естествена кожа от Лена Велур. Материали, посочени от бранда: Естествена кожа.",,https://shop.lenavelur.com/shop/universalna-patna-chanta-estestvena-koja-sak-cherna/,https://shop.lenavelur.com,https://shop.lenavelur.com/wp-content/uploads/2024/03/b01-1.jpg,TRUE,,lena-velur,,,,,,,Чанти и портфейли,Чанти,false,,,,,Естествена кожа,Мъже,,,,,,,,,,,,,,,,,
Мъжка чанта от естествена кожа,Лена Велур,mazhka-chanta-ot-estestvena-kozha,Аксесоари,,,,EUR,"Мъжка чанта от естествена кожа от Лена Велур. Материали, посочени от бранда: Естествена кожа.",,https://shop.lenavelur.com/shop/majka-chanta-estestvena-koja-412-cherna/,https://shop.lenavelur.com,https://shop.lenavelur.com/wp-content/uploads/2024/03/01-9.jpg,TRUE,,lena-velur,,,,,,,Чанти и портфейли,Чанти,false,,,,,Естествена кожа,Мъже,,,,,,,,,,,,,,,,,
Бизнес чанта от естествена кожа,Лена Велур,biznes-chanta-ot-estestvena-kozha,Аксесоари,,,,EUR,"Бизнес чанта от естествена кожа от Лена Велур. Материали, посочени от бранда: Естествена кожа.",,https://shop.lenavelur.com/shop/biznes-chanta-estestvena-koja-155-cherna/,https://shop.lenavelur.com,https://shop.lenavelur.com/wp-content/uploads/2024/03/01-6.jpg,TRUE,,lena-velur,,,,,,,Чанти и портфейли,Чанти,false,,,,,Естествена кожа,Мъже,,,,,,,,,,,,,,,,,
Мъжка бизнес чанта от естествена кожа,Лена Велур,mazhka-biznes-chanta-ot-estestvena-kozha,Аксесоари,,,,EUR,"Мъжка бизнес чанта от естествена кожа от Лена Велур. Материали, посочени от бранда: Естествена кожа.",,https://shop.lenavelur.com/shop/majka-biznes-chanta-estestvena-koja-153-cherna/,https://shop.lenavelur.com,https://shop.lenavelur.com/wp-content/uploads/2024/03/01-5.jpg,TRUE,,lena-velur,,,,,,,Чанти и портфейли,Чанти,false,,,,,Естествена кожа,Мъже,,,,,,,,,,,,,,,,,
Мъжка бизнес чанта от естествена кожа,Лена Велур,mazhka-biznes-chanta-ot-estestvena-kozha-2,Аксесоари,,,,EUR,"Мъжка бизнес чанта от естествена кожа от Лена Велур. Материали, посочени от бранда: Естествена кожа.",,https://shop.lenavelur.com/shop/majka-biznes-chanta-estestvena-koja-152-cherna/,https://shop.lenavelur.com,https://shop.lenavelur.com/wp-content/uploads/2024/03/01-4.jpg,TRUE,,lena-velur,,,,,,,Чанти и портфейли,Чанти,false,,,,,Естествена кожа,Мъже,,,,,,,,,,,,,,,,,
Мъжка бизнес чанта от естествена кожа,Лена Велур,mazhka-biznes-chanta-ot-estestvena-kozha-3,Аксесоари,,,,EUR,"Мъжка бизнес чанта от естествена кожа от Лена Велур. Материали, посочени от бранда: Естествена кожа.",,https://shop.lenavelur.com/shop/majka-biznes-chanta-estestvena-koja-148a-cherna/,https://shop.lenavelur.com,https://shop.lenavelur.com/wp-content/uploads/2024/03/01-3.jpg,TRUE,,lena-velur,,,,,,,Чанти и портфейли,Чанти,false,,,,,Естествена кожа,Мъже,,,,,,,,,,,,,,,,,
Дамска чанта от естествена кожа,Лена Велур,damska-chanta-ot-estestvena-kozha,Аксесоари,,,,EUR,"Дамска чанта от естествена кожа от Лена Велур. Материали, посочени от бранда: Естествена кожа.",,https://shop.lenavelur.com/shop/damska-chanta-estestvena-koja-423-chervena/,https://shop.lenavelur.com,https://shop.lenavelur.com/wp-content/uploads/vc01.jpg,TRUE,,lena-velur,,,,,,,Чанти и портфейли,Чанти,false,,,,Червен,Естествена кожа,Жени,,,,,,,,,,,,,,,,,
Дамска чанта от естествена кожа,Лена Велур,damska-chanta-ot-estestvena-kozha-2,Аксесоари,,,,EUR,"Дамска чанта от естествена кожа от Лена Велур. Материали, посочени от бранда: Естествена кожа.",,https://shop.lenavelur.com/shop/damska-chanta-estestvena-koja-423-zelena/,https://shop.lenavelur.com,https://shop.lenavelur.com/wp-content/uploads/hff01.jpg,TRUE,,lena-velur,,,,,,,Чанти и портфейли,Чанти,false,,,,Зелен,Естествена кожа,Жени,,,,,,,,,,,,,,,,,
Дамска чанта от естествена кожа,Лена Велур,damska-chanta-ot-estestvena-kozha-3,Аксесоари,,,,EUR,"Дамска чанта от естествена кожа от Лена Велур. Материали, посочени от бранда: Естествена кожа.",,https://shop.lenavelur.com/shop/damska-chanta-estestvena-koja-424-shargen-cherna/,https://shop.lenavelur.com,https://shop.lenavelur.com/wp-content/uploads/bll_01.jpg,TRUE,,lena-velur,,,,,,,Чанти и портфейли,Чанти,false,,,,,Естествена кожа,Жени,,,,,,,,,,,,,,,,,
Дамска чанта от естествена кожа,Лена Велур,damska-chanta-ot-estestvena-kozha-4,Аксесоари,,,,EUR,"Дамска чанта от естествена кожа от Лена Велур. Материали, посочени от бранда: Естествена кожа.",,https://shop.lenavelur.com/shop/damska-chanta-estestvena-koja-424-bejova/,https://shop.lenavelur.com,https://shop.lenavelur.com/wp-content/uploads/bj_01.jpg,TRUE,,lena-velur,,,,,,,Чанти и портфейли,Чанти,false,,,,Бежов,Естествена кожа,Жени,,,,,,,,,,,,,,,,,
Дамска чанта от естествена кожа,Лена Велур,damska-chanta-ot-estestvena-kozha-5,Аксесоари,,,,EUR,"Дамска чанта от естествена кожа от Лена Велур. Материали, посочени от бранда: Естествена кожа.",,https://shop.lenavelur.com/shop/damska-chanta-estestvena-koja-424-zelena/,https://shop.lenavelur.com,https://shop.lenavelur.com/wp-content/uploads/gr_01.jpg,TRUE,,lena-velur,,,,,,,Чанти и портфейли,Чанти,false,,,,Зелен,Естествена кожа,Жени,,,,,,,,,,,,,,,,,
Дамска чанта от естествена кожа,Лена Велур,damska-chanta-ot-estestvena-kozha-6,Аксесоари,,,,EUR,"Дамска чанта от естествена кожа от Лена Велур. Материали, посочени от бранда: Естествена кожа.",,https://shop.lenavelur.com/shop/damska-chanta-estestvena-koja-424-tamno-sin/,https://shop.lenavelur.com,https://shop.lenavelur.com/wp-content/uploads/2024/05/ed_01.jpg,TRUE,,lena-velur,,,,,,,Чанти и портфейли,Чанти,false,,,,"Син,Тъмносин",Естествена кожа,Жени,,,,,,,,,,,,,,,,,
Дамска чанта/раница от естествена кожа,Лена Велур,damska-chanta-ranitsa-ot-estestvena-kozha,Аксесоари,,,,EUR,"Дамска чанта/раница от естествена кожа от Лена Велур. Материали, посочени от бранда: Естествена кожа.",,https://shop.lenavelur.com/shop/damska-chanta-estestvena-koja-421-byala/,https://shop.lenavelur.com,https://shop.lenavelur.com/wp-content/uploads/2024/03/w_01.jpg,TRUE,,lena-velur,,,,,,,Чанти и портфейли,Чанти,false,,,,Бял,Естествена кожа,Жени,,,,,,,,,,,,,,,,,
Дамска чанта от твърда естествена кожа,Лена Велур,damska-chanta-ot-tvarda-estestvena-kozha,Аксесоари,,,,EUR,"Дамска чанта от твърда естествена кожа от Лена Велур. Материали, посочени от бранда: Естествена кожа.",,https://shop.lenavelur.com/shop/damska-chanta-tvarda-estestvena-koja-400-cherna/,https://shop.lenavelur.com,https://shop.lenavelur.com/wp-content/uploads/2024/03/400_01.jpg,TRUE,,lena-velur,,,,,,,Чанти и портфейли,Чанти,false,,,,,Естествена кожа,Жени,,,,,,,,,,,,,,,,,
Дамска чанта от естествена кожа,Лена Велур,damska-chanta-ot-estestvena-kozha-7,Аксесоари,,,,EUR,"Дамска чанта от естествена кожа от Лена Велур. Материали, посочени от бранда: Естествена кожа.",,https://shop.lenavelur.com/shop/damska-chanta-estestvena-koja-429-cherna/,https://shop.lenavelur.com,https://shop.lenavelur.com/wp-content/uploads/2024/03/BL_01.jpg,TRUE,,lena-velur,,,,,,,Чанти и портфейли,Чанти,false,,,,,Естествена кожа,Жени,,,,,,,,,,,,,,,,,
Дамска чанта от естествена кожа,Лена Велур,damska-chanta-ot-estestvena-kozha-8,Аксесоари,,,,EUR,"Дамска чанта от естествена кожа от Лена Велур. Материали, посочени от бранда: Естествена кожа.",,https://shop.lenavelur.com/shop/damska-chanta-estestvena-koja-429-siva/,https://shop.lenavelur.com,https://shop.lenavelur.com/wp-content/uploads/2024/03/01-1.jpg,TRUE,,lena-velur,,,,,,,Чанти и портфейли,Чанти,false,,,,,Естествена кожа,Жени,,,,,,,,,,,,,,,,,
Дамска чанта от естествена кожа,Лена Велур,damska-chanta-ot-estestvena-kozha-9,Аксесоари,,,,EUR,"Дамска чанта от естествена кожа от Лена Велур. Материали, посочени от бранда: Естествена кожа.",,https://shop.lenavelur.com/shop/damska-chanta-estestvena-koja-428-jalta/,https://shop.lenavelur.com,https://shop.lenavelur.com/wp-content/uploads/2024/03/k01.jpg,TRUE,,lena-velur,,,,,,,Чанти и портфейли,Чанти,false,,,,Жълт,Естествена кожа,Жени,,,,,,,,,,,,,,,,,
Дамска чанта от естествена кожа,Лена Велур,damska-chanta-ot-estestvena-kozha-10,Аксесоари,,,,EUR,"Дамска чанта от естествена кожа от Лена Велур. Материали, посочени от бранда: Естествена кожа.",,https://shop.lenavelur.com/shop/damska-chanta-estestvena-koja-423-byala/,https://shop.lenavelur.com,https://shop.lenavelur.com/wp-content/uploads/2024/03/hw01.jpg,TRUE,,lena-velur,,,,,,,Чанти и портфейли,Чанти,false,,,,Бял,Естествена кожа,Жени,,,,,,,,,,,,,,,,,
Малка дамска раница от естествена кожа,Лена Велур,malka-damska-ranitsa-ot-estestvena-kozha,Облекло,,,,EUR,"Малка дамска раница от естествена кожа от Лена Велур. Материали, посочени от бранда: Естествена кожа.",,https://shop.lenavelur.com/shop/malka-damska-ranica-estestvena-koja-105-jalta/,https://shop.lenavelur.com,https://shop.lenavelur.com/wp-content/uploads/2024/03/c01.jpg,TRUE,,lena-velur,,,,,,,Дамско облекло,Поли,false,,,,Жълт,Естествена кожа,Жени,,,,,,,,,,,,,,,,,
Книгоразделител от естествена кожа-ръчно рисуван,Лена Велур,knigorazdelitel-ot-estestvena-kozha-rachno-risuvan,,,,,EUR,"Книгоразделител от естествена кожа-ръчно рисуван от Лена Велур. Материали, посочени от бранда: Естествена кожа.",,https://shop.lenavelur.com/shop/knigorazdelitel-estestvena-koja-rachno-risuvan/,https://shop.lenavelur.com,https://shop.lenavelur.com/wp-content/uploads/raz_8.jpg,TRUE,,lena-velur,,,,,,,,,false,,,,,Естествена кожа,,,,,,,,,,,,,,,,,,
Кожена подложка за мишка,Лена Велур,kozhena-podlozhka-za-mishka,,,,,EUR,"Кожена подложка за мишка от Лена Велур. Материали, посочени от бранда: Естествена кожа.",,https://shop.lenavelur.com/shop/kojena-podlojka-mishka/,https://shop.lenavelur.com,https://shop.lenavelur.com/wp-content/uploads/2024/03/07.jpg,TRUE,,lena-velur,,,,,,,,,false,,,,,Естествена кожа,Жени,,,,,,Име,Елегантен,,,,,,,,,,
Ключодържател Лена,Лена Велур,klyuchodarzhatel-lena,Аксесоари,,,,EUR,"Ключодържател Лена от Лена Велур. Материали, посочени от бранда: Естествена кожа.",,https://shop.lenavelur.com/shop/klyuchodarjatel-lena/,https://shop.lenavelur.com,https://shop.lenavelur.com/wp-content/uploads/2024/03/05.jpg,TRUE,,lena-velur,,,,,,,Чанти и портфейли,Чанти,false,,,,,Естествена кожа,,,,,,,,,,,,,,,,,,
Дамски и мъжки колани,Лена Велур,damski-i-mazhki-kolani,,,,,EUR,"Дамски и мъжки колани от Лена Велур. Материали, посочени от бранда: Естествена кожа.",,https://shop.lenavelur.com/shop/damski-majki-kolani/,https://shop.lenavelur.com,https://shop.lenavelur.com/wp-content/uploads/2024/03/10.jpg,TRUE,,lena-velur,,,,,,,,,false,,,,,Естествена кожа,Мъже,,,,,,,,,,,,,,,,,
Стилен калъф за бутилка,Лена Велур,stilen-kalaf-za-butilka,,,,,EUR,"Стилен калъф за бутилка от Лена Велур. Материали, посочени от бранда: Естествена кожа.",,https://shop.lenavelur.com/shop/stilen-kalaf-butilka/,https://shop.lenavelur.com,https://shop.lenavelur.com/wp-content/uploads/2024/03/000008.jpg,TRUE,,lena-velur,,,,,,,,,false,,,,,Естествена кожа,,,,,,,,,,,,,,,,,,
Пунгия за тютюн,Лена Велур,pungiya-za-tyutyun,,,,,EUR,"Пунгия за тютюн от Лена Велур. Материали, посочени от бранда: Естествена кожа.",,https://shop.lenavelur.com/shop/pungiya-tyutyun/,https://shop.lenavelur.com,https://shop.lenavelur.com/wp-content/uploads/2024/03/03_пунгия.jpg,TRUE,,lena-velur,,,,,,,,,false,,,,,Естествена кожа,,,,,,,,,,,,,,,,,,
Чанта за лули,Лена Велур,chanta-za-luli,Аксесоари,,,,EUR,"Чанта за лули от Лена Велур. Материали, посочени от бранда: Естествена кожа.",,https://shop.lenavelur.com/shop/chanta-luli/,https://shop.lenavelur.com,https://shop.lenavelur.com/wp-content/uploads/2024/03/002.jpg,TRUE,,lena-velur,,,,,,,Чанти и портфейли,Чанти,false,,,,,Естествена кожа,,,,,,,,,,,,,,,,,,
Поставка за лула от естествена кожа,Лена Велур,postavka-za-lula-ot-estestvena-kozha,,,,,EUR,"Поставка за лула от естествена кожа от Лена Велур. Материали, посочени от бранда: Естествена кожа.",,https://shop.lenavelur.com/shop/postavka-estestvena-koja-lula/,https://shop.lenavelur.com,https://shop.lenavelur.com/wp-content/uploads/2024/03/03_поставка.jpg,TRUE,,lena-velur,,,,,,,,,false,,,,,Естествена кожа,,,,,,,,,,,,,,,,,,
Мъжки кожени сандали от естествена кожа | Размери 40–44,Неди Стил,mazhki-kozheni-sandali-ot-estestvena-kozha-razmeri-40-44,Облекло,,,,EUR,"Мъжки кожени сандали от естествена кожа | Размери 40–44 от Неди Стил. Материали, посочени от бранда: Естествена кожа.",,https://nedistil.com/majki-kojeni-sandali/,https://nedistil.com,"https://nedistil.com/wp-content/uploads/2026/07/8471230e-8ae8-4a63-8974-7ed092e1a113.jpg,https://nedistil.com/wp-content/uploads/2026/07/f2931cab-fcab-4941-ae05-17d3189b7c6b.jpg,https://nedistil.com/wp-content/uploads/2026/07/1966fb90-e083-4ceb-a03b-4fc99e48cb22.jpg",TRUE,,nedi-stil,,,,,,,Обувки,Сандали,false,,,,,Естествена кожа,Мъже,,,,,,,,,,,,,,,,,
27660 Brown - Неди Стил,Неди Стил,27660-brown-nedi-stil,Облекло,,,,EUR,27660 Brown - Неди Стил от Неди Стил.,,https://nedistil.com/27660-brown/,https://nedistil.com,https://nedistil.com/wp-content/uploads/2025/09/069a0fef-5b5c-4817-80ca-bfd63e493f12_1.jpg,TRUE,,nedi-stil,,,,,,,Обувки,Сандали,false,,,,,,Мъже,,,,,,,,,,,,,,,,,
27670 Brown & Avocado - Неди Стил,Неди Стил,27670-brown-avocado-nedi-stil,Облекло,,,,EUR,27670 Brown & Avocado - Неди Стил от Неди Стил.,,https://nedistil.com/27670-brown-avocado/,https://nedistil.com,https://nedistil.com/wp-content/uploads/2025/09/8cc05533-dace-4eba-a24a-57a63b4bc7ca_2.jpg,TRUE,,nedi-stil,,,,,,,Обувки,Сандали,false,,,,,,Мъже,,,,,,,,,,,,,,,,,
27680 Brown - Неди Стил,Неди Стил,27680-brown-nedi-stil,Облекло,,,,EUR,27680 Brown - Неди Стил от Неди Стил.,,https://nedistil.com/27680-brown-avocado/,https://nedistil.com,https://nedistil.com/wp-content/uploads/2025/09/d2c0e17a-c28d-4473-8326-7249cbfe3d27.jpg,TRUE,,nedi-stil,,,,,,,Обувки,Сандали,false,,,,,,Мъже,,,,,,,,,,,,,,,,,
27660 Black - Неди Стил,Неди Стил,27660-black-nedi-stil,Облекло,,,,EUR,27660 Black - Неди Стил от Неди Стил.,,https://nedistil.com/27660-black/,https://nedistil.com,https://nedistil.com/wp-content/uploads/2025/09/02d4ce5d-2631-47ce-acae-564d51eb691b_2.jpg,TRUE,,nedi-stil,,,,,,,Обувки,Сандали,false,,,,,,Мъже,,,,,,,,,,,,,,,,,
27670 Black - Неди Стил,Неди Стил,27670-black-nedi-stil,Облекло,,,,EUR,27670 Black - Неди Стил от Неди Стил.,,https://nedistil.com/27670-black/,https://nedistil.com,https://nedistil.com/wp-content/uploads/2025/09/6ef1ac1d-35ca-4195-a6ee-96d773340ba1_2.jpg,TRUE,,nedi-stil,,,,,,,Обувки,Сандали,false,,,,,,Мъже,,,,,,,,,,,,,,,,,
Елегантни мъжки кожени боти от естествена кожа – класически модел,Неди Стил,elegantni-mazhki-kozheni-boti-ot-estestvena-kozha-klasicheski-model,Облекло,,,,EUR,Елегантни мъжки кожени боти от естествена кожа – класически модел от Неди Стил.,,https://nedistil.com/elegantni-muzhki-kozeni-boti/,https://nedistil.com,"https://nedistil.com/wp-content/uploads/2026/01/3fec684c-203e-47b2-90be-62d1ac8e99c9-1.jpg,https://nedistil.com/wp-content/uploads/2026/01/a22d8dac-cc85-4afe-8fc3-617366b1a12d.jpg,https://nedistil.com/wp-content/uploads/2026/01/678b7470-cecb-4fff-b6d4-c3a2a90d822a.jpg,https://nedistil.com/wp-content/uploads/2026/01/9efb6ebd-b5c1-481f-a838-583930097daf.jpg,https://nedistil.com/wp-content/uploads/2026/01/08a00bf1-ab04-4811-bd19-c9810954d798.jpg,https://nedistil.com/wp-content/uploads/2026/01/0f480bea-2fdb-4293-8684-575b9f48b063.jpg,https://nedistil.com/wp-content/uploads/2026/01/ce7e958a-b0d2-488a-9ebc-3b56d364a4f6.jpg,https://nedistil.com/wp-content/uploads/2026/01/0375be10-6101-49f2-8ed4-aad266c2f9c7.jpg",TRUE,,nedi-stil,,,,,,,Обувки,Боти,false,,,,"Кафяв,Черен",,Мъже,,,,,,,Елегантен,,,,,,,,,,
Мъжки официални дерби обувки 2123 - #мъжкиобувки #луксозниобувки #кожениобувки #официалниобувки #бизнесстил #елегантниобувки #естественакожа #мъжкамода #официаленстил #дербиобувки,Неди Стил,mazhki-ofitsialni-derbi-obuvki-2123-mazhkiobuvki-luksozniobuvki-kozheniobuvki-ofitsialniobuvki-biznesstil-elegantniobuvk,Облекло,,,,EUR,"Мъжки официални дерби обувки 2123 - #мъжкиобувки #луксозниобувки #кожениобувки #официалниобувки #бизнесстил #елегантниобувки #естественакожа #мъжкамода #официаленстил #дербиобувки от Неди Стил. Материали, посочени от бранда: Естествена кожа.",,https://nedistil.com/mzhki-ofitsialni-derbi-obuvki-2123-мъжкиобувки-луксозниобувки-к/,https://nedistil.com,"https://nedistil.com/wp-content/uploads/2026/01/f2a11066-0250-407d-8b54-3b665df089fe.jpg,https://nedistil.com/wp-content/uploads/2026/01/11c0aadf-1082-4729-a0f4-a0ec917a9718.jpg,https://nedistil.com/wp-content/uploads/2026/01/97e18b90-8137-4758-a8f1-172d0b9848d4.jpg,https://nedistil.com/wp-content/uploads/2026/01/bc41dd5f-800c-4ec5-bd0c-e59c3d338bff.jpg,https://nedistil.com/wp-content/uploads/2026/01/02baf47d-e76f-45b5-a484-5692fb6d82e5.jpg,https://nedistil.com/wp-content/uploads/2026/01/21e90470-0515-45a2-9024-88e93063fe0b.jpg,https://nedistil.com/wp-content/uploads/2026/01/b8065fb3-803f-4438-adcd-6ebf23b1270a.jpg,https://nedistil.com/wp-content/uploads/2026/01/9a795301-3888-4a34-851b-bbc697814872.jpg",TRUE,,nedi-stil,,,,,,,Обувки,Обувки,false,,,,Кафяв,Естествена кожа,Мъже,,,,,,,Официален,,,,,,,,,,
10973/ Lupe Grey Nubuck - Неди Стил,Неди Стил,10973-lupe-grey-nubuck-nedi-stil,Облекло,,,,EUR,10973/ Lupe Grey Nubuck - Неди Стил от Неди Стил.,,https://nedistil.com/10973-lupe-grey-nubuck/,https://nedistil.com,"https://nedistil.com/wp-content/uploads/2025/10/e3e5934b-e9c1-4f23-b4f7-f8218a111146.jpg,https://nedistil.com/wp-content/uploads/2025/10/ba5d19a5-e557-4670-ad40-af16c35e5c19.jpg,https://nedistil.com/wp-content/uploads/2025/10/e9ecc1fe-bcfe-4112-a456-67959764f102.jpg",TRUE,,nedi-stil,,,,,,,Обувки,Боти,false,,,,,,Мъже,,,,,,,,,,,,,,,,,
Cherrish - Неди Стил,Неди Стил,cherrish-nedi-stil,,,,,EUR,Cherrish - Неди Стил от Неди Стил.,,https://nedistil.com/cherrish/,https://nedistil.com,https://nedistil.com/wp-content/uploads/2026/03/cc8a069b-4b7f-4ae1-b172-63a03948a5a3.jpg,TRUE,,nedi-stil,,,,,,,,,false,,,,,,Жени,,,,,,,,,,,,,,,,,
NedS - Неди Стил,Неди Стил,neds-nedi-stil,Аксесоари,,,,EUR,NedS - Неди Стил от Неди Стил.,,https://nedistil.com/neds-13/,https://nedistil.com,https://nedistil.com/wp-content/uploads/2025/06/Messenger_creation_01E2334D-A8E0-4384-9E40-1937B5DF98C8.jpeg,TRUE,,nedi-stil,,,,,,,Чанти и портфейли,Чанти,false,,,,,,Жени,,,,,,,,,,,,,,,,,
Struzzo Grey - Неди Стил,Неди Стил,struzzo-grey-nedi-stil,,,,,EUR,Struzzo Grey - Неди Стил от Неди Стил.,,https://nedistil.com/struzzo-grey/,https://nedistil.com,"https://nedistil.com/wp-content/uploads/2025/01/Messenger_creation_0B8EF319-6296-4115-AC35-B6E43E310D79.jpeg,https://nedistil.com/wp-content/uploads/2025/01/Messenger_creation_F8CF0759-9DBE-4598-9069-0925A97433FF.jpeg",TRUE,,nedi-stil,,,,,,,,,false,,,,,,Жени,,,,,,,,,,,,,,,,,
Banana - Неди Стил,Неди Стил,banana-nedi-stil,,,,,EUR,Banana - Неди Стил от Неди Стил.,,https://nedistil.com/banana/,https://nedistil.com,"https://nedistil.com/wp-content/uploads/2025/01/Messenger_creation_1BCFA436-C9F9-4FD2-B7B6-A70338E119B1.jpeg,https://nedistil.com/wp-content/uploads/2025/01/Messenger_creation_FFB6DFE4-DF17-4744-B516-95EAF0802A5E.jpeg",TRUE,,nedi-stil,,,,,,,,,false,,,,,,Жени,,,,,,,,,,,,,,,,,
Bag Autumn 24 - Неди Стил,Неди Стил,bag-autumn-24-nedi-stil,,,,,EUR,Bag Autumn 24 - Неди Стил от Неди Стил.,,https://nedistil.com/bag-autumn-24/,https://nedistil.com,"https://nedistil.com/wp-content/uploads/2024/11/Messenger_creation_590B7931-2EE4-4A5F-A065-32DD3066C3DF.jpeg,https://nedistil.com/wp-content/uploads/2024/11/Messenger_creation_28037E87-7E43-42DA-971F-FBD72AD8A83D.jpeg,https://nedistil.com/wp-content/uploads/2024/11/Messenger_creation_B7495C37-CCFA-4A32-BC12-7E37396A6C7E.jpeg,https://nedistil.com/wp-content/uploads/2024/11/Messenger_creation_C59AA451-CCEA-4273-8A7F-24D581CBE0C2.jpeg,https://nedistil.com/wp-content/uploads/2024/11/Messenger_creation_590B7931-2EE4-4A5F-A065-32DD3066C3DF-768x1024.jpeg",TRUE,,nedi-stil,,,,,,,,,false,,,,,,Жени,,,,,,,,,,,,,,,,,
Women Solo - Неди Стил,Неди Стил,women-solo-nedi-stil,Облекло,,,,EUR,Women Solo - Неди Стил от Неди Стил.,,https://nedistil.com/women-solo/,https://nedistil.com,"https://nedistil.com/wp-content/uploads/2024/01/20240105_135111-1-scaled.jpg,https://nedistil.com/wp-content/uploads/2024/01/20240105_135156-1-scaled.jpg,https://nedistil.com/wp-content/uploads/2024/01/20240105_135047-1-scaled.jpg,https://nedistil.com/wp-content/uploads/2024/01/20240105_135111-1-478x1024.jpg",TRUE,,nedi-stil,,,,,,,Обувки,Боти,false,,,,,,Жени,,,,,,,,,,,,,,,,,
Ажурни кафяви балеринки с камъчета | Размери 36–40,Неди Стил,azhurni-kafyavi-balerinki-s-kamacheta-razmeri-36-40,Облекло,,,,EUR,Ажурни кафяви балеринки с камъчета | Размери 36–40 от Неди Стил.,,https://nedistil.com/ajurni-kafyavi-balerinki/,https://nedistil.com,"https://nedistil.com/wp-content/uploads/2026/07/d65a92f4-c158-4ad6-8e66-a75ce9dece61.jpg,https://nedistil.com/wp-content/uploads/2026/07/3d06da09-5a13-4ed4-83d0-26e4c6dd3883.jpg,https://nedistil.com/wp-content/uploads/2026/07/18511557-e033-4c11-93aa-e876ac6d06ed.jpg,https://nedistil.com/wp-content/uploads/2026/07/9d63fa8a-21e3-4158-968e-3697d3118e16.jpg,https://nedistil.com/wp-content/uploads/2026/07/13a15ef1-9048-4c5b-8f6f-b44743c588d9.jpg,https://nedistil.com/wp-content/uploads/2026/07/e2b40887-9b7d-422a-920a-2761681a8f2f.jpg",TRUE,,nedi-stil,,,,,,,Обувки,Обувки,false,,,Еко,"Кафяв,Син",,Жени,,,,,,,,,,,,,,,,,
"Дамски сандали Air Weave Premium – Лекота, комфорт и елегантнос - Неди Стил",Неди Стил,damski-sandali-air-weave-premium-lekota-komfort-i-elegantnos-nedi-stil,Облекло,,,,EUR,"Дамски сандали Air Weave Premium – Лекота, комфорт и елегантнос - Неди Стил от Неди Стил.",,https://nedistil.com/дамски-сандали-air-weave-premium-лекота-комфорт-и/,https://nedistil.com,"https://nedistil.com/wp-content/uploads/2026/06/9e03e9bc-53ec-41c7-b054-9fd84df48a6f.jpg,https://nedistil.com/wp-content/uploads/2026/06/f1d0d4dd-34ee-4d70-86b0-c5eae60bfbba.jpg,https://nedistil.com/wp-content/uploads/2026/06/8077652e-27ab-4cd0-907a-9103f9795793.jpg,https://nedistil.com/wp-content/uploads/2026/06/0d5f46db-e861-4b36-bd9c-a4a4800a40c5.jpg,https://nedistil.com/wp-content/uploads/2026/06/c4468c69-8366-4dea-a179-4d6cbe3201fa.jpg,https://nedistil.com/wp-content/uploads/2026/06/90a8d88f-7c36-4e7a-92e3-0212ae9e1221.jpg",TRUE,,nedi-stil,,,,,,,Обувки,Сандали,false,,,Еко,Син,,Жени,,,,,,,,,Летен,,,,,,,,
Дамски мокасини Luxury Mosaic – Premium Edition - Неди Стил,Неди Стил,damski-mokasini-luxury-mosaic-premium-edition-nedi-stil,Облекло,,,,EUR,Дамски мокасини Luxury Mosaic – Premium Edition - Неди Стил от Неди Стил.,,https://nedistil.com/дамски-мокасини-luxury-mosaic-premium-edition/,https://nedistil.com,"https://nedistil.com/wp-content/uploads/2026/06/aff6e352-e8b2-487c-a434-554a05514620.jpg,https://nedistil.com/wp-content/uploads/2026/06/d17f083d-61d0-4aec-b898-baf55fc4c29f.jpg,https://nedistil.com/wp-content/uploads/2026/06/37eac84b-de11-4854-bf71-89a7c23507bd.jpg,https://nedistil.com/wp-content/uploads/2026/06/b96250fc-a77b-446c-a701-a2fb3635d27a.jpg,https://nedistil.com/wp-content/uploads/2026/06/db104ff4-b132-484c-89cc-9e1861dc33b3.jpg,https://nedistil.com/wp-content/uploads/2026/06/0ccf89ab-a20b-46e3-be22-077b49c1fd18.jpg,https://nedistil.com/wp-content/uploads/2026/06/d1fccd5a-49b0-4386-bfe4-6c1472ad28ec.jpg,https://nedistil.com/wp-content/uploads/2026/06/9930e8f7-6072-4f9d-8812-ad7443c905c6.jpg",TRUE,,nedi-stil,,,,,,,Обувки,Обувки,false,,,,Син,,Жени,,,,,,,,,,,,,,,,,
SC Blue - Неди Стил,Неди Стил,sc-blue-nedi-stil,Облекло,,,,EUR,"SC Blue - Неди Стил от Неди Стил. Материали, посочени от бранда: Естествена кожа.",,https://nedistil.com/sc-blue/,https://nedistil.com,https://nedistil.com/wp-content/uploads/2025/05/Messenger_creation_8399C29A-292B-4281-82B5-95219E05E456.jpeg,TRUE,,nedi-stil,,,,,,,Обувки,Обувки,false,,,,Син,Естествена кожа,Жени,,,,,,,,,,,,,,,,,
SC Marmo - Неди Стил,Неди Стил,sc-marmo-nedi-stil,Облекло,,,,EUR,"SC Marmo - Неди Стил от Неди Стил. Материали, посочени от бранда: Естествена кожа.",,https://nedistil.com/sc-beige/,https://nedistil.com,"https://nedistil.com/wp-content/uploads/2025/05/Messenger_creation_07C0CB94-4F07-46E9-A4F3-EE3C32EC3A1C.jpeg,https://nedistil.com/wp-content/uploads/2025/05/Messenger_creation_6C1A0DE7-4544-4952-96F4-F20115D5D0A8.jpeg",TRUE,,nedi-stil,,,,,,,Обувки,Обувки,false,,,,Син,Естествена кожа,Жени,,,,,,,,,,,,,,,,,
Мъжки маратонки естествена кожа в бяло и сиво,Cavaler,mazhki-maratonki-estestvena-kozha-v-byalo-i-sivo,Облекло,,,,EUR,"Мъжки маратонки естествена кожа в бяло и сиво от Cavaler. Материали, посочени от бранда: Естествена кожа.",,https://www.cavalerbg.com/c/mzhki-maratonki-22/mzhki-maratonki-estestvena-kozha-byalo-sivo-2471,https://www.cavalerbg.com,https://www.cavalerbg.com/uploads/2021/02/ded59db0266ac168a5d843e92e1ead4e.png,TRUE,,cavaler,,,,,,,Обувки,Маратонки,false,,,Еко,Бял,Естествена кожа,Мъже,,,,,,,Елегантен,,,,,,,,,,
Мъжки официални обувки с ластик и перфорация,Cavaler,mazhki-ofitsialni-obuvki-s-lastik-i-perforatsiya,Облекло,,,,EUR,"Мъжки официални обувки с ластик и перфорация от Cavaler. Материали, посочени от бранда: Естествена кожа.",,https://www.cavalerbg.com/c/nova-kolekciya-18/mzhki-oficialni-obuvki-lastik-perforaciya-2378,https://www.cavalerbg.com,https://www.cavalerbg.com/uploads/2019/04/776c7721dfa1c44db4d98e5a94b20a4e.jpg,TRUE,,cavaler,,,,,,,Обувки,Обувки,false,,,Еко,,Естествена кожа,Мъже,,,,,,,Елегантен,,,,,,,,,,
Зимни туристически обувки в кафяво,Cavaler,zimni-turisticheski-obuvki-v-kafyavo,Облекло,,,,EUR,"Зимни туристически обувки в кафяво от Cavaler. Материали, посочени от бранда: Естествена кожа.",,https://www.cavalerbg.com/c/turisticheski-obuvki-16/zimni-turisticheski-obuvki-kafyavo-2553,https://www.cavalerbg.com,https://www.cavalerbg.com/uploads/2022/04/5f9a651640c381af493a634012c5f4c2.png,TRUE,,cavaler,,,,,,,Обувки,Обувки,false,,,Еко,Кафяв,Естествена кожа,,,,,,,,,,,,,,,,,,
Мъжки туристически обувки - водоустойчиви,Cavaler,mazhki-turisticheski-obuvki-vodoustoichivi,Облекло,,,,EUR,"Мъжки туристически обувки - водоустойчиви от Cavaler. Материали, посочени от бранда: Естествена кожа.",,https://www.cavalerbg.com/c/turisticheski-obuvki-16/mzhki-turisticheski-obuvki-vodoustoichivi-2521,https://www.cavalerbg.com,https://www.cavalerbg.com/uploads/2021/10/e3f0556713d6d9e83991f1120c9ec519.png,TRUE,,cavaler,,,,,,,Обувки,Обувки,false,,,,Черен,Естествена кожа,Мъже,,,,,,,,,,,,,,,,,
Планински обувки в черно,Cavaler,planinski-obuvki-v-cherno,Облекло,,,,EUR,"Планински обувки в черно от Cavaler. Материали, посочени от бранда: Естествена кожа.",,https://www.cavalerbg.com/c/turisticheski-obuvki-16/planinski-obuvki-cherno-2528,https://www.cavalerbg.com,https://www.cavalerbg.com/uploads/2022/01/a0fcb36b2372eccf07ffa9c747a7a36e.png,TRUE,,cavaler,,,,,,,Обувки,Обувки,false,,,Еко,,Естествена кожа,,,,,,,,Елегантен,,,,,,,,,,
Мъжко сабо кафяво,Cavaler,mazhko-sabo-kafyavo,Облекло,,,,EUR,"Мъжко сабо кафяво от Cavaler. Материали, посочени от бранда: Естествена кожа.",,https://www.cavalerbg.com/c/sandali-chehli-1/mzhko-kafyavo-2446,https://www.cavalerbg.com,https://www.cavalerbg.com/uploads/2020/03/de1204b277605fe84e6c59b9a5dbc2ff.png,TRUE,,cavaler,,,,,,,Обувки,Сандали,false,,,,Кафяв,Естествена кожа,Мъже,,,,,,,,,,,,,,,,,
Мъжки спортни половинки от набук в бежов цвят,Cavaler,mazhki-sportni-polovinki-ot-nabuk-v-bezhov-tsvyat,Облекло,,,,EUR,Мъжки спортни половинки от набук в бежов цвят от Cavaler.,,https://www.cavalerbg.com/c/ezhednevni-2/mzhki-sportni-polovinki-nabuk-bezhov-cvyat-2695,https://www.cavalerbg.com,https://www.cavalerbg.com/uploads/2026/08/40d5c4e07af4bf57b7a143856922acef.jpg,TRUE,,cavaler,,,,,,,Обувки,Обувки,false,,,,Бежов,,Мъже,,,,,,,Елегантен,,,,,,,,,,
Мъжки спортни половинки от набук в сив и син цвят,Cavaler,mazhki-sportni-polovinki-ot-nabuk-v-siv-i-sin-tsvyat,Облекло,,,,EUR,Мъжки спортни половинки от набук в сив и син цвят от Cavaler.,,https://www.cavalerbg.com/c/ezhednevni-2/mzhki-sportni-polovinki-nabuk-siv-sin-cvyat-2694,https://www.cavalerbg.com,https://www.cavalerbg.com/uploads/2026/08/57b5ae561ebe6598fac45b9953e17556.jpg,TRUE,,cavaler,,,,,,,Обувки,Обувки,false,,,,Син,,Мъже,,,,,,,Елегантен,,,,,,,,,,
Мъжки мокасини в цвят камел,Cavaler,mazhki-mokasini-v-tsvyat-kamel,Облекло,,,,EUR,"Мъжки мокасини в цвят камел от Cavaler. Материали, посочени от бранда: Естествена кожа.",,https://www.cavalerbg.com/c/mzhki-mokasini-espadrili-15/mzhki-mokasini-cvyat-kamel-2638,https://www.cavalerbg.com,https://www.cavalerbg.com/uploads/2024/07/71ec64a24040ae4921946acb36a65f49.png,TRUE,,cavaler,,,,,,,Обувки,Обувки,false,,,Еко,Син,Естествена кожа,Мъже,,,,,,,,,,,,,,,,,
Мъжки мокасини в светлокафяв цвят,Cavaler,mazhki-mokasini-v-svetlokafyav-tsvyat,Облекло,,,,EUR,"Мъжки мокасини в светлокафяв цвят от Cavaler. Материали, посочени от бранда: Естествена кожа.",,https://www.cavalerbg.com/c/nova-kolekciya-18/mzhki-mokasini-svetlokafyav-cvyat-2622,https://www.cavalerbg.com,https://www.cavalerbg.com/uploads/2024/07/5fef5d1d236399ec16ac69b10bf43054.png,TRUE,,cavaler,,,,,,,Обувки,Обувки,false,,,,"Кафяв,Син",Естествена кожа,Мъже,,,,,,,,,,,,,,,,,
Елегантни мъжки черни обувки с ластик в цвят олив,Cavaler,elegantni-mazhki-cherni-obuvki-s-lastik-v-tsvyat-oliv,Облекло,,,,EUR,"Елегантни мъжки черни обувки с ластик в цвят олив от Cavaler. Материали, посочени от бранда: Естествена кожа.",,https://www.cavalerbg.com/c/oficialni-3/elegantni-mzhki-cherni-obuvki-lastik-cvyat-oliv-2699,https://www.cavalerbg.com,https://www.cavalerbg.com/uploads/2026/08/40d240c4b4dc6c5cf20f08257951a16f.jpg,TRUE,,cavaler,,,,,,,Обувки,Обувки,false,,,Еко,,Естествена кожа,Мъже,,,,,,,,,,,,,,,,,
Мъжки официални половинки в тъмно кафяв цвят,Cavaler,mazhki-ofitsialni-polovinki-v-tamno-kafyav-tsvyat,Облекло,,,,EUR,"Мъжки официални половинки в тъмно кафяв цвят от Cavaler. Материали, посочени от бранда: Естествена кожа.",,https://www.cavalerbg.com/c/oficialni-3/mzhki-oficialni-polovinki-tmno-kafyav-cvyat-2680,https://www.cavalerbg.com,https://www.cavalerbg.com/uploads/2026/03/5c060a41d80b2536082f19c09ac0870b.jpg,TRUE,,cavaler,,,,,,,Обувки,Обувки,false,,,,Кафяв,Естествена кожа,Мъже,,,,,,,,,,,,,,,,,
Мъжки кларкове в цвят олив,Cavaler,mazhki-klarkove-v-tsvyat-oliv,Облекло,,,,EUR,Мъжки кларкове в цвят олив от Cavaler.,,https://www.cavalerbg.com/c/boti-4/mzhki-klarkove-cvyat-oliv-2692,https://www.cavalerbg.com,https://www.cavalerbg.com/uploads/2026/05/4069f1d0378dc4ac2c187a7c35ef4bdc.jpg,TRUE,,cavaler,,,,,,,Обувки,Боти,false,,,,,,Мъже,,,,,,,,,,,,,,,,,
Ежедневни мъжки боти в кафяв цвят,Cavaler,ezhednevni-mazhki-boti-v-kafyav-tsvyat,Облекло,,,,EUR,"Ежедневни мъжки боти в кафяв цвят от Cavaler. Материали, посочени от бранда: Естествена кожа.",,https://www.cavalerbg.com/c/boti-4/ezhednevni-mzhki-v-kafyav-cvyat-2659,https://www.cavalerbg.com,https://www.cavalerbg.com/uploads/2025/02/f3b3703be918337d8b1f8c817c0059eb.png,TRUE,,cavaler,,,,,,,Обувки,Боти,false,,,Еко,Кафяв,Естествена кожа,Мъже,,,,,,,,,,,,,,,,,
Мъжки велурени боти,Cavaler,mazhki-velureni-boti,Облекло,,,,EUR,Мъжки велурени боти от Cavaler.,,https://www.cavalerbg.com/c/boti-4/mzhki-velureni-boti-2444,https://www.cavalerbg.com,https://www.cavalerbg.com/uploads/2020/03/089a3982e2202a6c96e93a3b129842cc.png,TRUE,,cavaler,,,,,,,Обувки,Боти,false,,,Еко,Кафяв,,Мъже,,,,,,,Елегантен,,,,,,,,,,
Мъжки спортни маратонки в черно и сиво,Cavaler,mazhki-sportni-maratonki-v-cherno-i-sivo,Облекло,,,,EUR,"Мъжки спортни маратонки в черно и сиво от Cavaler. Материали, посочени от бранда: Естествена кожа.",,https://www.cavalerbg.com/c/sportni-8/mzhki-sportni-maratonki-cherno-sivo-2664,https://www.cavalerbg.com,https://www.cavalerbg.com/uploads/2025/04/74d336f3fd9fcc1950b4f8d2605d87c1.png,TRUE,,cavaler,,,,,,,Обувки,Маратонки,false,,,"Еко,Практичен",,Естествена кожа,Мъже,,,,,,,,,,,,,,,,,
Мъжки спортни половинки,Cavaler,mazhki-sportni-polovinki,Облекло,,,,EUR,"Мъжки спортни половинки от Cavaler. Материали, посочени от бранда: Естествена кожа.",,https://www.cavalerbg.com/c/nova-kolekciya-18/mzhki-sportni-polovinki-2581,https://www.cavalerbg.com,https://www.cavalerbg.com/uploads/2023/01/271b2cc29872037629dc671ed047398a.png,TRUE,,cavaler,,,,,,,Обувки,Маратонки,false,,,Еко,,Естествена кожа,Мъже,,,,,,,,,,,,,,,,,
Дамски кецове ANISA,Estella Shoes,damski-ketsove-anisa,Облекло,,,,EUR,"Дамски кецове ANISA от Estella Shoes. Материали, посочени от бранда: Естествена кожа.",,https://estellashoes.com/produkt/damski-keczove-anisa/,https://estellashoes.com,https://estellashoes.com/wp-content/uploads/2025/04/dsc_6428.jpg,TRUE,,estella-shoes,,,,,,,Обувки,Обувки,false,,,,,Естествена кожа,Жени,,,,,,,,,,,,,,,,,
Дамски лоуфъри ANNE,Estella Shoes,damski-loufari-anne,Облекло,,,,EUR,"Дамски лоуфъри ANNE от Estella Shoes. Материали, посочени от бранда: Естествена кожа.",,https://estellashoes.com/produkt/damski-loufari-anne/,https://estellashoes.com,https://estellashoes.com/wp-content/uploads/2026/04/dsc_7409.jpg,TRUE,,estella-shoes,,,,,,,Обувки,Обувки,false,,,,,Естествена кожа,Жени,,,,,,,,,,,,,,,,,
Дамски лоуфъри RENEE,Estella Shoes,damski-loufari-renee,Облекло,,,,EUR,Дамски лоуфъри RENEE от Estella Shoes.,,https://estellashoes.com/produkt/damski-loufari-renee/,https://estellashoes.com,https://estellashoes.com/wp-content/uploads/2026/03/dsc_7301.jpg,TRUE,,estella-shoes,,,,,,,Обувки,Обувки,false,,,,,,Жени,,,,,,,,,,,,,,,,,
Дамски чехли BROOKE,Estella Shoes,damski-chehli-brooke,Облекло,,,,EUR,"Дамски чехли BROOKE от Estella Shoes. Материали, посочени от бранда: Естествена кожа.",,https://estellashoes.com/produkt/damski-chehli-brooke/,https://estellashoes.com,https://estellashoes.com/wp-content/uploads/2026/05/dsc_7751.jpg,TRUE,,estella-shoes,,,,,,,Обувки,Чехли,false,,,Ръчна изработка,,Естествена кожа,Жени,,,,,,,,,,,,,,,,,
Дамски чехли MACKENZIE,Estella Shoes,damski-chehli-mackenzie,Облекло,,,,EUR,"Дамски чехли MACKENZIE от Estella Shoes. Материали, посочени от бранда: Естествена кожа.",,https://estellashoes.com/produkt/damski-chehli-mackenzie/,https://estellashoes.com,https://estellashoes.com/wp-content/uploads/2026/05/dsc_7742.jpg,TRUE,,estella-shoes,,,,,,,Обувки,Чехли,false,,,Ръчна изработка,,Естествена кожа,Жени,,,,,,,,,,,,,,,,,
Дамски чехли AUTUMN,Estella Shoes,damski-chehli-autumn,Облекло,,,,EUR,"Дамски чехли AUTUMN от Estella Shoes. Материали, посочени от бранда: Естествена кожа.",,https://estellashoes.com/produkt/damski-chehli-autumn/,https://estellashoes.com,https://estellashoes.com/wp-content/uploads/2026/05/dsc_7625.jpg,TRUE,,estella-shoes,,,,,,,Обувки,Чехли,false,,,Ръчна изработка,,Естествена кожа,Жени,,,,,,,,,,,,,,,,,
Дамски чехли MAREN,Estella Shoes,damski-chehli-maren,Облекло,,,,EUR,"Дамски чехли MAREN от Estella Shoes. Материали, посочени от бранда: Естествена кожа.",,https://estellashoes.com/produkt/damski-chehli-maren/,https://estellashoes.com,https://estellashoes.com/wp-content/uploads/2025/06/dsc_6655.jpg,TRUE,,estella-shoes,,,,,,,Обувки,Чехли,false,,,,,Естествена кожа,Жени,,,,,,,,,,,,,,,,,
Дамски чехли ARINA,Estella Shoes,damski-chehli-arina,Облекло,,,,EUR,"Дамски чехли ARINA от Estella Shoes. Материали, посочени от бранда: Естествена кожа.",,https://estellashoes.com/produkt/damski-chehli-arina/,https://estellashoes.com,https://estellashoes.com/wp-content/uploads/2025/06/dsc_6710.jpg,TRUE,,estella-shoes,,,,,,,Обувки,Чехли,false,,,,,Естествена кожа,Жени,,,,,,,,,,,,,,,,,
Дамски ботуши с равно ходило HELEN,Estella Shoes,damski-botushi-s-ravno-hodilo-helen,Облекло,,,,EUR,"Дамски ботуши с равно ходило HELEN от Estella Shoes. Материали, посочени от бранда: Естествена кожа.",,https://estellashoes.com/produkt/damski-botushi-s-ravno-hodilo/,https://estellashoes.com,https://estellashoes.com/wp-content/uploads/2021/12/dsc_2018-1-1.jpg,TRUE,,estella-shoes,,,,,,,Обувки,Боти,false,,,,,Естествена кожа,Жени,,,,,,,,,,,,,,,,,
Ботуши естествена кожа KELLY,Estella Shoes,botushi-estestvena-kozha-kelly,Облекло,,,,EUR,"Ботуши естествена кожа KELLY от Estella Shoes. Материали, посочени от бранда: Естествена кожа.",,https://estellashoes.com/produkt/botushi-estestvena-kozha/,https://estellashoes.com,https://estellashoes.com/wp-content/uploads/2021/12/dsc_2057-1.jpg,TRUE,,estella-shoes,,,,,,,Обувки,Боти,false,,,,,Естествена кожа,Жени,,,,,,,,,,,,,,,,,
Дамски черни чизми MELANIE,Estella Shoes,damski-cherni-chizmi-melanie,Облекло,,,,EUR,"Дамски черни чизми MELANIE от Estella Shoes. Материали, посочени от бранда: Естествена кожа.",,https://estellashoes.com/produkt/damski-cherni-chizmi/,https://estellashoes.com,https://estellashoes.com/wp-content/uploads/2021/11/dsc_1981-1.jpg,TRUE,,estella-shoes,,,,,,,Обувки,Обувки,false,,,,,Естествена кожа,Жени,,,,,,,,,,,,,,,,,
"Колие ""Ая""",GIL,kolie-aya,Аксесоари,,,,EUR,"Колие ""Ая"" от GIL.",,https://gil.bg/tia/kolieta/kolieaya,https://gil.bg,https://gil.bg/image/cache/catalog/gil-products/kolieaya-500x500.jpg,TRUE,,gil,,,,,,,Бижута,Колиета,false,,,,,,,,,,,,,,,,,,,,,,,
"Колие ""Сай""",GIL,kolie-sai,Аксесоари,,,,EUR,"Колие ""Сай"" от GIL.",,https://gil.bg/tia/kolieta/koliesay,https://gil.bg,https://gil.bg/image/cache/catalog/gil-products/_koliesaya-500x500.jpg,TRUE,,gil,,,,,,,Бижута,Колиета,false,,,,,,,,,,,,,,,,,,,,,,,
"Гривна ""Кай""",GIL,grivna-kai,Аксесоари,,,,EUR,"Гривна ""Кай"" от GIL.",,https://gil.bg/tia/grivni/grivnakay,https://gil.bg,https://gil.bg/image/cache/catalog/gil-products/grivnakay-500x500.jpg,TRUE,,gil,,,,,,,Бижута,Гривни,false,,,,,,,,,,,,,,,,,,,,,,,
"Обеци ""Кармен""",GIL,obetsi-karmen,Аксесоари,,,,EUR,"Обеци ""Кармен"" от GIL.",,https://gil.bg/tia/obeci/obecikarmen,https://gil.bg,https://gil.bg/image/cache/catalog/gil-products/obeci_karmen-500x500.jpg,TRUE,,gil,,,,,,,Бижута,Обеци,false,,,,,,,,,,,,,,,,,,,,,,,
"Обеци ""Сай""",GIL,obetsi-sai,Аксесоари,,,,EUR,"Обеци ""Сай"" от GIL.",,https://gil.bg/tia/obeci/obecisay,https://gil.bg,https://gil.bg/image/cache/catalog/gil-products/obecisay-500x500.jpg,TRUE,,gil,,,,,,,Бижута,Обеци,false,,,,,,,,,,,,,,,,,,,,,,,
"Обеци ""Сая""",GIL,obetsi-saya,Аксесоари,,,,EUR,"Обеци ""Сая"" от GIL.",,https://gil.bg/tia/obeci/obecisaya,https://gil.bg,https://gil.bg/image/cache/catalog/gil-products/obeci_saya-500x500.jpg,TRUE,,gil,,,,,,,Бижута,Обеци,false,,,,,,,,,,,,,,,,,,,,,,,
"Обеци ""Роуз""",GIL,obetsi-rouz,Аксесоари,,,,EUR,"Обеци ""Роуз"" от GIL.",,https://gil.bg/tia/obeci/obecirose,https://gil.bg,https://gil.bg/image/cache/catalog/gil-products/obeci_rous-500x500.jpg,TRUE,,gil,,,,,,,Бижута,Обеци,false,,,,,,,,,,,,,,,,,,,,,,,
Еластична гривна с черен турмалин,Elle Gem Designs,elastichna-grivna-s-cheren-turmalin,Аксесоари,,,,EUR,"Еластична гривна с черен турмалин от Elle Gem Designs. Материали, посочени от бранда: Неръждаема стомана, Мъниста.",,https://www.ellegemdesigns.com/product-155/elastichna-grivna-s-cheren-turmalin,https://www.ellegemdesigns.com,"https://www.ellegemdesigns.com/uploads/cached/products/landscape-w800-h800-q80-1778127976_73e0cd4cdf91a6c46e2027acea74704e.jpg,https://www.ellegemdesigns.com/uploads/cached/products/landscape-w800-h800-q80-1778127986_29f9526d2ef147ff512d86f01cd3a6cd.jpg,https://www.ellegemdesigns.com/uploads/cached/products/landscape-w800-h800-q80-1778127999_54e1f940b800e6d12fabfe8f166f2b10.jpg,https://www.ellegemdesigns.com/uploads/cached/products/landscape-w600-h600-q80-1778127976_73e0cd4cdf91a6c46e2027acea74704e.jpg",TRUE,,elle-gem-designs,,,,,,,Бижута,Гривни,false,,,,Черен,"Неръждаема стомана,Мъниста",,,,,,Черен турмалин,,,,,,,,,,,,
Перлено колие със сребърна закопчалка,Elle Gem Designs,perleno-kolie-sas-srebarna-zakopchalka,Аксесоари,,,,EUR,Перлено колие със сребърна закопчалка от Elle Gem Designs.,,https://www.ellegemdesigns.com/product-156/perleno-kolie-sas-srebarna-zakopchalka,https://www.ellegemdesigns.com,"https://www.ellegemdesigns.com/uploads/cached/products/landscape-w800-h800-q80-1779629127_b855e7406ceb426df2708eb925c4f793.jpg,https://www.ellegemdesigns.com/uploads/cached/products/landscape-w800-h800-q80-1779629143_d4ac53220e0195d463ce32a9b5456c7f.jpg,https://www.ellegemdesigns.com/uploads/cached/products/landscape-w800-h800-q80-1779629151_c3c5f95c5adf1f2521ef2f09638a05db.jpg,https://www.ellegemdesigns.com/uploads/cached/products/landscape-w600-h600-q80-1779629127_b855e7406ceb426df2708eb925c4f793.jpg",TRUE,,elle-gem-designs,,,,,,,Бижута,Колиета,false,,,,,,,,,,,,,,,,,,,,,,,
Гривна с морзова азбукa по заявка на клиента,Elle Gem Designs,grivna-s-morzova-azbuka-po-zayavka-na-klienta,Аксесоари,,,,EUR,"Гривна с морзова азбукa по заявка на клиента от Elle Gem Designs. Материали, посочени от бранда: Мъниста.",,https://www.ellegemdesigns.com/product-151/grivna-s-morzova-azbuka-po-zayavka-na-klienta,https://www.ellegemdesigns.com,"https://www.ellegemdesigns.com/uploads/cached/products/landscape-w800-h800-q80-1760793191_335d64f497fe4a42eaa21612ea62deb6.jpg,https://www.ellegemdesigns.com/uploads/cached/products/landscape-w800-h800-q80-1760265436_9ef0f2715894b3a246dd1f01f8d72834.jpg,https://www.ellegemdesigns.com/uploads/cached/products/landscape-w800-h800-q80-1760265555_3aec7d12d846057318c06db880d8e878.jpg,https://www.ellegemdesigns.com/uploads/cached/products/landscape-w600-h600-q80-1760793191_335d64f497fe4a42eaa21612ea62deb6.jpg",TRUE,,elle-gem-designs,,,,,,,Бижута,Гривни,false,,,,,Мъниста,,,,,,,,,,,,,,,,,,
Минималистична гривна с естествена перла,Elle Gem Designs,minimalistichna-grivna-s-estestvena-perla,Аксесоари,,,,EUR,Минималистична гривна с естествена перла от Elle Gem Designs.,,https://www.ellegemdesigns.com/product-152/minimalistichna-grivna-s-estestvena-perla,https://www.ellegemdesigns.com,"https://www.ellegemdesigns.com/uploads/cached/products/landscape-w800-h800-q80-1760896261_a715d4e0ce51f2cbefd80d57efe300d6.jpg,https://www.ellegemdesigns.com/uploads/cached/products/landscape-w800-h800-q80-1760896274_a9afc1f55a7a93f9c9ee35166e9b09a8.jpg,https://www.ellegemdesigns.com/uploads/cached/products/landscape-w800-h800-q80-1760896288_3c00a2e07be599b1e14206e230786e96.jpg,https://www.ellegemdesigns.com/uploads/cached/products/landscape-w600-h600-q80-1760896261_a715d4e0ce51f2cbefd80d57efe300d6.jpg",TRUE,,elle-gem-designs,,,,,,,Бижута,Гривни,false,,,,,,,,,,,Перла,,,,,,,,,,,,
"Колие с турмалин, сребърна закопчалка",Elle Gem Designs,kolie-s-turmalin-srebarna-zakopchalka,Аксесоари,,,,EUR,"Колие с турмалин, сребърна закопчалка от Elle Gem Designs. Материали, посочени от бранда: Мъниста.",,https://www.ellegemdesigns.com/product-145/kolie-s-turmalin-srebarna-zakopchalka,https://www.ellegemdesigns.com,"https://www.ellegemdesigns.com/uploads/cached/products/landscape-w800-h800-q80-1750876059_d2b075c904b6ba1d56433a1d88d9ddcf.jpg,https://www.ellegemdesigns.com/uploads/cached/products/landscape-w800-h800-q80-1750876070_791c22b1fad08575ef50f99a090b83a5.jpg,https://www.ellegemdesigns.com/uploads/cached/products/landscape-w800-h800-q80-1750876080_36a756f2b139a11071dae5bd3b428e33.jpg,https://www.ellegemdesigns.com/uploads/cached/products/landscape-w600-h600-q80-1750876059_d2b075c904b6ba1d56433a1d88d9ddcf.jpg",TRUE,,elle-gem-designs,,,,,,,Бижута,Колиета,false,,,,,Мъниста,,,,,,,,,,,,,,,,,,
"Еластична гривна с хематит, лабрадорит и вулканичен камък",Elle Gem Designs,elastichna-grivna-s-hematit-labradorit-i-vulkanichen-kamak,Аксесоари,,,,EUR,"Еластична гривна с хематит, лабрадорит и вулканичен камък от Elle Gem Designs. Материали, посочени от бранда: Неръждаема стомана, Мъниста.",,https://www.ellegemdesigns.com/product-141/elastichna-grivna-s-hematit-labradorit-i-vulkanichen-kamak,https://www.ellegemdesigns.com,"https://www.ellegemdesigns.com/uploads/cached/products/landscape-w800-h800-q80-1743614917_cf66a69837621ef219d5c3eeaf114fd6.jpg,https://www.ellegemdesigns.com/uploads/cached/products/landscape-w800-h800-q80-1743614933_ad100c03d66afb5ebdd40471b2cffbd4.jpg,https://www.ellegemdesigns.com/uploads/cached/products/landscape-w600-h600-q80-1743614917_cf66a69837621ef219d5c3eeaf114fd6.jpg",TRUE,,elle-gem-designs,,,,,,,Бижута,Гривни,false,,,,,"Неръждаема стомана,Мъниста",,,,,,"Хематит,Лабрадорит",,,,,,,,,,,,
Колие с черен турмалин,Elle Gem Designs,kolie-s-cheren-turmalin,Аксесоари,,,,EUR,"Колие с черен турмалин от Elle Gem Designs. Материали, посочени от бранда: Мъниста.",,https://www.ellegemdesigns.com/product-136/kolie-s-cheren-turmalin,https://www.ellegemdesigns.com,"https://www.ellegemdesigns.com/uploads/cached/products/landscape-w800-h800-q80-1735934228_a144d22a24e568151d775d655c7747f3.jpg,https://www.ellegemdesigns.com/uploads/cached/products/landscape-w800-h800-q80-1735934244_5926de1179ded7a83acd29f43fe47746.jpg,https://www.ellegemdesigns.com/uploads/cached/products/landscape-w800-h800-q80-1757318049_51843e8ac9f414d089e679bc3cb9a604.jpg,https://www.ellegemdesigns.com/uploads/cached/products/landscape-w800-h800-q80-1757318057_64c611e57ce7273ecb938fa84bafe700.jpg,https://www.ellegemdesigns.com/uploads/cached/products/landscape-w600-h600-q80-1735934228_a144d22a24e568151d775d655c7747f3.jpg",TRUE,,elle-gem-designs,,,,,,,Бижута,Колиета,false,,,,"Кафяв,Черен",Мъниста,,,,,,Черен турмалин,,,,,,,,,,,,
Гривна за глезен с камъни на чакрите.,Elle Gem Designs,grivna-za-glezen-s-kamani-na-chakrite,Аксесоари,,,,EUR,Гривна за глезен с камъни на чакрите. от Elle Gem Designs.,,https://www.ellegemdesigns.com/product-126/grivna-za-glezen-s-kamani-na-chakrite,https://www.ellegemdesigns.com,"https://www.ellegemdesigns.com/uploads/cached/products/landscape-w800-h800-q80-1719678056_b9a26235f8646fc6702523fee0164bc9.jpg,https://www.ellegemdesigns.com/uploads/cached/products/landscape-w800-h800-q80-1719678072_b77f0cf24f55853e44e1d93d315e4b17.jpg,https://www.ellegemdesigns.com/uploads/cached/products/landscape-w800-h800-q80-1719678091_ee76808a6778707006f79dd6ab7795b7.jpg,https://www.ellegemdesigns.com/uploads/cached/products/landscape-w600-h600-q80-1719678056_b9a26235f8646fc6702523fee0164bc9.jpg",TRUE,,elle-gem-designs,,,,,,,Бижута,Гривни,false,,,,"Розов,Син",,,,,,,"Тигрово око,Цитрин",,,,,,,,,,,,
Гривна с лабрадорит 5 мм мъниста.,Elle Gem Designs,grivna-s-labradorit-5-mm-manista,Аксесоари,,,,EUR,"Гривна с лабрадорит 5 мм мъниста. от Elle Gem Designs. Материали, посочени от бранда: Мъниста.",,https://www.ellegemdesigns.com/product-125/grivna-s-labradorit-5-mm-manista,https://www.ellegemdesigns.com,"https://www.ellegemdesigns.com/uploads/cached/products/landscape-w800-h800-q80-1719417300_2d6f33b669b4d29a7245f4e11302e8c4.jpg,https://www.ellegemdesigns.com/uploads/cached/products/landscape-w800-h800-q80-1719417380_bca42fd1d1d46b14f2918565f018b7d1.jpg,https://www.ellegemdesigns.com/uploads/cached/products/landscape-w800-h800-q80-1719417391_da329879fdda3d3900dded63305257bd.jpg,https://www.ellegemdesigns.com/uploads/cached/products/landscape-w800-h800-q80-1719417401_9cccfe9b95e86758c164d70c517422ed.jpg,https://www.ellegemdesigns.com/uploads/cached/products/landscape-w600-h600-q80-1719417300_2d6f33b669b4d29a7245f4e11302e8c4.jpg",TRUE,,elle-gem-designs,,,,,,,Бижута,Гривни,false,,,,,Мъниста,,,,,,Лабрадорит,,,,,,,,,,,,
"Еластична гривна с цитрин, черен оникс и хематит. Успех - Защита - Щастие - Благоденствие",Elle Gem Designs,elastichna-grivna-s-tsitrin-cheren-oniks-i-hematit-uspeh-zashtita-shtastie-blagodenstvie,Аксесоари,,,,EUR,"Еластична гривна с цитрин, черен оникс и хематит. Успех - Защита - Щастие - Благоденствие от Elle Gem Designs. Материали, посочени от бранда: Мъниста.",,https://www.ellegemdesigns.com/product-85/elastichna-grivna-s-tsitrin-cheren-oniks-i-hematit-uspeh-zashtita-shtastie-blagodenstvie,https://www.ellegemdesigns.com,"https://www.ellegemdesigns.com/uploads/cached/products/landscape-w800-h800-q80-1630392242_a2efdaaef3bf63e256d0da54d00ff25d.jpg,https://www.ellegemdesigns.com/uploads/cached/products/landscape-w800-h800-q80-1630392261_ce6fc71a26effd0e48e191b87c910d28.jpg,https://www.ellegemdesigns.com/uploads/cached/products/landscape-w800-h800-q80-1630392329_670840002fd23caf3ab1b2aaa591dc2e.jpg,https://www.ellegemdesigns.com/uploads/cached/products/landscape-w600-h600-q80-1630392242_a2efdaaef3bf63e256d0da54d00ff25d.jpg",TRUE,,elle-gem-designs,,,,,,,Бижута,Гривни,false,,,,Черен,Мъниста,,,,,,"Хематит,Цитрин",,,,,,,,,,,,
Пръстен халка от черен оникс. Успех - Фокус - Защита - Коренна чакра.,Elle Gem Designs,prasten-halka-ot-cheren-oniks-uspeh-fokus-zashtita-korenna-chakra,Аксесоари,,,,EUR,Пръстен халка от черен оникс. Успех - Фокус - Защита - Коренна чакра. от Elle Gem Designs.,,https://www.ellegemdesigns.com/product-36/prasten-halka-ot-cheren-oniks-uspeh-fokus-zashtita-korenna-chakra,https://www.ellegemdesigns.com,"https://www.ellegemdesigns.com/uploads/cached/products/landscape-w800-h800-q80-1584025592_b9f44fe0ad33daeb680c83408418032f.jpg,https://www.ellegemdesigns.com/uploads/cached/products/landscape-w800-h800-q80-1584025763_0feee766d8879cdfcee49061fb316258.jpg,https://www.ellegemdesigns.com/uploads/cached/products/landscape-w600-h600-q80-1584025592_b9f44fe0ad33daeb680c83408418032f.jpg",TRUE,,elle-gem-designs,,,,,,,Бижута,Пръстени,false,,,,Черен,,,,,,,,,,,,,,,,,,,
Гривна с черен оникс и хематит. Защита - Фокус - Успех - Коренна чакра,Elle Gem Designs,grivna-s-cheren-oniks-i-hematit-zashtita-fokus-uspeh-korenna-chakra,Аксесоари,,,,EUR,Гривна с черен оникс и хематит. Защита - Фокус - Успех - Коренна чакра от Elle Gem Designs.,,https://www.ellegemdesigns.com/product-11/grivna-s-cheren-oniks-i-hematit-zashtita-fokus-uspeh-korenna-chakra,https://www.ellegemdesigns.com,"https://www.ellegemdesigns.com/uploads/cached/products/landscape-w800-h800-q80-1582111420_d952112819c5a4ea4a11d16039aa9f1c.jpg,https://www.ellegemdesigns.com/uploads/cached/products/landscape-w800-h800-q80-1582115919_4b86aeb007404d7e8e20c3819f61bcfd.jpg,https://www.ellegemdesigns.com/uploads/cached/products/landscape-w600-h600-q80-1582111420_d952112819c5a4ea4a11d16039aa9f1c.jpg",TRUE,,elle-gem-designs,,,,,,,Бижута,Гривни,false,,,,Черен,,Унисекс,,,,,Хематит,,,,,,,,,,,,
Ръчно изработени обеци Тюркоазен шифон,Art Design Beni,rachno-izraboteni-obetsi-tyurkoazen-shifon,Аксесоари,,,,EUR,"Ръчно изработени обеци Тюркоазен шифон от Art Design Beni. Материали, посочени от бранда: Коприна.",,https://www.artdesignbeni.com/rachno-izraboteni-obetzi-tiurkoazen-shifon.html,https://www.artdesignbeni.com,"https://www.artdesignbeni.com/media/14/8934.png,https://www.artdesignbeni.com/media/80/8934.png,https://www.artdesignbeni.com/media/107/8934.png,https://www.artdesignbeni.com/media/57/8934.png,https://www.artdesignbeni.com/media/7/8934.png",TRUE,,art-design-beni,,,,,,,Бижута,Обеци,false,,,"Еко,Ръчна изработка",,Коприна,,,,,,,,,,,,,,,,,,
Копринени обеци Ментова нежност,Art Design Beni,koprineni-obetsi-mentova-nezhnost,Аксесоари,,,,EUR,"Копринени обеци Ментова нежност от Art Design Beni. Материали, посочени от бранда: Коприна.",,https://www.artdesignbeni.com/koprineni-obetzi-mentova-neznost.html,https://www.artdesignbeni.com,"https://www.artdesignbeni.com/media/14/8858.jpeg,https://www.artdesignbeni.com/media/80/8858.jpeg,https://www.artdesignbeni.com/media/107/8858.jpeg,https://www.artdesignbeni.com/media/57/8858.jpeg,https://www.artdesignbeni.com/media/7/8858.jpeg",TRUE,,art-design-beni,,,,,,,Бижута,Обеци,false,,,Ръчна изработка,,Коприна,,,,,,,,,,,,,,,,,,
Копринени обеци Бяла перлена цветност,Art Design Beni,koprineni-obetsi-byala-perlena-tsvetnost,Аксесоари,,,,EUR,"Копринени обеци Бяла перлена цветност от Art Design Beni. Материали, посочени от бранда: Коприна.",,https://www.artdesignbeni.com/koprineni-obetzi-biala-perlena-tzvetnost.html,https://www.artdesignbeni.com,"https://www.artdesignbeni.com/media/14/8854.jpeg,https://www.artdesignbeni.com/media/80/8854.jpeg,https://www.artdesignbeni.com/media/107/8854.jpeg,https://www.artdesignbeni.com/media/57/8854.jpeg,https://www.artdesignbeni.com/media/7/8854.jpeg",TRUE,,art-design-beni,,,,,,,Бижута,Обеци,false,,,Ръчна изработка,Бял,Коприна,,,,,,,,,,,,,,,,,,
Авторска маслена картина Безкрай,Art Design Beni,avtorska-maslena-kartina-bezkrai,Дом и интериор,,,,EUR,Авторска маслена картина Безкрай от Art Design Beni.,,https://www.artdesignbeni.com/avtorska-maslena-kartina-bezkrai.html,https://www.artdesignbeni.com,"https://www.artdesignbeni.com/media/14/8901.png,https://www.artdesignbeni.com/media/80/8901.png,https://www.artdesignbeni.com/media/107/8901.png,https://www.artdesignbeni.com/media/57/8901.png,https://www.artdesignbeni.com/media/7/8901.png",TRUE,,art-design-beni,,,,,,,Декорация,Картини и стенно изкуство,false,,,,,,,,,,,,Име,,,,,,,,,,,
Авторска маслена картина Устрем,Art Design Beni,avtorska-maslena-kartina-ustrem,Дом и интериор,,,,EUR,Авторска маслена картина Устрем от Art Design Beni.,,https://www.artdesignbeni.com/avtorska-maslena-kartina-ustrem.html,https://www.artdesignbeni.com,"https://www.artdesignbeni.com/media/14/8138.jpg,https://www.artdesignbeni.com/media/80/8138.jpg,https://www.artdesignbeni.com/media/107/8138.jpg,https://www.artdesignbeni.com/media/57/8138.jpg,https://www.artdesignbeni.com/media/7/8138.jpg",TRUE,,art-design-beni,,,,,,,Декорация,Картини и стенно изкуство,false,,,,,,,,,,,,Име,,,,,,,,,,,
Бутикова арт интериорна лампа от driftwood от естествено дърво,Art Design Beni,butikova-art-interiorna-lampa-ot-driftwood-ot-estestveno-darvo,Дом и интериор,,,,EUR,"Бутикова арт интериорна лампа от driftwood от естествено дърво от Art Design Beni. Материали, посочени от бранда: Дърво.",,https://www.artdesignbeni.com/butikova-art-interiorna-lampa-ot-driftwood-ot-estestveno-darvo.html,https://www.artdesignbeni.com,"https://www.artdesignbeni.com/media/14/8891.png,https://www.artdesignbeni.com/media/80/8891.png,https://www.artdesignbeni.com/media/107/8891.png,https://www.artdesignbeni.com/media/57/8891.png,https://www.artdesignbeni.com/media/7/8891.png",TRUE,,art-design-beni,,,,,,,Осветление,Настолни лампи,false,,,,,Дърво,,,,,,,,,,,,,,,,,,
Бутикова арт интериорна лампа от driftwood с артистичен характер,Art Design Beni,butikova-art-interiorna-lampa-ot-driftwood-s-artistichen-harakter,Дом и интериор,,,,EUR,Бутикова арт интериорна лампа от driftwood с артистичен характер от Art Design Beni.,,https://www.artdesignbeni.com/butikova-art-interiorna-lampa-ot-driftwood-s-artistichen-harakter.html,https://www.artdesignbeni.com,"https://www.artdesignbeni.com/media/14/8892.png,https://www.artdesignbeni.com/media/80/8892.png,https://www.artdesignbeni.com/media/107/8892.png,https://www.artdesignbeni.com/media/57/8892.png,https://www.artdesignbeni.com/media/7/8892.png",TRUE,,art-design-beni,,,,,,,Осветление,Настолни лампи,false,,,,,,,,,,,,,,,,,,,,,,,
"Кутия сърце със сапунени рози, плюшено мече и шоколад Merci",Art Design Beni,kutiya-sartse-sas-sapuneni-rozi-plyusheno-meche-i-shokolad-merci,Козметика,,,,EUR,"Кутия сърце със сапунени рози, плюшено мече и шоколад Merci от Art Design Beni.",,https://www.artdesignbeni.com/kutiia-sartze-sas-sapuneni-rozi-pliusheno-meche-i-shokolad-merci.html,https://www.artdesignbeni.com,"https://www.artdesignbeni.com/media/14/8708.jpeg,https://www.artdesignbeni.com/media/80/8708.jpeg,https://www.artdesignbeni.com/media/107/8708.jpeg,https://www.artdesignbeni.com/media/57/8708.jpeg,https://www.artdesignbeni.com/media/7/8708.jpeg",TRUE,,art-design-beni,,,,,,,Грижа за тялото,Сапуни и душ гелове,false,,,Романтичен,,,,,,,,,,,,,,,,,,,,
Кутия плик със сапунени рози,Art Design Beni,kutiya-plik-sas-sapuneni-rozi,Козметика,,,,EUR,Кутия плик със сапунени рози от Art Design Beni.,,https://www.artdesignbeni.com/kutiia-plik-sas-sapuneni-rozi.html,https://www.artdesignbeni.com,"https://www.artdesignbeni.com/media/14/8707.jpeg,https://www.artdesignbeni.com/media/80/8707.jpeg,https://www.artdesignbeni.com/media/107/8707.jpeg,https://www.artdesignbeni.com/media/57/8707.jpeg,https://www.artdesignbeni.com/media/7/8707.jpeg",TRUE,,art-design-beni,,,,,,,Грижа за тялото,Сапуни и душ гелове,false,,,,,,,,,,,,,,,,,,,,,,,
Сапунени слънчогледи и сухи цветя в ратанова кашпа,Art Design Beni,sapuneni-slanchogledi-i-suhi-tsvetya-v-ratanova-kashpa,Козметика,,,,EUR,Сапунени слънчогледи и сухи цветя в ратанова кашпа от Art Design Beni.,,https://www.artdesignbeni.com/sapuneni-slanchogledi-i-suhi-tzvetia-v-ratanova-kashpa.html,https://www.artdesignbeni.com,"https://www.artdesignbeni.com/media/14/8705.jpeg,https://www.artdesignbeni.com/media/80/8705.jpeg,https://www.artdesignbeni.com/media/107/8705.jpeg,https://www.artdesignbeni.com/media/57/8705.jpeg,https://www.artdesignbeni.com/media/7/8705.jpeg",TRUE,,art-design-beni,,,,,,,Грижа за тялото,Сапуни и душ гелове,false,,,Еко,,,,,,,,,,,,,,,,,,,,
"Букет в луксозна кутия със сапунени слънчогледи, рози и сухи цветя",Art Design Beni,buket-v-luksozna-kutiya-sas-sapuneni-slanchogledi-rozi-i-suhi-tsvetya,Козметика,,,,EUR,"Букет в луксозна кутия със сапунени слънчогледи, рози и сухи цветя от Art Design Beni.",,https://www.artdesignbeni.com/buket-v-luksozna-kutiia-sas-sapuneni-slanchogledi-rozi-i-suhi-tzvetia.html,https://www.artdesignbeni.com,"https://www.artdesignbeni.com/media/14/8701.jpeg,https://www.artdesignbeni.com/media/80/8701.jpeg,https://www.artdesignbeni.com/media/107/8701.jpeg,https://www.artdesignbeni.com/media/57/8701.jpeg,https://www.artdesignbeni.com/media/7/8701.jpeg",TRUE,,art-design-beni,,,,,,,Грижа за тялото,Сапуни и душ гелове,false,,,,,,,,,,,,,,,,,,,,,,,
Любов в лукс,Art Design Beni,lyubov-v-luks,,,,,EUR,Любов в лукс от Art Design Beni.,,https://www.artdesignbeni.com/liubov-v-luks.html,https://www.artdesignbeni.com,https://www.artdesignbeni.com/media/7/9416.jpeg,TRUE,,art-design-beni,,,,,,,,,false,,,Романтичен,,,,,,,,,,Елегантен,,,,,,,,,,
Небесна любов,Art Design Beni,nebesna-lyubov,,,,,EUR,Небесна любов от Art Design Beni.,,https://www.artdesignbeni.com/nebesna-liubov.html,https://www.artdesignbeni.com,https://www.artdesignbeni.com/media/7/9417.jpeg,TRUE,,art-design-beni,,,,,,,,,false,,,Романтичен,"Бял,Син",,,,,,,,,,,,,,,,,,,
Облак от нежност,Art Design Beni,oblak-ot-nezhnost,Козметика,,,,EUR,Облак от нежност от Art Design Beni.,,https://www.artdesignbeni.com/oblak-ot-neznost.html,https://www.artdesignbeni.com,"https://www.artdesignbeni.com/media/14/9414.jpeg,https://www.artdesignbeni.com/media/80/9414.jpeg,https://www.artdesignbeni.com/media/107/9414.jpeg,https://www.artdesignbeni.com/media/57/9414.jpeg,https://www.artdesignbeni.com/media/7/9414.jpeg",TRUE,,art-design-beni,,,,,,,Грижа за тялото,"Олиа, лосиони и балсами за тяло",false,,,"Еко,Романтичен",Розов,,,,,,,,,,,,,,,,,,,
Розова мечта,Art Design Beni,rozova-mechta,,,,,EUR,Розова мечта от Art Design Beni.,,https://www.artdesignbeni.com/rozova-mechta.html,https://www.artdesignbeni.com,https://www.artdesignbeni.com/media/7/9413.jpeg,TRUE,,art-design-beni,,,,,,,,,false,,,Романтичен,Розов,,,,,,,,,,,,,,,,,,,
51 бели рози „Бяла любов“,Art Design Beni,51-beli-rozi-byala-lyubov,,,,,EUR,51 бели рози „Бяла любов“ от Art Design Beni.,,https://www.artdesignbeni.com/51-beli-rozi-biala-liubov-.html,https://www.artdesignbeni.com,"https://www.artdesignbeni.com/media/14/9374.jpg,https://www.artdesignbeni.com/media/80/9374.jpg,https://www.artdesignbeni.com/media/107/9374.jpg,https://www.artdesignbeni.com/media/57/9374.jpg,https://www.artdesignbeni.com/media/7/9374.jpg",TRUE,,art-design-beni,,,,,,,,,false,,,,Бял,,,,,,,,,,,,,,,,,,,
Бяла гипсофила в елегантна кутия,Art Design Beni,byala-gipsofila-v-elegantna-kutiya,,,,,EUR,Бяла гипсофила в елегантна кутия от Art Design Beni.,,https://www.artdesignbeni.com/biala-gipsofila-v-elegantna-kutiia.html,https://www.artdesignbeni.com,"https://www.artdesignbeni.com/media/14/9088.png,https://www.artdesignbeni.com/media/80/9088.png,https://www.artdesignbeni.com/media/107/9088.png,https://www.artdesignbeni.com/media/57/9088.png,https://www.artdesignbeni.com/media/7/9088.png",TRUE,,art-design-beni,,,,,,,,,false,,,,Бял,,,,,,,,,,,,,,,,,,,
Дамски чехли БЕЛА (кафяво),TOFI,damski-chehli-bela-kafyavo,Облекло,,,,EUR,"Дамски чехли БЕЛА (кафяво) от TOFI. Материали, посочени от бранда: Естествена кожа.",,https://tofi.bg/damski/damski-chehli/damski-shehli-bela/,https://tofi.bg,https://tofi.bg/wp-content/uploads/2014/08/Дамски-чехли-БЕЛА-кафяво.jpg,TRUE,,tofi,,,,,,,Обувки,Чехли,false,,,Ръчна изработка,Кафяв,Естествена кожа,Жени,,,,,,,,,,,,,,,,,
Агнешка кожа-килим,TOFI,agneshka-kozha-kilim,,,,,EUR,Агнешка кожа-килим от TOFI.,,https://tofi.bg/za-doma/kilimi/agneshka-koja/,https://tofi.bg,https://tofi.bg/wp-content/uploads/2024/05/agneska-kozha-golyama-cherno-byala.jpg,TRUE,,tofi,,,,,,,,,false,,,,,,,,,,,,,,,,,,,,,,,
Бежова шапка от заешка кожа - ушанка унисекс,TOFI,bezhova-shapka-ot-zaeshka-kozha-ushanka-uniseks,,,,,EUR,Бежова шапка от заешка кожа - ушанка унисекс от TOFI.,,https://tofi.bg/onlajn-magazin-za-chehli-pantofi-i-botu/bezhova-shapka-ot-zaeshka-kozha-ushanka-uniseks/,https://tofi.bg,https://tofi.bg/wp-content/uploads/2025/11/bezhova-shapka-zaeshka-koja-s-tamnokafyavi-petna-ushanka-uniseks.jpg,TRUE,,tofi,,,,,,,,,false,,,,Бежов,,Унисекс,,,,,,,,,,,,,,,,,
Бежови бебешки буйки ВИКИ - чесна агнешка кожа,TOFI,bezhovi-bebeshki-buiki-viki-chesna-agneshka-kozha,Козметика,,,,EUR,Бежови бебешки буйки ВИКИ - чесна агнешка кожа от TOFI.,,https://tofi.bg/detski/bebe/bezhovi-bebeshki-buyki-viki-estestvena-agneshka-kozha/,https://tofi.bg,https://tofi.bg/wp-content/uploads/2024/05/bezhovi-bebeshki-buiki-viki-chesna-agneshka-kozha.jpg,TRUE,,tofi,,,,,,,Грижа за тялото,"Олиа, лосиони и балсами за тяло",false,,,Еко,"Бежов,Бял,Кафяв",,Бебета,,,,,,,,,,,,,,,,,
Бежови бебешки буйки НИКИ от агнешка кожа,TOFI,bezhovi-bebeshki-buiki-niki-ot-agneshka-kozha,,,,,EUR,Бежови бебешки буйки НИКИ от агнешка кожа от TOFI.,,https://tofi.bg/detski/bebe/bezhovi-bebeshki-buyki-niki-ot-agneshka-kozha/,https://tofi.bg,https://tofi.bg/wp-content/uploads/2025/06/bebeshki-buyuki-niki-bejavo.jpg,TRUE,,tofi,,,,,,,,,false,,,,Бежов,,Бебета,,,,,,,,,,,,,,,,,
Бежови дамски ръкавици без пръсти - пух и агнешка кожа,TOFI,bezhovi-damski-rakavitsi-bez-prasti-puh-i-agneshka-kozha,,,,,EUR,"Бежови дамски ръкавици без пръсти - пух и агнешка кожа от TOFI. Материали, посочени от бранда: Естествена кожа.",,https://tofi.bg/damski/rakavici/bejovi-damski-rakavici-bez-prasti-puh-i-agneshka-koja/,https://tofi.bg,https://tofi.bg/wp-content/uploads/2024/10/bezhovi-damski-rakavitsi-bez-prasti-puh-i-agneshka-kozha.jpg,TRUE,,tofi,,,,,,,,,false,,,Ръчна изработка,Бежов,Естествена кожа,Жени,,,,,,,,,,,,,,,,,
Бежови детски ботуши МИКИ - топло бежово с кафяви шевове,TOFI,bezhovi-detski-botushi-miki-toplo-bezhovo-s-kafyavi-shevove,Облекло,,,,EUR,"Бежови детски ботуши МИКИ - топло бежово с кафяви шевове от TOFI. Материали, посочени от бранда: Естествена кожа.",,https://tofi.bg/detski/detski-botushi/bejovi-detski-botushi-miki-toplo-bejovo-s-kafiavi-shevove/,https://tofi.bg,https://tofi.bg/wp-content/uploads/2024/10/bezhovi-detski-botushi-miki-toplo-bezhovo-s-kafyavi-shevove.jpg,TRUE,,tofi,,,,,,,Обувки,Боти,false,,,Ръчна изработка,"Бежов,Кафяв",Естествена кожа,Деца,,,,,,,,,,,,,,,,,
Бежови детски пантофи ПИПИ с бяла пухкава яка,TOFI,bezhovi-detski-pantofi-pipi-s-byala-puhkava-yaka,Облекло,,,,EUR,Бежови детски пантофи ПИПИ с бяла пухкава яка от TOFI.,,https://tofi.bg/detski/detski-pantofi/bejovi-detski-pantofi-pipi-s-biala-puhkava-iaka/,https://tofi.bg,https://tofi.bg/wp-content/uploads/2024/05/bezhovi-detski-pantofi-pipi-s-byala-puhkava-yaka.jpg,TRUE,,tofi,,,,,,,Обувки,Домашни пантофи,false,,,,"Бежов,Бял",,Деца,,,,,,,,,,,,,,,,,
Бежови дамски чехли МИЯ - капучино с бяла пухкава яка,TOFI,bezhovi-damski-chehli-miya-kapuchino-s-byala-puhkava-yaka,Облекло,,,,EUR,"Бежови дамски чехли МИЯ - капучино с бяла пухкава яка от TOFI. Материали, посочени от бранда: Естествена кожа.",,https://tofi.bg/damski/damski-chehli/bejovi-damski-chehli-miia-kapuchino-s-biala-puhkava-iaka/,https://tofi.bg,https://tofi.bg/wp-content/uploads/2024/05/bezhovi-detski-chehli-miya-kapuchino-s-byala-puhkava-lenta.jpg,TRUE,,tofi,,,,,,,Обувки,Чехли,false,,,Ръчна изработка,"Бежов,Бял",Естествена кожа,Жени,,,,,,,,,,,,,,,,,
Бежови детски чехли МИЯ от агнешка кожа,TOFI,bezhovi-detski-chehli-miya-ot-agneshka-kozha,Облекло,,,,EUR,"Бежови детски чехли МИЯ от агнешка кожа от TOFI. Материали, посочени от бранда: Естествена кожа.",,https://tofi.bg/detski/detski-chehli/bejovi-detski-chehli-miia-ot-agneshka-koja/,https://tofi.bg,https://tofi.bg/wp-content/uploads/2024/05/bezhovi-detski-chehli-miya-ot-agneshka-kozha.jpg,TRUE,,tofi,,,,,,,Обувки,Чехли,false,,,Ръчна изработка,Бежов,Естествена кожа,Деца,,,,,,,,,,,,,,,,,
Бейзболна шапка с уши от телешка кожа,TOFI,beizbolna-shapka-s-ushi-ot-teleshka-kozha,,,,,EUR,Бейзболна шапка с уши от телешка кожа от TOFI.,,https://tofi.bg/onlajn-magazin-za-chehli-pantofi-i-botu/bejzbolna-shapka-s-ushi-ot-teleshka-koja/,https://tofi.bg,https://tofi.bg/wp-content/uploads/2025/11/bejzbolna-shapka-teleshka-kozha-predna-viziya.jpg,TRUE,,tofi,,,,,,,,,false,,,,,,,,,,,,,,,,,,,,,,,
Ботуши МИШЕЛ (чесна),TOFI,botushi-mishel-chesna,Облекло,,,,EUR,"Ботуши МИШЕЛ (чесна) от TOFI. Материали, посочени от бранда: Естествена кожа.",,https://tofi.bg/damski/botuschi/damski-botushi-mishel/,https://tofi.bg,https://tofi.bg/wp-content/uploads/2024/10/botushi-mishel-chesna-osnovna-snimka.jpg,TRUE,,tofi,,,,,,,Обувки,Боти,false,,,Ръчна изработка,,Естествена кожа,,,,,,,,,,,,,,,,,,
Дамски пантофи СИСИ (натурал),TOFI,damski-pantofi-sisi-natural,Облекло,,,,EUR,"Дамски пантофи СИСИ (натурал) от TOFI. Материали, посочени от бранда: Естествена кожа.",,https://tofi.bg/damski/pantofi/sissy-womens-slippers/,https://tofi.bg,https://tofi.bg/wp-content/uploads/2024/05/240426_106.jpg,TRUE,,tofi,,,,,,,Обувки,Домашни пантофи,false,,,Ръчна изработка,,Естествена кожа,Жени,,,,,,,,,,,,,,,,,
Дамски чехли ЕМА (бежово),TOFI,damski-chehli-ema-bezhovo,Облекло,,,,EUR,"Дамски чехли ЕМА (бежово) от TOFI. Материали, посочени от бранда: Естествена кожа.",,https://tofi.bg/damski/damski-chehli/damski-chekhli-ema-bejavo/,https://tofi.bg,https://tofi.bg/wp-content/uploads/2024/05/240426_112.jpg,TRUE,,tofi,,,,,,,Обувки,Чехли,false,,,Ръчна изработка,Бежов,Естествена кожа,Жени,,,,,,,,,,,,,,,,,
Дамски чехли ЕМА (зелено),TOFI,damski-chehli-ema-zeleno,Облекло,,,,EUR,"Дамски чехли ЕМА (зелено) от TOFI. Материали, посочени от бранда: Естествена кожа.",,https://tofi.bg/damski/damski-chehli/damski-chekhul-zeleno/,https://tofi.bg,https://tofi.bg/wp-content/uploads/2024/05/240426_067.jpg,TRUE,,tofi,,,,,,,Обувки,Чехли,false,,,Ръчна изработка,Зелен,Естествена кожа,Жени,,,,,,,,,,,,,,,,,
Дамски чехли ЕМА (натурал),TOFI,damski-chehli-ema-natural,Облекло,,,,EUR,"Дамски чехли ЕМА (натурал) от TOFI. Материали, посочени от бранда: Естествена кожа.",,https://tofi.bg/damski/damski-chehli/damski-chekhli-natural/,https://tofi.bg,https://tofi.bg/wp-content/uploads/2024/05/240426_115.jpg,TRUE,,tofi,,,,,,,Обувки,Чехли,false,,,Ръчна изработка,,Естествена кожа,Жени,,,,,,,,,,,,,,,,,
Дамски чехли ЕМА (лилаво),TOFI,damski-chehli-ema-lilavo,Облекло,,,,EUR,"Дамски чехли ЕМА (лилаво) от TOFI. Материали, посочени от бранда: Естествена кожа.",,https://tofi.bg/damski/damski-chehli/damski-chekhli-lilavo/,https://tofi.bg,https://tofi.bg/wp-content/uploads/2024/05/240426_148.jpg,TRUE,,tofi,,,,,,,Обувки,Чехли,false,,,Ръчна изработка,,Естествена кожа,Жени,,,,,,,,,,,,,,,,,
Дамски чехли СОФИЯ (бежово),TOFI,damski-chehli-sofiya-bezhovo,Облекло,,,,EUR,"Дамски чехли СОФИЯ (бежово) от TOFI. Материали, посочени от бранда: Естествена кожа.",,https://tofi.bg/damski/damski-chehli/damski-chehlil-sofiya-bejovo/,https://tofi.bg,https://tofi.bg/wp-content/uploads/2024/05/240426_136.jpg,TRUE,,tofi,,,,,,,Обувки,Чехли,false,,,Ръчна изработка,Бежов,Естествена кожа,Жени,,,,,,,,,,,,,,,,,
Дамски чехли СОФИЯ (розово),TOFI,damski-chehli-sofiya-rozovo,Облекло,,,,EUR,"Дамски чехли СОФИЯ (розово) от TOFI. Материали, посочени от бранда: Естествена кожа.",,https://tofi.bg/damski/damski-chehli/damski-shehyl-sofiqrozovo/,https://tofi.bg,https://tofi.bg/wp-content/uploads/2024/10/damski-chehli-sofia-rozovo.jpg,TRUE,,tofi,,,,,,,Обувки,Чехли,false,,,Ръчна изработка,Розов,Естествена кожа,Жени,,,,,,,,,,,,,,,,,
"Кафяв мъжки каскет модел ""Голф"" от телешка кожа",TOFI,kafyav-mazhki-kasket-model-golf-ot-teleshka-kozha,Облекло,,,,EUR,"Кафяв мъжки каскет модел ""Голф"" от телешка кожа от TOFI.",,https://tofi.bg/onlajn-magazin-za-chehli-pantofi-i-botu/kafiav-majki-kasket-model-golf-ot-teleshka-koja/,https://tofi.bg,https://tofi.bg/wp-content/uploads/2025/11/kafiav-mazhki-kasket-model-golf-ot-teleshka-kozha.jpg,TRUE,,tofi,,,,,,,Мъжко облекло,Поли,false,,,,Кафяв,,Мъже,,,,,,,,,,,,,,,,,
Кафяви мъжки чехли ЯВОР от агнешка кожа,TOFI,kafyavi-mazhki-chehli-yavor-ot-agneshka-kozha,Облекло,,,,EUR,"Кафяви мъжки чехли ЯВОР от агнешка кожа от TOFI. Материали, посочени от бранда: Естествена кожа.",,https://tofi.bg/majki/majki-chehli/kafiavi-majki-chehli-iavor-ot-agneshka-koja/,https://tofi.bg,https://tofi.bg/wp-content/uploads/2024/05/kafyavi-mazhki-chehli-yavor-ot-agneshka-koja.jpg,TRUE,,tofi,,,,,,,Обувки,Чехли,false,,,Ръчна изработка,Кафяв,Естествена кожа,Мъже,,,,,,,,,,,,,,,,,
Квадратната табуретка,TOFI,kvadratnata-taburetka,,,,,EUR,Квадратната табуретка от TOFI.,,https://tofi.bg/za-doma/taburetki/kvadratna-taburetka/,https://tofi.bg,https://tofi.bg/wp-content/uploads/2025/12/taburetka-ot-agneshka-kozha-stil-v-dizaina.jpg,TRUE,,tofi,,,,,,,,,false,,,"Натурален,Еко",,,,,,,,,,,,,,,,,,,,
Кръгла табуретка,TOFI,kragla-taburetka,,,,,EUR,Кръгла табуретка от TOFI.,,https://tofi.bg/za-doma/taburetki/kragla-taburetka/,https://tofi.bg,https://tofi.bg/wp-content/uploads/2025/12/251211_022.jpg,TRUE,,tofi,,,,,,,,,false,,,"Натурален,Еко",,,,,,,,,,,,,,,,,,,,
Подаръчен ваучер TOFI,TOFI,podarachen-vaucher-tofi,,,,,EUR,Подаръчен ваучер TOFI от TOFI.,,https://tofi.bg/onlajn-magazin-za-chehli-pantofi-i-botu/gift-card-tofi/,https://tofi.bg,https://tofi.bg/wp-content/uploads/2025/11/Gift-Certificate.webp,TRUE,,tofi,,,,,,,,,false,,,,,,Деца,,,,,,Име,,,,,,,,,,,
Ръкавици ВАРАШКИ (бежово),TOFI,rakavitsi-varashki-bezhovo,,,,,EUR,"Ръкавици ВАРАШКИ (бежово) от TOFI. Материали, посочени от бранда: Естествена кожа.",,https://tofi.bg/damski/rakavici/rykavici-varaschkibejovo/,https://tofi.bg,https://tofi.bg/wp-content/uploads/2024/10/240927B_123.jpg,TRUE,,tofi,,,,,,,,,false,,,Ръчна изработка,Бежов,Естествена кожа,,,,,,,,,,,,,,,,,,
Розови бебешки буйки НИКИ - агнешка кожа,TOFI,rozovi-bebeshki-buiki-niki-agneshka-kozha,,,,,EUR,Розови бебешки буйки НИКИ - агнешка кожа от TOFI.,,https://tofi.bg/detski/bebe/rozovi-bebeshki-bujki-niki-agneshka-koja/,https://tofi.bg,https://tofi.bg/wp-content/uploads/2024/11/rozovi-bebeshki-buiki-niki-velur-i-puhkava-valna.jpg,TRUE,,tofi,,,,,,,,,false,,,,Розов,,Бебета,,,,,,,,,,,,,,,,,
Стелки за обувки,TOFI,stelki-za-obuvki,Облекло,,,,EUR,Стелки за обувки от TOFI.,,https://tofi.bg/damski/botuschi/stelki-za-obuvki/,https://tofi.bg,https://tofi.bg/wp-content/uploads/2024/11/241022A_046.jpg,TRUE,,tofi,,,,,,,Обувки,Обувки,false,,,Еко,,,,,,,,,,,,,,,,,,,,
Черна унисекс шапка ИВАН - ушанка от агнешка кожа,TOFI,cherna-uniseks-shapka-ivan-ushanka-ot-agneshka-kozha,,,,,EUR,"Черна унисекс шапка ИВАН - ушанка от агнешка кожа от TOFI. Материали, посочени от бранда: Естествена кожа.",,https://tofi.bg/majki/myjki-schapki/cherna-damska-majka-shapka-ivan-ushanka-ot-agneshka-koja/,https://tofi.bg,https://tofi.bg/wp-content/uploads/2024/10/cherna-damska-mazhka-shapka-ivan-ushanka-ot-agneshka-kozha.jpg,TRUE,,tofi,,,,,,,,,false,,,Ръчна изработка,,Естествена кожа,Унисекс,,,,,,,,,,,,,,,,,
Био етерично масло от Розмарин,BULINNOVATION,bio-eterichno-maslo-ot-rozmarin,,,,,EUR,"Био етерично масло от Розмарин от BULINNOVATION. Материали, посочени от бранда: Дърво.",,https://www.bulinnovation.com/bg/product/bio-eterichno-maslo-rozmarin/#tab1,https://www.bulinnovation.com,https://www.bulinnovation.com/wp-content/uploads/2024/03/3Д-ЕМ-розмарин.png,TRUE,,bulinnovation,,,,,,,,,false,,,,,Дърво,,,,,,,,,,,,,,,,,,
Био етерично масло от Безсмъртниче,BULINNOVATION,bio-eterichno-maslo-ot-bezsmartniche,Облекло,,,,EUR,"Био етерично масло от Безсмъртниче от BULINNOVATION. Материали, посочени от бранда: Дърво.",,https://www.bulinnovation.com/bg/product/bio-eterichno-masla-bezsmurtniche/,https://www.bulinnovation.com,https://www.bulinnovation.com/wp-content/uploads/2024/03/3Д-безсмъртниче-ЕМ.png,TRUE,,bulinnovation,,,,,,,Обувки,Сандали,false,,,Еко,,Дърво,,,,,,,,,,,,,,,,,,
Био етерично масло от Мента,BULINNOVATION,bio-eterichno-maslo-ot-menta,,,,,EUR,"Био етерично масло от Мента от BULINNOVATION. Материали, посочени от бранда: Дърво.",,https://www.bulinnovation.com/bg/product/bio-eterichno-maslo-menta/,https://www.bulinnovation.com,https://www.bulinnovation.com/wp-content/uploads/2024/03/3Д-ЕМ-мента.png,TRUE,,bulinnovation,,,,,,,,,false,,,Еко,Син,Дърво,,,,,,,,,,,,,,,,,,
Био етерично масло от Куркума,BULINNOVATION,bio-eterichno-maslo-ot-kurkuma,Облекло,,,,EUR,"Био етерично масло от Куркума от BULINNOVATION. Материали, посочени от бранда: Дърво.",,https://www.bulinnovation.com/bg/product/био-етерично-масло-от-куркума/,https://www.bulinnovation.com,https://www.bulinnovation.com/wp-content/uploads/2024/02/3Д-ЕМ-куркума.png,TRUE,,bulinnovation,,,,,,,Обувки,Сандали,false,,,,,Дърво,,,,,,,,,,,,,,,,,,
Био флорална вода от Розмарин,BULINNOVATION,bio-floralna-voda-ot-rozmarin,,,,,EUR,Био флорална вода от Розмарин от BULINNOVATION.,,https://www.bulinnovation.com/bg/product/bio-floralna-voda-ot-rozmarin/,https://www.bulinnovation.com,https://www.bulinnovation.com/wp-content/uploads/2023/10/Розмарин-сайт.jpg,TRUE,,bulinnovation,,,,,,,,,false,,,Еко,,,,,,,,,,,,,,,,,,,,
Смес от органични флорални води за Мазна Коса,BULINNOVATION,smes-ot-organichni-floralni-vodi-za-mazna-kosa,,,,,EUR,Смес от органични флорални води за Мазна Коса от BULINNOVATION.,,https://www.bulinnovation.com/bg/product/smes-ot-organichni-floralni-vodi-za-mazna-kosa/,https://www.bulinnovation.com,https://www.bulinnovation.com/wp-content/uploads/2023/10/Мазна-коса-сайт.jpg,TRUE,,bulinnovation,,,,,,,,,false,,,,"Бял,Син",,,,,,,,,,,,,,,За мазна коса,,,,
Смес от органични флорални води за Суха Коса,BULINNOVATION,smes-ot-organichni-floralni-vodi-za-suha-kosa,,,,,EUR,Смес от органични флорални води за Суха Коса от BULINNOVATION.,,https://www.bulinnovation.com/bg/product/smes-ot-organichni-floralni-vodi-za-syha-kosa/,https://www.bulinnovation.com,https://www.bulinnovation.com/wp-content/uploads/2023/10/Суха-коса-сайт.jpg,TRUE,,bulinnovation,,,,,,,,,false,,,,Син,,,,,,,,,,,,,,,За суха коса,,,,
Смес от био флорални води за Суха Кожа,BULINNOVATION,smes-ot-bio-floralni-vodi-za-suha-kozha,,,,,EUR,Смес от био флорални води за Суха Кожа от BULINNOVATION.,,https://www.bulinnovation.com/bg/product/smes-ot-bio-floralni-vodi-za-syha-koja/,https://www.bulinnovation.com,https://www.bulinnovation.com/wp-content/uploads/2023/10/Суха-кожа-сайт.jpg,TRUE,,bulinnovation,,,,,,,,,false,,,Еко,Син,,,,,,,,,,,,,Суха кожа,,,,,,
Смес от био флорални води за Мазна Кожа,BULINNOVATION,smes-ot-bio-floralni-vodi-za-mazna-kozha,,,,,EUR,Смес от био флорални води за Мазна Кожа от BULINNOVATION.,,https://www.bulinnovation.com/bg/product/smes-ot-bio-floralni-vodi-za-mazna-koja/,https://www.bulinnovation.com,https://www.bulinnovation.com/wp-content/uploads/2023/10/Комбинирана-към-мазна-кожа-сайт.jpg,TRUE,,bulinnovation,,,,,,,,,false,,,Еко,Син,,,,,,,,,,,,,Мазна кожа,,,,,,
Натурален ароматизатор Цитрус,BULINNOVATION,naturalen-aromatizator-tsitrus,,,,,EUR,Натурален ароматизатор Цитрус от BULINNOVATION.,,https://www.bulinnovation.com/bg/product/naturalen-aromatizator-citrus/,https://www.bulinnovation.com,https://www.bulinnovation.com/wp-content/uploads/2021/11/20.webp,TRUE,,bulinnovation,,,,,,,,,false,,,Натурален,,,,,,,,,,,,,,,,,,,,
Био флорална вода от българска Роза,BULINNOVATION,bio-floralna-voda-ot-balgarska-roza,,,,,EUR,Био флорална вода от българска Роза от BULINNOVATION.,,https://www.bulinnovation.com/bg/product/bio-floralna-voda-ot-bulgarska-roza/,https://www.bulinnovation.com,https://www.bulinnovation.com/wp-content/uploads/2021/11/2.webp,TRUE,,bulinnovation,,,,,,,,,false,,,,Розов,,,,,,,,,,,,,,,,,,,
Натурален ароматизатор Бял бор,BULINNOVATION,naturalen-aromatizator-byal-bor,,,,,EUR,Натурален ароматизатор Бял бор от BULINNOVATION.,,https://www.bulinnovation.com/bg/product/naturalen-aromatizator-bql-bor/,https://www.bulinnovation.com,https://www.bulinnovation.com/wp-content/uploads/2021/11/18.webp,TRUE,,bulinnovation,,,,,,,,,false,,,Натурален,Бял,,,,,,,,,,,,,,,,,,,
Натурален ароматизатор за спокоен сън Маточина,BULINNOVATION,naturalen-aromatizator-za-spokoen-san-matochina,,,,,EUR,Натурален ароматизатор за спокоен сън Маточина от BULINNOVATION.,,https://www.bulinnovation.com/bg/product/naturalen-aromatizator-matochina/,https://www.bulinnovation.com,https://www.bulinnovation.com/wp-content/uploads/2021/11/21.webp,TRUE,,bulinnovation,,,,,,,,,false,,,Натурален,,,,,,,,,,,,,,,,,,,,
Мед от рози-150гр.,Damascena,med-ot-rozi-150gr,,,,,EUR,Мед от рози-150гр. от Damascena.,,https://damascenashop.net/produkt/honey-rose-150-g/,https://damascenashop.net,https://damascenashop.net/wp-content/uploads/2022/11/Мед-от-рози-150-гр..jpg,TRUE,,damascena,,,,,,,,,false,,,,,,,,,,,,,,,,,,,,,,,
Натурален крем-дезодорант,Damascena,naturalen-krem-dezodorant,Козметика,,,,EUR,Натурален крем-дезодорант от Damascena.,,https://damascenashop.net/produkt/deo-cream/,https://damascenashop.net,https://damascenashop.net/wp-content/uploads/2022/11/крем-дезодорант.jpg,TRUE,,damascena,,,,,,,Грижа за тялото,"Олиа, лосиони и балсами за тяло",false,,,Натурален,,,,,,,,,,,,,,,,,,,,
Розе с рози – Пино Ноар,Damascena,roze-s-rozi-pino-noar,,,,,EUR,Розе с рози – Пино Ноар от Damascena.,,https://damascenashop.net/produkt/rose-roses/,https://damascenashop.net,https://damascenashop.net/wp-content/uploads/2023/11/розе-дамасцена.jpg,TRUE,,damascena,,,,,,,,,false,,,,Розов,,,,,,,,,,,,,,,,,,,
Розово масло 1 гр.,Damascena,rozovo-maslo-1-gr,,,,,EUR,Розово масло 1 гр. от Damascena.,,https://damascenashop.net/produkt/rose-oil-1-ml/,https://damascenashop.net,https://damascenashop.net/wp-content/uploads/2022/11/zaglavna-1g.png,TRUE,,damascena,,,,,,,,,false,,,,Розов,,,,,,,,,,,,Розово масло,,,,,,,
Натурален парфюм Light,Damascena,naturalen-parfyum-light,,,,,EUR,Натурален парфюм Light от Damascena.,,https://damascenashop.net/produkt/naturalperfumelight/,https://damascenashop.net,https://damascenashop.net/wp-content/uploads/2022/12/Натурален-парфюм-Light-1.jpg,TRUE,,damascena,,,,,,,,,false,,,Натурален,,,,,,,,,,,,,,,,,,,,
Лосион след слънце,Damascena,losion-sled-slantse,Козметика,,,,EUR,Лосион след слънце от Damascena.,,https://damascenashop.net/produkt/lotionaftersun/,https://damascenashop.net,https://damascenashop.net/wp-content/uploads/2022/12/комплект-слънцезащита-3.jpg,TRUE,,damascena,,,,,,,Грижа за тялото,,false,,,,Розов,,,,,,,,,,,,,,,,,,,
Дълбоко почистващ флуид Роза (дезинфектант),Damascena,dalboko-pochistvasht-fluid-roza-dezinfektant,,,,,EUR,Дълбоко почистващ флуид Роза (дезинфектант) от Damascena.,,https://damascenashop.net/produkt/disinfecting-rose/,https://damascenashop.net,https://damascenashop.net/wp-content/uploads/2022/11/дезинфектант-роза-.jpg,TRUE,,damascena,,,,,,,,,false,,,Натурален,,,,,,,,,,,,,,,,,,,,
Гюлова ракия,Damascena,gyulova-rakiya,,,,,EUR,Гюлова ракия от Damascena.,,https://damascenashop.net/produkt/grape-rose/,https://damascenashop.net,https://damascenashop.net/wp-content/uploads/2022/12/гюловица.jpg,TRUE,,damascena,,,,,,,,,false,,,,Розов,,,,,,,,,,,,,,,,,,,
Балсам за тяло с лайка и лавандула,Damascena,balsam-za-tyalo-s-laika-i-lavandula,Козметика,,,,EUR,Балсам за тяло с лайка и лавандула от Damascena.,,https://damascenashop.net/produkt/balsamlaika/,https://damascenashop.net,https://damascenashop.net/wp-content/uploads/2022/11/балсам-лавадула-и-лайка.jpg,TRUE,,damascena,,,,,,,Грижа за тялото,,false,,,,,,,,,,,,,,,,,Чувствителна кожа,,,,,,
Балсам за тяло с невен и роза,Damascena,balsam-za-tyalo-s-neven-i-roza,Козметика,,,,EUR,Балсам за тяло с невен и роза от Damascena.,,https://damascenashop.net/produkt/balsamroses/,https://damascenashop.net,https://damascenashop.net/wp-content/uploads/2022/11/балсам-невен-и-роза.jpg,TRUE,,damascena,,,,,,,Грижа за тялото,,false,,,Еко,"Розов,Син",,,,,,,,,,,,,,,,,,,
Двуфазен почистващ лосион,Damascena,dvufazen-pochistvasht-losion,Козметика,,,,EUR,Двуфазен почистващ лосион от Damascena.,,https://damascenashop.net/produkt/dvufazenlotion/,https://damascenashop.net,https://damascenashop.net/wp-content/uploads/2022/12/двуфазен-лосион.jpg,TRUE,,damascena,,,,,,,Грижа за тялото,,false,,,,,,,,,,,,,,,,,,,,,,,
