url,source_name,raw_description,raw_materials,raw_category_breadcrumbs,source_price,source_images
https://dp-silver.com/product/gk2,Гривна с кожа и сребърни елементи №2,Гривна с естествена кожа и сребърни елементи Тегло: 4 гр. Размери: д. 20 см / деб. - Ф 3 мм. Дължината на гривната може да бъде коригирана спрямо вашите предпочитания. Гривна придаваща завършен вид на спортно-елегантно облекло. Подходящ подарък за близък човек.,,Гривни с естествена кожа,44.99 EUR,"https://dp-silver.com/cdn/img/products/113/grivna-s-koza-i-srebarni-elementi-no2-65439a61b4da7.jpeg?width=1920&height=1920&v=1777601736,https://dp-silver.com/cdn/img/products/113/grivna-s-koza-i-srebarni-elementi-no2-65439a61b4da7.jpeg?width=600&height=600&v=1777601736"
https://dp-silver.com/product/g151,Нежна гривна Камъче №151,"Сребърна гривна Камъче Тегло: 1,7 гр. Размери: д. 18 см. / ш. 5 мм. Камък: циркон. Дължината на гривната може да бъде коригирана спрямо вашите предпочитания. Сребърна гривна с циркон, символ на защита. Подходяща за ежедневието, а също и за подарък на близък човек.",,Гривни със синджир,19.94 EUR,"https://dp-silver.com/cdn/img/products/287/g151-image_617a805800d89.jpeg?width=1920&height=1920&v=1777601721,https://dp-silver.com/cdn/img/products/287/g151-image_617a805800d89.jpeg?width=600&height=600&v=1777601721"
https://dp-silver.com/product/grivna-za-glezen-kamache,Гривна за глезен Камъче,"Сребърна гривна за крак Размери: 24-26 см. Тегло: 1,6 гр. Вид камък: циркон.Дължината на гривната може да бъде коригирана спрямо Вашите предпочитания! Среб",,Гривни за глезен,23.01 EUR,"https://dp-silver.com/cdn/img/products/1208/grivna-za-glezen-kamace-62c6a5483a81c.jpeg?width=1920&height=1920&v=1777601722,https://dp-silver.com/cdn/img/products/1208/grivna-za-glezen-kamace-62c6a5483a81c.jpeg?width=600&height=600&v=1777601722"
https://dp-silver.com/product/grivna-za-glezen-infiniti,Гривна за глезен Инфинити,"Сребърна гривна за крак Размери: 24-26 см. Тегло: 1,6 гр. Дължината на гривната може да бъде коригирана спрямо Вашите предпочитания! Сребърна гривна за гле",,Гривни за глезен,23.01 EUR,"https://dp-silver.com/cdn/img/products/1209/grivna-za-glezen-infiniti-62c80d86dd625.jpeg?width=1920&height=1920&v=1777601730,https://dp-silver.com/cdn/img/products/1209/grivna-za-glezen-infiniti-62c80d86dd625.jpeg?width=600&height=600&v=1777601730"
https://dp-silver.com/product/gch1-4,Гривна с конец и закопчалка Кръст,Гривна с конец и сребърна закопчалка Кръст Размер на гривната - 16 см.* Тегло: 2 гр.*Гривната може да бъде изработена по размер спрямо предпочитанията Ви.,,Гривни с конец,26.59 EUR,"https://dp-silver.com/cdn/img/products/1024/grivna-s-konec-i-zakopcalka-krast-image_615d6350dcb64.jpeg?width=1920&height=1920&v=1777601732,https://dp-silver.com/cdn/img/products/1024/grivna-s-konec-i-zakopcalka-krast-image_615d6350dcb64.jpeg?width=600&height=600&v=1777601732"
https://dp-silver.com/product/tvarda-tanka-grivna,Твърда тънка гривна №15,"Изчистена твърда гривнаТегло: 5,6 гр. Размери: диам.: 6,5 см. / шир.: 3 мм.Диаметърът на гривната може да бъде коригирана спрямо Вашите предпочитания. Изчи",,Гривни без камъни,83.85 EUR,"https://dp-silver.com/cdn/img/products/1248/tvarda-tanka-grivna-632b0286a1c63.jpeg?width=1920&height=1920&v=1777601727,https://dp-silver.com/cdn/img/products/1248/tvarda-tanka-grivna-632b0286a1c63.jpeg?width=600&height=600&v=1777601727"
https://dp-silver.com/product/majka-grivna-s-izdaljeni-elementi,Мъжка гривна с издължени елементи №170,"Изчистена сребърна гривнаТегло: 9,4 гр. Размери: д. 20,5 см. / големина ел.: 15/7 мм.Дължината на гривната може да бъде коригирана спрямо Вашите предпочита",,Гривни без камъни,108.91 EUR,"https://dp-silver.com/cdn/img/products/1240/mazka-grivna-s-izdalzeni-elementi-63062c1c07841.jpeg?width=1920&height=1920&v=1777601743,https://dp-silver.com/cdn/img/products/1240/mazka-grivna-s-izdalzeni-elementi-63062c1c07841.jpeg?width=600&height=600&v=1777601743"
https://dp-silver.com/product/grivna-s-bukva-a,Гривна с буква А,"Сребърна буква Размер: ~ 12/7 мм.Тегло: 0,3 г. Нежна сребърна буква, която се нанизва на конец и е подвижна.Има възможност да се носи и като медальон. Сребро проба 925Сертификат за гаранция и качество",,Гривни с конец,13 EUR,"https://dp-silver.com/cdn/img/products/1471/grivna-s-bukva-a-69e1f86ecdf41.jpeg?width=1920&height=1920&v=1777601744,https://dp-silver.com/cdn/img/products/1471/grivna-s-bukva-a-69e1f86ecdf41.jpeg?width=600&height=600&v=1777601744"
https://dp-silver.com/product/grivna-s-bukva-b,Гривна с буква Б,"Сребърна буква Размер: ~ 12/7 мм.Тегло: 0,3 г. Нежна сребърна буква, която се нанизва на конец и е подвижна.Има възможност да се носи и като медальон. Сребро проба 925Сертификат за гаранция и качество",,Гривни с конец,13 EUR,"https://dp-silver.com/cdn/img/products/1474/grivna-s-bukva-b-69e1fb8408f5e.jpeg?width=1920&height=1920&v=1777601735,https://dp-silver.com/cdn/img/products/1474/grivna-s-bukva-b-69e1fb8408f5e.jpeg?width=600&height=600&v=1777601735"
https://dp-silver.com/product/l104,Колие с вълнообразни елементи и камъни №104,"Сребърно колие с редуващи се вълнообразни елементи и камъни Тегло: 9,3 гр. Размери: д. 45 см. / големина ел.: 2 мм. Камъни: циркони Дължината на колието може да бъде коригирана спрямо вашите предпочитания. Сребърно дамско колие с вълнообразни елементи и камъни, перфектно допълнение към изискан официален тоалет. Подходящ подарък за любим човек. Сребро проба 925 Сертификат за качество и гаранция",,Колиета с камъни,108.91 EUR,"https://dp-silver.com/cdn/img/products/105/kolie-s-valnoobrazni-elementi-i-kamani-no104-65410a3c5418a.jpeg?width=1920&height=1920&v=1777601733,https://dp-silver.com/cdn/img/products/105/kolie-s-valnoobrazni-elementi-i-kamani-no104-65410a3c5418a.jpeg?width=600&height=600&v=1777601733"
https://dp-silver.com/product/l49,Сребърно колие с инкрустирани циркони №49,"Сребърно колие с нежно проблясващи циркони Тегло: 19,7 гр. Размери: д. 48 см. / шир. ел.: 7 мм. / вис.: 5 мм. Камъни: циркони. Дължината на колието може да бъде коригирана спрямо вашите предпочитания. Сребърно дамско колие с изчистени елементи и инкрустирани циркони, перфектно допълнение към изискан тоалет. Подходящ подарък за любим човек. Сребро проба 925 Сертификат за качество и гаранция",,Колиета с камъни,231.62 EUR,"https://dp-silver.com/cdn/img/products/111/srebarno-kolie-s-inkrustirani-cirkoni-no49-65410a0e3eae4.jpeg?width=1920&height=1920&v=1777601732,https://dp-silver.com/cdn/img/products/111/srebarno-kolie-s-inkrustirani-cirkoni-no49-65410a0e3eae4.jpeg?width=600&height=600&v=1777601732"
https://dp-silver.com/product/l51k,Елегантно сребърно колие с камъни №51к,"Сребърно колие с нежно проблясващи циркони и изрязани елементи Тегло: 14,1 гр. Размери: д. 48 см. / шир. ел.: 5 мм. Камъни: циркони. Дължината на колието може да бъде коригирана спрямо вашите предпочитания. Сребърно дамско колие с изчистени елементи, перфектно допълнение към изискан тоалет. Подходящ подарък за любим човек. Сребро проба 925 Сертификат за качество и гаранция",,Колиета с камъни,165.66 EUR,"https://dp-silver.com/cdn/img/products/114/elegantno-srebarno-kolie-s-kamani-no51k-654109d0d80e1.jpeg?width=1920&height=1920&v=1777601732,https://dp-silver.com/cdn/img/products/114/elegantno-srebarno-kolie-s-kamani-no51k-654109d0d80e1.jpeg?width=600&height=600&v=1777601732"
https://dp-silver.com/product/korda-s-kapkovidno-kamache,Корда с капковидно камъче,"Колие на корда с камъче Тегло: 1,6 гр. Вид камък: циркон (различни цветове)Стандартна дължина: 40-42 см. (може да бъде изработена в желана от Вас дължина)",,Колиета с корда/ синджир,24.54 EUR,"https://dp-silver.com/cdn/img/products/1238/korda-s-kapkovidno-kamace-62d9328423605.jpeg?width=1920&height=1920&v=1777601741,https://dp-silver.com/cdn/img/products/1238/korda-s-kapkovidno-kamace-62d9328423605.jpeg?width=600&height=600&v=1777601741"
https://dp-silver.com/product/kolie-elegans,Колие Елеганс,"Нежно сребърно колие с проблясващи капчици, носещи усещане за лекота и свобода.",,Колиета с корда/ синджир,32 EUR,"https://dp-silver.com/cdn/img/products/1700/kolie-nezen-blasak-6a8705967376d.jpeg?width=1920&height=1920&v=1787233686,https://dp-silver.com/cdn/img/products/1700/kolie-nezen-blasak-6a8705967376d.jpeg?width=600&height=600&v=1787233686"
https://dp-silver.com/product/ob101,Мини блестящи халки №101,"Сребърни обици с камъчета Тегло: 2,8 гр. Размер: 15 мм. (диаметър)/ 2 мм. Вид камък: циркони. Сребърни обици с вградени циркони, нежен дизайн. Подходящи за ежедневно носене или за допълнение към елегантен тоалет. Сребро проба 925 Сертификат за гаранция и качество",,Обици с камъни и перли,36.81 EUR,"https://dp-silver.com/cdn/img/products/134/ob101-6336aee9ab510.jpeg?width=1920&height=1920&v=1777601731,https://dp-silver.com/cdn/img/products/134/ob101-6336aee9ab510.jpeg?width=600&height=600&v=1777601731"
https://dp-silver.com/product/f3g,Класически обици халки - голям размер №3г,"Обици халки Тегло 8,1 гр. Размер профил: 3 мм.; диаметър: 60 мм. Обици халки с класически вид. Подходящи за всекидневието, а също и за допълнение към изчистен тоалет. Сребро проба 925 Сертификат за гаранция и качество",,Обици - халки,91.52 EUR,"https://dp-silver.com/cdn/img/products/161/f3g-6358f22d30d6a.jpeg?width=1920&height=1920&v=1777601728,https://dp-silver.com/cdn/img/products/161/f3g-6358f22d30d6a.jpeg?width=600&height=600&v=1777601728"
https://dp-silver.com/product/visyashti-ob177,Висящи обици принцеса Даяна №177,"Сребърни висящи обици принцеса Даяна Тегло: 3,4 гр. Дължина: 25 мм./ ширина: 10 мм. Вид камък: циркони (различни цветове) Обици Даяна са изработени по идея на известния комплект на принцеса Даяна. Един изискан аксесоар, допълващ всеки официален повод и/или облекло. Сребро проба 925 Сертификат за гаранция и качество",,Обици с камъни и перли,44.99 EUR,"https://dp-silver.com/cdn/img/products/588/ob177-image_60bf3a54abcf6.jpeg?width=1920&height=1920&v=1777601714,https://dp-silver.com/cdn/img/products/588/ob177-image_60bf3a54abcf6.jpeg?width=600&height=600&v=1777601714"
https://dp-silver.com/product/ob91,Изкуство №91,"Сребърни обици, висящи Тегло: 3,2 гр. Размери: 53/19 мм. Сребърни обици с разчупен дизайн, наподобяващ силует. Подходящ подарък за близък човек, а също и добро допълнение към ежедневен тоалет. Сребро проба 925 Сертификат за гаранция и качество",,Обици без камъни,37.32 EUR,"https://dp-silver.com/cdn/img/products/908/ob91-63359c3259eff.jpeg?width=1920&height=1920&v=1777601728,https://dp-silver.com/cdn/img/products/908/ob91-63359c3259eff.jpeg?width=600&height=600&v=1777601728"
https://dp-silver.com/product/ob70,Халки с троен блясък №70,"Сребърни обици с камъчета Тегло: 2,4 гр. Размер: 10 мм. в диаметър. Вид камък: циркони. Сребърни висящи обици с вградени циркони, нежен дизайн. Подходящи за ежедневно носене, а също така и като подарък за детенце - леки и прибрани, неангажиращи. Сребро проба 925 Сертификат за гаранция и качество",,Обици с камъни и перли,31.7 EUR,"https://dp-silver.com/cdn/img/products/995/ob70-654e297fd6cff.jpeg?width=1920&height=1920&v=1777601736,https://dp-silver.com/cdn/img/products/995/ob70-654e297fd6cff.jpeg?width=600&height=600&v=1777601736"
https://dp-silver.com/product/ob73,Обици Слънчеви лъчи №73,"Сребърни обици с камъчета Тегло: 4,9 гр. Размер: 18 мм. Вид камък: циркони. Сребърни обици с вградени циркони, екстравагантен дизайн. Подходящи за елегантен и изчистен тоалет. Сребро проба 925 Сертификат за гаранция и качество",,Обици с камъни и перли,29.91 EUR,"https://dp-silver.com/cdn/img/products/997/ob73-654e2bf98b808.jpeg?width=1920&height=1920&v=1777601736,https://dp-silver.com/cdn/img/products/997/ob73-654e2bf98b808.jpeg?width=600&height=600&v=1777601736"
https://dp-silver.com/product/p110,Блестящи извивки №110,"Сребърен пръстен с камъни Тегло: 2,5 гр. Размери: шир. лице: 14 мм. Вид камък: циркони Пръстенът може да бъде изработен в желан от Вас размер. Сребърен пръстен с нежни извивки и циркони. Подходящ за елегантен тоалет. Сребро проба 925Сертификат за гаранция и качество",,Пръстени с камъни и перли,32.72 EUR,"https://dp-silver.com/cdn/img/products/169/blestasi-izvivki-no110-6a51fdbfb5d66.jpeg?width=1920&height=1920&v=1783758271,https://dp-silver.com/cdn/img/products/169/blestasi-izvivki-no110-6a51fdbfb5d66.jpeg?width=600&height=600&v=1783758271"
https://dp-silver.com/product/p117,Тройни лъчи №117,"Сребърен пръстен с камъни Тегло: 2,7 гр. Размери: шир. лице: 13 мм. Вид камък: циркони Пръстенът може да бъде изработен в желан от Вас размер. Сребърен пръстен с инкрустирани циркони. Подходящ за елегантен тоалет или ежедневно носене. Сребро проба 925Сертификат за гаранция и качество",,Пръстени с камъни и перли,34.26 EUR,"https://dp-silver.com/cdn/img/products/173/trojni-laci-no117-6a525eeae7a15.jpeg?width=1920&height=1920&v=1783783146,https://dp-silver.com/cdn/img/products/173/trojni-laci-no117-6a525eeae7a15.jpeg?width=600&height=600&v=1783783146"
https://dp-silver.com/product/p119,Докосване №119,"Сребърен пръстен с камъни Тегло: 1,8 гр. Размери: шир. лице: 8 мм. Вид камък: циркони Пръстенът може да бъде изработен в желан от Вас размер. Сребърен пръстен с инкрустирани циркони. Подходящ за ежедневно носене . Сребро проба 925Сертификат за гаранция и качество",,Пръстени с камъни и перли,23.52 EUR,"https://dp-silver.com/cdn/img/products/175/dokosvane-no119-6a5264194377a.jpeg?width=1920&height=1920&v=1783784473,https://dp-silver.com/cdn/img/products/175/dokosvane-no119-6a5264194377a.jpeg?width=600&height=600&v=1783784473"
https://dp-silver.com/product/p121,Бляскава халка №121,"Сребърен пръстен тип халка, с камъни Тегло: 2,3 гр. Размери: шир. лице: 3 мм. Вид камък: циркони Пръстенът може да бъде изработен в желан от Вас размер. Сребърен пръстен с инкрустирани циркони. Подходящ за елегантен тоалет, а също и за венчална халка. Сребро проба 925Сертификат за гаранция и качество",,Пръстени с камъни и перли,30.17 EUR,"https://dp-silver.com/cdn/img/products/176/blaskava-halka-no121-6a69d262d1701.jpeg?width=1920&height=1920&v=1785320051,https://dp-silver.com/cdn/img/products/176/blaskava-halka-no121-6a69d262d1701.jpeg?width=600&height=600&v=1785320051"
https://dp-silver.com/product/p129,Семпъл изчистен пръстен №129,"Сребърен изчистен пръстен Тегло: 5,3 гр. Размери: шир. лице: 12 мм. Пръстенът може да бъде изработен в желан от Вас размер. Сребърен изчистен пръстен с леко вдлъбната форма. Подходящ за ежедневно носене или като допълнение на изчистен тоалет. Сребро проба 925Сертификат за гаранция и качество",,Пръстени без камъни,58.8 EUR,"https://dp-silver.com/cdn/img/products/180/sempal-izcisten-prasten-no129-6a526ac436bb5.jpeg?width=1920&height=1920&v=1783786180,https://dp-silver.com/cdn/img/products/180/sempal-izcisten-prasten-no129-6a526ac436bb5.jpeg?width=600&height=600&v=1783786180"
https://dp-silver.com/product/p190,Змийче №190,"Сребърен изчистен пръстен Тегло: 1,6 гр. Размери: шир. лице: 10 мм. Пръстенът може да бъде изработен в желан от Вас размер. Сребърен изчистен пръстен с форми на змия. Подходящ за ежедневно носене. Сребро проба 925Сертификат за гаранция и качество",,Пръстени без камъни,23.01 EUR,"https://dp-silver.com/cdn/img/products/359/zmijce-no190-6a61ffe00470a.jpeg?width=1920&height=1920&v=1784807392,https://dp-silver.com/cdn/img/products/359/zmijce-no190-6a61ffe00470a.jpeg?width=600&height=600&v=1784807392"
https://dp-silver.com/product/p187,Квадрати и седеф №187,"Сребърен пръстен със седеф Тегло: 3,3 гр. Размери: шир. лице: 10 мм. Вид камък: кралски седеф (възможни са различни нюанси на синьо, зелено, розово, бяло, тъй като е естествен продукт) Пръстенът може да бъде изработен в желан от Вас размер. Сребърен пръстен с вграден кралски седеф. Подходящ за изчистен тоалет или ежедневно носене. Сребро проба 925Сертификат за гаранция и качество",,Пръстени със седеф,50.62 EUR,"https://dp-silver.com/cdn/img/products/368/kvadrati-i-sedef-no187-6a620046c7a14.jpeg?width=1920&height=1920&v=1784807494,https://dp-silver.com/cdn/img/products/368/kvadrati-i-sedef-no187-6a620046c7a14.jpeg?width=600&height=600&v=1784807494"
https://dp-silver.com/product/p208,Седефена спирала №208,"Сребърен пръстен със седеф Тегло: 4,1 гр. Размери: шир. лице: 21/16 мм. Вид камък: кралски седеф (възможни са различни нюанси на синьо, зелено, розово, бяло, тъй като е естествен продукт) Пръстенът може да бъде изработен в желан от Вас размер. Сребърен пръстен с вграден кралски седеф, наподобяващ водовъртеж или спирала. Подходящ за елегантен тоалет или ежедневно носене. Сребро проба 925Сертификат за гаранция и качество",,Пръстени със седеф,58.8 EUR,"https://dp-silver.com/cdn/img/products/372/sedefena-spirala-no208-6a6202c4bda89.jpeg?width=1920&height=1920&v=1784808132,https://dp-silver.com/cdn/img/products/372/sedefena-spirala-no208-6a6202c4bda89.jpeg?width=600&height=600&v=1784808132"
https://dp-silver.com/product/p158,Блестящо слънце №158,"Сребърен пръстен с циркон Тегло: 4,9 гр. Размери: шир. лице: 20 мм. Вид камък: циркон Пръстенът може да бъде изработен в желан от Вас размер. Сребърен пръстен с форма, наподобяваща слънце и нежен циркон в средата му. Подходящ за елегантен тоалет. Сребро проба 925Сертификат за гаранция и качество",,Пръстени с камъни и перли,57.26 EUR,"https://dp-silver.com/cdn/img/products/494/blestaso-slance-no158-6a61fb3296848.jpeg?width=1920&height=1920&v=1784806194,https://dp-silver.com/cdn/img/products/494/blestaso-slance-no158-6a61fb3296848.jpeg?width=600&height=600&v=1784806194"
https://dp-silver.com/product/p203,Нежен годежен пръстен №203,"Сребърен пръстен с циркон Тегло: 2,4 гр. Размери: шир. лице: 7 мм. Вид камък: циркон Пръстенът може да бъде изработен в желан от Вас размер. Сребърен пръстен с вграден циркон, тип годежен. Подходящ както за ежедневието, така и като допълнение на елегантен тоалет или специален повод. Сребро проба 925Сертификат за гаранция и качество",,Пръстени с камъни и перли,30.17 EUR,"https://dp-silver.com/cdn/img/products/761/nezen-godezen-prasten-no203-6a69c6009e94c.jpeg?width=1920&height=1920&v=1785316864,https://dp-silver.com/cdn/img/products/761/nezen-godezen-prasten-no203-6a69c6009e94c.jpeg?width=600&height=600&v=1785316864"
https://dp-silver.com/product/p217,"""Бъди моя спътница"" №217","Сребърен пръстен с циркон Тегло: 1,9 гр. Размери: шир. лице: 5 мм. Вид камък: циркон Пръстенът може да бъде изработен в желан от Вас размер. Сребърен пръстен с вграден циркон, тип годежен. Подходящ както за ежедневието, така и като допълнение на елегантен тоалет или за специален повод. Сребро проба 925Сертификат за гаранция и качество",,Пръстени с камъни и перли,24.03 EUR,"https://dp-silver.com/cdn/img/products/819/abadi-moa-spatnicaa-no217-6a69c852b68de.jpeg?width=1920&height=1920&v=1785317458,https://dp-silver.com/cdn/img/products/819/abadi-moa-spatnicaa-no217-6a69c852b68de.jpeg?width=600&height=600&v=1785317458"
https://dp-silver.com/product/m21,Ангел-пазител №21,"Сребърен медальон Ангел-пазител Тегло: 1,3 гр. Размер: 20 мм./ 13 мм. Сребърен медальон Ангел-пазител, носител на добри вести. Подходящ за ежедневието, а също и за подарък на любим човек. Сребро проба 925Сертификат за качество и гаранция",,Медальони без камъни,14.83 EUR,"https://dp-silver.com/cdn/img/products/716/angel-pazitel-no21-65425d28234c9.jpeg?width=1920&height=1920&v=1777601742,https://dp-silver.com/cdn/img/products/716/angel-pazitel-no21-65425d28234c9.jpeg?width=600&height=600&v=1777601742"
https://dp-silver.com/product/s120,Капковидна нежност и блясък,"Сребърен комплект с камъчета Обици: тегло: 3,3 гр.; дължина: 48 мм. Гривна: тегло: 4,5 гр.; дълж.: 17,5 см. Вид камък: циркони. Гривната може да бъде изработена в избран от Вас размер! Сребърен комплект с капковидни изчистени елементи и циркони в обков. Подходящ подарък за любим човек или перфектно допълнение към елегантен тоалет. Сребро проба 925 Сертификат за гаранция и качество",,Комплекти с камъни и перли,96.12 EUR,"https://dp-silver.com/cdn/img/products/272/kapkovidna-neznost-i-blasak-63400f903099d.jpeg?width=1920&height=1920&v=1777601732,https://dp-silver.com/cdn/img/products/272/kapkovidna-neznost-i-blasak-63400f903099d.jpeg?width=600&height=600&v=1777601732"
https://dp-silver.com/product/s891,Седефени стрелки,"Сребърен комплект със седеф Обици: тегло: 3,5 гр.; големина: 17 мм. Пръстен: тегло: 3,1 гр.; г. лице: 15/8 мм. Медальон: тегло: 2,1 гр.; дълж.: 20 мм. Вид камък: кралски седеф Размерът на пръстена може да бъде коригиран спрямо Вашите предпочитания! Сребърен комплект с форми, напомнящи стрелки, с инкрустиран кралски седеф. Подходящ подарък за скъп човек или допълнение към елегантен тоалет Сребро проба 925 Сертификат за гаранция и качество",,Комплекти със седеф,133.45 EUR,"https://dp-silver.com/cdn/img/products/653/sedefeni-strelki-6925c7e2b6d3d.jpeg?width=1920&height=1920&v=1777601737,https://dp-silver.com/cdn/img/products/653/sedefeni-strelki-6925c7e2b6d3d.jpeg?width=600&height=600&v=1777601737"
https://dp-silver.com/product/s208,Водни кончета,"Сребърен комплект Водни кончета Обици: тегло: 2,5 гр.; дължина: 16/16 мм. Пръстен: тегло: 1,75 гр.; г. лице: 15 мм. Медальон: тегло: 1,1 гр.; дълж.: 26 мм.Вид камък: циркон Размерът на пръстена може да бъде коригиран спрямо Вашите предпочитания! Сребърен комплект с форми на водни кончета и нежно проблясващи камъчета. Подходящ подарък за скъп човек или детенце! Сребро проба 925 Сертификат за гаранция и качество",,Комплекти с камъни и перли,73.11 EUR,"https://dp-silver.com/cdn/img/products/726/vodni-konceta-63400f1692edc.jpeg?width=1920&height=1920&v=1777601732,https://dp-silver.com/cdn/img/products/726/vodni-konceta-63400f1692edc.jpeg?width=600&height=600&v=1777601732"
https://dp-silver.com/product/s233,Мини капчици,"Сребърен комплект с форми на капчици и камъни Медальон: тегло: 0,8 гр.; гол. ел.: 25/7 мм. Обици: тегло: 2,4 гр.; големина: 15/7 мм. Вид камък: циркони Сребърен комплект с централни капковидни камъчета, подходящ за подарък на любим човек или за елегантен тоалет. Сребро проба 925 Сертификат за гаранция и качество",,Комплекти с камъни и перли,43.46 EUR,"https://dp-silver.com/cdn/img/products/952/mini-kapcici-63400fe50fe5e.jpeg?width=1920&height=1920&v=1777601733,https://dp-silver.com/cdn/img/products/952/mini-kapcici-63400fe50fe5e.jpeg?width=600&height=600&v=1777601733"
https://dp-silver.com/product/perli-i-nejnost,Капковидни перли и нежност,"Сребърен комплект с капковидни форми и перлиОбици: тегло: 2,65 г.; размер: 25 мм.Пръстен: тегло: 1,8 г. (може да бъде изработен в предпочитан размер)Камъни",,Комплекти с камъни и перли,51.64 EUR,"https://dp-silver.com/cdn/img/products/1159/perli-i-neznost-629a0d1b23317.jpeg?width=1920&height=1920&v=1777601729,https://dp-silver.com/cdn/img/products/1159/perli-i-neznost-629a0d1b23317.jpeg?width=600&height=600&v=1777601729"
https://dp-silver.com/product/komplekt-perleno-cvete,Комплект Перлено цвете,"Сребърен комплект с перла Пръстен: тегло: 4,9 гр.; размер лице: 22/22 мм. Медальон: тегло: 3,2 гр.; размер: 25/22 мм.Вид камък: естествена речна перла*Пръс",,Комплекти с камъни и перли,97.66 EUR,"https://dp-silver.com/cdn/img/products/1277/komplekt-perleno-cvete-63b7fe02225d1.jpeg?width=1920&height=1920&v=1777601731,https://dp-silver.com/cdn/img/products/1277/komplekt-perleno-cvete-63b7fe02225d1.jpeg?width=600&height=600&v=1777601731"
https://dp-silver.com/product/personalizirano-kolie-s-ime-poli,"Персонализирано колие с име ""Поли""",Сребърно колие с име - прекрасен подарък-изненада за любим човек. Сребро проба 925 Сертификат за гаранция и качество,,Колиета с имена,48 EUR,"https://dp-silver.com/cdn/img/products/1405/personalizirano-kolie-s-ime-apolia-67e3fe3c81f3f.jpeg?width=1920&height=1920&v=1777601735,https://dp-silver.com/cdn/img/products/1405/personalizirano-kolie-s-ime-apolia-67e3fe3c81f3f.jpeg?width=600&height=600&v=1777601735"
https://dp-silver.com/product/personalizirano-kolie-s-ime-gergana,"Персонализирано колие с име ""Гергана""","Сребърно колие с име - прекрасен подарък-изненада за любим човек. Името може да бъде по Ваш избор и дължината на колието да се коригира. Стандартен срок за изработка - 14 дни. В полето за коментар може да напишете името, което желаете (на кирилица или латиница) и избраната дължина на колието (най-предпочитана дължина от клиентите: 45 см.). При направена поръчка ще се свържем с Вас за уточнение на детайлите. Към дизайна могат да се добавят орнаменти, детайли (сърчица, пеперудки и тн.), които да направят колието уникално! Прави се проект със съответното име и при одобрение от страна на клиента е необходимо 30% капаро, за да се изработи. Сребро проба 925 Сертификат за гаранция и качество",,Колиета с имена,50 EUR,"https://dp-silver.com/cdn/img/products/1408/personalizirano-kolie-s-ime-agerganaa-69735314a4a3d.jpeg?width=1920&height=1920&v=1777601739,https://dp-silver.com/cdn/img/products/1408/personalizirano-kolie-s-ime-agerganaa-69735314a4a3d.jpeg?width=600&height=600&v=1777601739"
https://dp-silver.com/product/personalizirano-kolie-s-ime-cveta,Персонализирано колие с име Цвета,Персонализирано колие - чудесен подарък за любим човек! Сребро проба 925 Сертификат за гаранция и качество,,Колиета с имена,50 EUR,"https://dp-silver.com/cdn/img/products/1446/personalizirano-kolie-s-ime-cveta-697344c58ec61.jpeg?width=1920&height=1920&v=1777601738,https://dp-silver.com/cdn/img/products/1446/personalizirano-kolie-s-ime-cveta-697344c58ec61.jpeg?width=600&height=600&v=1777601738"
https://dp-silver.com/product/grivna-s-konec-i-zlatna-bukva,Гривна с конец и златна буква,"Нежна гривничка с конец и златна буква Тегло: 0,30 гр. Семпъл подарък, поднесен с много грижа и любов - златна буквичка, инициал на любим човек или знак н",,Гривни със златни буквички,44.99 EUR,"https://dp-silver.com/cdn/img/products/1345/grivna-s-konec-i-zlatna-bukva-6567486a14067.jpeg?width=1920&height=1920&v=1777601739,https://dp-silver.com/cdn/img/products/1345/grivna-s-konec-i-zlatna-bukva-6567486a14067.jpeg?width=600&height=600&v=1777601739"
https://dp-silver.com/product/grivna-s-konec-i-zlatna-bukva-2,Гривна с конец и златна буква,"Нежна гривничка с конец и златна буква Тегло: 0,30 гр. Семпъл подарък, поднесен с много грижа и любов - златна буквичка, инициал на любим човек или знак н",,Гривни със златни буквички,44.99 EUR,"https://dp-silver.com/cdn/img/products/1358/grivna-s-konec-i-zlatna-bukva-656889b94e0bf.jpeg?width=1920&height=1920&v=1777601737,https://dp-silver.com/cdn/img/products/1358/grivna-s-konec-i-zlatna-bukva-656889b94e0bf.jpeg?width=600&height=600&v=1777601737"
https://astogold.bg/bg/magazin/kolie-byalo-zlato-14k-estestveni-diamanti-0-14ct-vs-g-asto-gold,Колие от бяло злато 14K с естествени диаманти 0.14ct VS/G | ASTO Gold,Дамско колие от бяло злато с естествени диаманти 0.14ct (VS/G) и синджир плетка анкар. Със сертификат. Купете от ASTO Gold Пловдив с бърза доставка!,,,,https://astogold.bg/service/image?dWc3ZWZ3ZDZTVUFWV2tNNUg1Tks0bnlTaFFjdzZMSXZFYnowTlRJcU5RU2VOY3lXWCtTbEhXbytaVTZ2cjcrcThibmZXUWc2OUFvTE1KbGxURDdJMUE9PQ__
https://astogold.bg/bg/magazin/kolie-rozovo-byalo-zlato-14k-diamanti-0-14ct-vs-g-asto-gold,Колие от розово и бяло злато 14K с диаманти 0.14ct VS/G | ASTO Gold,Дамско колие от розово и бяло злато с естествени диаманти 0.14ct (VS/G) и синджир анкар. Със сертификат. Купете от ASTO Gold Пловдив с бърза доставка!,,,,https://astogold.bg/service/image?WFZ5NTJNa1k4NkZiOGlNWjNLMyszcE5HclhKcFNBd1VwWnFhVU43MWFzQWVjSitTZmVEdUdHZGw4RFo3ZGJ4cUFzMmJ6Qng5a0l6QTF2K1pjZ0ZBWkE9PQ__
https://astogold.bg/bg/magazin/moderen-zlaten-prasten-diamanti-0-21ct-asto-gold,Модерен Златен Пръстен с Диаманти 0.21ct. | ASTO Gold,Ефектен пръстен от жълто злато 14к с уникален кръстосан дизайн и естествени диаманти (0.21 ct). Модерна елегантност с безплатна доставка и сертификат!,,,,https://astogold.bg/service/image?UHFDNmlpS1pHMlYxRkFydE9uYlJYZUd6OEVkQzZGblk3S0VPR1JzY2lkcFRSczZucjJwekNOK3dwU0JEZlN2ZDFtNDBwcklHdHMyVlRrOEJ4WHhQeUE9PQ__
https://astogold.bg/bg/magazin/zlatni-obetsi-zhalto-zlato-14k-tsirkoni-florin,"Златни обеци халки ""Флорин"" от жълто злато 14К с циркони","Обеци „Флорин“ от жълто злато 14К с циркони – стилни, елегантни и бляскави. Перфектни за подарък. Поръчай онлайн с доставка.",,,,https://astogold.bg/service/image?emZRNkZPbkNHZWh4eG1iQU5SbVd4dFc5dkNlQnhzK01odlpQZ094S2JuSzlBMFNCb3ZLZW9ISEt0TkxjVUFDREZBMzkvSlllRVdpeEt2Zmc2MWlSUnc9PQ__
https://astogold.bg/bg/magazin/zlatna-visulki-sarce-zhalto-zlato-tsirkon-astogold-1,"Златна висулка ""Сърце"" от жълто злато 14К с цикрони",Елегантни златни висулки със сърце – перфектният подарък за любим човек. Изразете любов и нежност с изящни бижута. Поръчайте онлайн!,,,,https://astogold.bg/service/image?eHFxN3MxOEdWdXJVeDBZTlQyQkdRbHRxVDh5ZG5CSzNVM1o4dlpGTmdXTDJFMS9IT1lpUEpRSFJSR2RuYVlkN0hFRDNBcmdYNFd4eE44SG5uSC94Y2c9PQ__
https://astogold.bg/bg/magazin/prasten-zhalto-zlato-izumrudi-diamanti-14k-asto-gold,Пръстен от Жълто Злато с Изумруди и Диаманти 14K | ASTO Gold,Изискан пръстен от жълто злато 14к с натурални изумруди (0.09 ct) и естествени диаманти (0.22 ct). Луксозен ажурен дизайн. Поръчайте с безплатна доставка!,,,,https://astogold.bg/service/image?TkxjL1MvMTZUZFd5MjNjWTk4UGFLVE5pdmMrN3RreG5ManA0emRhTzRWb3VDYUJJNWpBbC9wekduRE11QWZFWHdiS1NtcVBDSjhvbFhKQ1hTSFc0Tnc9PQ__
https://astogold.bg/bg/magazin/godezhen-prasten-byalo-zlato-diamanti-0-09-karata-asto-gold,Годежен Пръстен от Бяло Злато с Диаманти 0.09 карата | ASTO Gold,Модерен годежен пръстен от бяло злато 14K с естествени диаманти (0.09 ct) в стилна паве инкрустация. Кажете „Да“ с блясък! Безплатна доставка и сертификат.,,,,https://astogold.bg/service/image?bTFCZ0Vha1pIODlDdG1CSUhPODh3ZVpLZUkrS0lzUmx0OXREdzhXZUFVMVVjS2dGTlFUcU9WUHEvN0FVMDBhbnFZM1VKUHF1VktydTExRUowR1VpUVE9PQ__
https://astogold.bg/bg/magazin/zlatna-grivna-unikalna-pletka-byalo-zhalto-zlato-14k-asto,Златна Гривна с Уникална Плетка Бяло и Жълто Злато 14К | ASTO,Ръчно изработена дамска златна гривна 14К с модерна двуцветна плетка от жълто и бяло злато. Луксозен дизайн от ателие ASTO Пловдив. Виж и поръчай онлайн!,,,,https://astogold.bg/service/image?NGxYMnVYc3k4a1Y2VjJHS0x4b0U1cW5KRVBWbUc2K3ZGcTBENllGeG9Hd0ZHMThXR1YwNENHQTlVZm9hbGlnOHlrVEs4cDlwZ0Nnckk1QjZjd0E0NWc9PQ__
https://astogold.bg/bg/magazin/damska-zlatna-grivna-valnoobrazen-dizayn-14k-asto,Дамска Златна Гривна с Вълнообразен Дизайн 14К | ASTO,Елегантна дамска златна гривна 14К от бяло и жълто злато с уникален вълнообразен ефект. Ръчна изработка от ателие ASTO Пловдив. Пазарувай с гаранция!,,,,https://astogold.bg/service/image?SThWeEV0ZVpSdUpxQlY3V01zYWEvL3Y1N3JjY0NGdEZLOTJKSkw5TTdUV2xBVDRuUE1ZS2hKWVRIazloT0ZaRDFxQ2FZWld5RGpYdERPVGlqVEVjK1E9PQ__
https://astogold.bg/bg/magazin/godezhen-prasten-byalo-zlato-diamant-0-18ct-vs1-f-asto-gold,Годежен Пръстен от Бяло Злато с Диамант 0.18ct. VS1/F | ASTO Gold,"Купете нежен годежен пръстен от бяло злато 14к с естествен диамант 0.18ct. Топ качество (чистота VS1, цвят F). Със сертификат и безплатна доставка!",,,,https://astogold.bg/service/image?Y0FXeDJRcXRPcUdzVWFwNDVIcXdoZ2RzN3B5MU1RZHlQMWFUd3oxQzh6ajY2cDNDVnhuV2l6YXM0RkU1MkRtbzZsV0RGWTRCdTNmcjg4T1FVT05Namc9PQ__
https://astogold.bg/bg/magazin/zlatni-obetsi-estestveni-diamanti-2x0-24ct-aura-asto-gold,Златни Обеци с Естествени Диаманти 2x0.24ct. „Aura“ | ASTO Gold,Купете класически обеци от жълто злато 14к с естествени диаманти 2х0.24ct. На винт. Част от луксозен комплект с пръстен и колие. Със сертификат за качество!,,,,https://astogold.bg/service/image?KzZNN2lxeVF3TTcrSklZRE5xU1M0RE5iMjFLS2lBY2VQNk4zSlp0bWNmbnQwdzU2cXdxV0RXTjdldWJhNVlZbS9MRXhMdFV2YnQ1ZThrUlVTNXl6c2c9PQ__
https://astogold.bg/bg/magazin/prasten-ruby-royal-estestven-rubin-diamanti,Пръстен „Ruby Royal“ с естествен рубин и диаманти,"Пръстен Ruby Royal от 14K бяло злато с естествен рубин 0.58 ct и диаманти. Луксозно бижу със символика за зодиите Лъв, Овен, Скорпион и Козирог.",,,,https://astogold.bg/service/image?WVlFOWZmbVBpVWhXd1pySG85NllwcmpjM3Zpb3FoZFpvQXpCNTREVTIvNmxEUWRBNjFITUZSaTdQMWlML0tEaVk5SFMyS2I5ekttZHhXbDVkYkthcVE9PQ__
https://astogold.bg/bg/magazin/prasten-aura-mint-zhalto-zlato-14k-0-13ct-diamanti,Пръстен Aura Mint от жълто злато 14К с 0.13ct. диаманти,Пръстен Aura Mint от жълто злато 14К с естествени диаманти 0.13ct (VS/F). Уникален дизайн от колекция Odyssey. Сертификат и луксозна кутия.,,,,https://astogold.bg/service/image?U1oxZ3hhU2YyaEJxeUROWU5xWG1CVm1wN1Ywb2dHWk54eUk1cXZZWTVkWUF3eHo5OWd2RUZtYVZNaEZISDdsVjRlOHN1b2ptRHlPTjQ0ZDhmWDFwcGc9PQ__
https://astogold.bg/bg/magazin/prasten-aura-rose-rozovo-zlato-0-13ct-diamanti,Пръстен Aura Rose от розово злато с 0.13ct. диаманти,Пръстен Aura Rose от розово злато 14К с естествени диаманти 0.13ct (VS/F). Нежен дизайн от колекция Odyssey. Сертификат и луксозна кутия.,,,,https://astogold.bg/service/image?QUw2anhpa09zTEJBSm1CT2MwRGlhVHFSLzVPME5QMEZwdXJwMXVBRzFpdVdZRXdCUjlmQjgvbTlSRTN6WmVWbVFKU3d1WDZOalBpZWVVeTEyVzc0NEE9PQ__
https://astogold.bg/bg/magazin/diamanten-prasten-royal-asscher-heritage-byalo-zlato,Диамантен пръстен „Royal Asscher Heritage“ от бяло злато,"Пръстен с диамант Ашер 0.50 ct (VS2) и хало 0.25 ct. Уникален дизайн от бяло злато, съчетаващ винтидж аристократизъм и модерен блясък.",,,,https://astogold.bg/service/image?YzNLd2o4K05TYVBqaGg3UFZrRlVCelRtck9kSkZCbkJXSE04K1E2QU0vd00yZGVNOXBndFdja2ptRHFGSmVQY05IdGd1Z2dIWjY3bzNsTGF1SnRaUlE9PQ__
https://astogold.bg/bg/magazin/diamantena-tenis-grivna-estestveni-diamanti-0-54ct,Диамантена тенис гривна с естествени диаманти 0.54ct.,"Тенис гривна с естествени диаманти 0.54ct (VS1, цвят G). Изработена от бяло злато 585. Изискан дизайн, подходящ за всеки повод. Сертификат и луксозна опаковка.",,,,https://astogold.bg/service/image?Ujh1N2J5NmtMY09RVHlMaVE5U1A4Wk1ZNjVsd0pUeFRwbEZBbzVZY2IyTHpOL2hFZ3pNT0V2cWVkc1VvOUhyWGFGVFFmZ2IxY3hZU1VmSE5iZUsxN3c9PQ__
https://astogold.bg/bg/magazin/diamanten-prasten-brilliance-byalo-zlato,"Диамантен пръстен ""Brilliance"" от бяло злато",Луксозен пръстен Brilliance от бяло злато с централен естествен диамант 0.25 ct и ореол от диаманти 0.15 ct. Елегантен годежен диамантен пръстен.,,,,https://astogold.bg/service/image?TmFSZXVETlkrNUhpNisyMEFkT0M3T1hqQ3Ixdm53UW5QeWtFVjRmWGxwWGkzcVZSeDB1dmZMKyt6Q21BT2RsUlJRam9OQ1pOckRjSmU2KytiS2pUNEE9PQ__
https://astogold.bg/bg/magazin/diamanten-prasten-noshtna-elegantnost-sedef,Диамантен пръстен „Нощна елегантност“ със седеф,Пръстен „Нощна елегантност“ от бяло злато 14К с диаманти 0.13 ct и седеф. Луксозно дамско бижу с модерен дизайн. Предлагат се и обеци и колие в комплект.,,,,https://astogold.bg/service/image?Vy8zbTc5dHhXMkZGV3NTVzZsSVFsZTdVdzVuL1pCNmJEV28wUm1wQlhNSFpsT2wwRC9qZFk2YnlEMGJ6NFFUc3ptYTg4V2UzeVRoTCt5YzY1WkhpcGc9PQ__
https://astogold.bg/bg/magazin/diamanten-prasten-belisima-flora-sedef,Диамантен пръстен „Белисима Флора“ със седеф,Златен пръстен „Белисима Флора“ от 14К жълто злато със седеф и естествени диаманти 0.05 ct (VS/F). Нежен флорален дизайн за изтънчен стил. Поръчайте онлайн!,,,,https://astogold.bg/service/image?Zi9JWXRLeEJYRHpCWFVMRGRHYUc5QWxjeWdXZjdCUitxMmR4QXJHN1VibDZjQTl0OVViQ0ZWcVdNMVNObDY4d0cvN3ZUSXFPcmZGSE1tWFFRQ1FLVUE9PQ__
https://astogold.bg/bg/magazin/godezhen-prasten-luce-eterna-naturalni-diamanti,"Годежен пръстен ""Luce Eterna "" с натурални диаманти",Годежен пръстен от розово злато с натурален GIA диамант 0.31 ct и инкрустирани малки диаманти. Класическа елегантност и блясък.,,,,https://astogold.bg/service/image?UUtXNGp6RFN1UlRONVJobzltS0RHb29sWkY4bWVnYlVDQk4rNlQwOWpGU01LcG9oVHRkOWtRMkNBNnZmMDBSenJHUEJFa25RUTEzbUdhZjdpaHRYK0E9PQ__
https://bulgariansilver.com/ваучер-за-подарък-002-156,Ваучер за подарък_002,"Онлайн ваучер за подарък на авторска, сребърна бижутерия.",,,,
https://bulgariansilver.com/детско-колие-мак--3336-1-2015,"Детско колие ""Мак""- 3336","Детско колие ""Мак""- 3336, Сребърни бижута, произведени в България - Онлайн магазин. Сребърни пръстени, висулки, синджири, гривни, кожени гривни. Бижута с полускъпоценни камъни и естествени перли.",,,,
https://bulgariansilver.com/детско-сребърно-колие-раче-осмокраче--2539-1-1944,"Детско колие ""Раче-Осмокраче""- 2539","Детско колие кожа и сребро, Сребърни бижута, произведени в България - Онлайн магазин. Сребърни пръстени, висулки, синджири, гривни, кожени гривни. Бижута с полускъпоценни камъни и естествени перли.",,,,
https://bulgariansilver.com/сребърен-пръстен-хелиос--2553-488,"Сребърен пръстен ""Хелиос"" - 2553","Купете пръстена и вземете обеците от колекция ""Хелиос"" с 10% отстъпка!",,,,
https://bulgariansilver.com/сребърен-пръстен-клео-/-цитрин-1-2221,"Сребърен пръстен ""Клео""/ Цитрин","Сребърен пръстен ""Клео""/ Цитрин, Сребърни бижута, произведени в България - Онлайн магазин. Сребърни пръстени, висулки, синджири, гривни, кожени гривни. Бижута с полускъпоценни камъни и естествени перли.",,,,
https://bulgariansilver.com/сребърен-комплект-сагенитов-ахат/-уникат-1-2187,"Сребърен комплект ""Рада""/ Сагенитов ахат/ УНИКАТ","Сребърен комплект ""Рада""/ Сагенитов ахат/ УНИКАТ, Сребърни бижута, произведени в България - Онлайн магазин. Сребърни пръстени, висулки, синджири, гривни, кожени гривни. Бижута с полускъпоценни камъни и естествени перли.",,,,
https://bulgariansilver.com/сребърен-пръстен-с-нифрит/аметист/цитрин--1-2176,Сребърен пръстен с Нефрит/Аметист/Цитрин / УНИКАТ,"Сребърен пръстен с Нефрит/Аметист/Цитрин / УНИКАТ, Сребърни бижута, произведени в България - Онлайн магазин. Сребърни пръстени, висулки, синджири, гривни, кожени гривни. Бижута с полускъпоценни камъни и естествени перли.",,,,
https://bulgariansilver.com/сребърен-комплект-кло--цитрин/-уникат-1-2031,"Сребърен комплект ""Кло""- Цитрин/ Уникат","Купете комплект ""Кло"" и вземете ръчноизработена сребърна пластина с 10% отстъпка!",,,,
https://bulgariansilver.com/сребърен-пръстен-непал-/-аметрин--аметист-цитрин-1-2224,"Сребърен пръстен ""Непал""/ Аметрин - аметист цитрин","Сребърен пръстен ""Непал""/ Аметрин - аметист цитрин, Сребърни бижута, произведени в България - Онлайн магазин. Сребърни пръстени, висулки, синджири, гривни, кожени гривни. Бижута с полускъпоценни камъни и естествени перли.",,,,
https://bulgariansilver.com/сребърен-пръстен-кай-/-цитрин-1-2283,"Сребърен пръстен ""Кай""/ Цитрин","Сребърен пръстен ""Кай""/ Цитрин, Сребърни бижута, произведени в България - Онлайн магазин. Сребърни пръстени, висулки, синджири, гривни, кожени гривни. Бижута с полускъпоценни камъни и естествени перли.",,,,
https://bulgariansilver.com/сребърен-медальон-св.-георги/-г-1-2086,Сребърен медальон Св. Димитър/ Г - 3481,"Сребърен медальон Св. Димитър/ Г - 3481, Сребърни бижута, произведени в България - Онлайн магазин. Сребърни пръстени, висулки, синджири, гривни, кожени гривни. Бижута с полускъпоценни камъни и естествени перли.",,,,
https://bulgariansilver.com/гривна--1016-/-сребро-и-естествена-кожа-1-2278,Гривна - 1016/ сребро и естествена кожа,"Гривна - 1016/ сребро и естествена кожа, Сребърни бижута, произведени в България - Онлайн магазин. Сребърни пръстени, висулки, синджири, гривни, кожени гривни. Бижута с полускъпоценни камъни и естествени перли.",,,,
https://bulgariansilver.com/сребърен-медальон--2613-1395,Сребърен медальон - 2613,"Сребърен медальон - 2613, Сребърни бижута, произведени в България - Онлайн магазин. Сребърни пръстени, висулки, синджири, гривни, кожени гривни. Бижута с полускъпоценни камъни и естествени перли.",,,,
https://bulgariansilver.com/сребърен-пръстен-вода-/-планински-кристал-1-2319,"Сребърен пръстен ""Вода""/ Планински кристал","Сребърен пръстен ""Вода""/ Планински кристал, Сребърни бижута, произведени в България - Онлайн магазин. Сребърни пръстени, висулки, синджири, гривни, кожени гривни. Бижута с полускъпоценни камъни и естествени перли.",,,,
https://bulgariansilver.com/сребърен-пръстен-косара-малахит/авантюрин/тзркоаз/розов-кварц/карнеол/оникс/седеф-1-2323,"Сребърен пръстен ""Косара"" Малахит/Авантюрин/Тюркоаз/Розов кварц/Карнеол/Оникс/Седеф","Сребърен пръстен ""Косара"" Малахит/Авантюрин/Тюркоаз/Розов кварц/Карнеол/Оникс/Седеф, Сребърни бижута, произведени в България - Онлайн магазин. Сребърни пръстени, висулки, синджири, гривни, кожени гривни. Бижута с полускъпоценни камъни и естествени перли.",,,,
https://bulgariansilver.com/сребърен-пръстен-везни--розов-кварц-706,"Сребърен пръстен ""Везни"" - Розов кварц","Сребърен пръстен ""Везни"" - Розов кварц, Сребърни бижута, произведени в България - Онлайн магазин. Сребърни пръстени, висулки, синджири, гривни, кожени гривни. Бижута с полускъпоценни камъни и естествени перли.",,,,
https://bulgariansilver.com/сребърен-медальон-метор--1-2168,"Сребърен медальон ""Метеор""/ Лабрадорит","Сребърен медальон ""Метеор""/ Лабрадорит, Сребърни бижута, произведени в България - Онлайн магазин. Сребърни пръстени, висулки, синджири, гривни, кожени гривни. Бижута с полускъпоценни камъни и естествени перли.",,,,
https://bulgariansilver.com/сребърен-комплект-арлета-/-лабрадорит/-уникат-1-2216,"Сребърен комплект ""Арлета""/ Лабрадорит/ Уникат","Сребърен комплект ""Арлета""/ Лабрадорит/ Уникат, Сребърни бижута, произведени в България - Онлайн магазин. Сребърни пръстени, висулки, синджири, гривни, кожени гривни. Бижута с полускъпоценни камъни и естествени перли.",,,,
https://bulgariansilver.com/сребърен-пръстен-грийн--уникат-/-турмалин-1-2310,"Сребърен пръстен ""Грийн"" - Уникат / Турмалин","Сребърен пръстен ""Грийн"" - Уникат / Турмалин, Сребърни бижута, произведени в България - Онлайн магазин. Сребърни пръстени, висулки, синджири, гривни, кожени гривни. Бижута с полускъпоценни камъни и естествени перли.",,,,
https://bulgariansilver.com/сребърен-комплект-лада--2809-м-/-бп-405,"Сребърен комплект ""Лада"" - 2809 М / БП","Сребърен комплект ""Лада"" - 2809 М / БП, Сребърни бижута, произведени в България - Онлайн магазин. Сребърни пръстени, висулки, синджири, гривни, кожени гривни. Бижута с полускъпоценни камъни и естествени перли.",,,,
https://bulgariansilver.com/сребърен-пръстен-тея--3261-1-2070,"Сребърен пръстен ""Тея"" - 3261","Сребърен пръстен ""Тея"" - 3261, Сребърни бижута, произведени в България - Онлайн магазин. Сребърни пръстени, висулки, синджири, гривни, кожени гривни. Бижута с полускъпоценни камъни и естествени перли.",,,,
https://bulgariansilver.com/сребърен-пръстен-илюзия--3359-718,"Сребърен пръстен ""Илюзия""- 3359","Сребърен пръстен ""Илюзия""- 3359, Сребърни бижута, произведени в България - Онлайн магазин. Сребърни пръстени, висулки, синджири, гривни, кожени гривни. Бижута с полускъпоценни камъни и естествени перли.",,,,
https://efirgems.com/shop/medalon-sas-7-94-karata-izumrud-i-diamanti/,Медальон със 7.94 карата изумруд и диаманти,"Медальон със 7.94 карата изумруд и диаманти Колекция Наслада Има бижута, които спират погледа. И има бижута, които спират дъха. Централният камък на този медальон е 7.94 карата замбийски изумруд карата с оценка на омасляване „minor"" и цветова класификация vivid green — най-желаният и рядък цветови клас при изумрудите. Сертифициран от AIG, камъкът е монтиран в 18 каратово злато и е захванат със зъбчета, за да може светлината да прониква в него от всички посоки и да разкрива пълната му красота. Около него — 1.20 карата разпръснати диаманти с качество VVS/E-F и драматичен контраст с черно родиево покритие, което допълнително подчертава интензивния зелен цвят на изумруда. Медальонът е допълнен с джорджанския ни държач — финален детайл, достоен за бижу от този калибър. Бижу, създадено да се помни. И да се завещава. Детайли: Замбийски изумруд — 7.94 карата, оценка на омасляване „minor"", vivid green Сертификат AIG Диаманти — 1.20 карата, качество VVS/E-F Черно родиево покритие Джорджански държач 18-каратово злато Бихме могли да изработим по поръчка подобен дизайн за Вас с изумруд или друг скъпоценен камък. Свържете се с нас, за да обсъдим детайли.",,Efirgems > Продукти > Наслада > Медальон със 7.94 карата изумруд и диаманти - Наслада - Efirgems,9980 EUR,"https://assets.efirgems.com/wp/uploads/2026/03/dsc1636-scaled.jpg,https://assets.efirgems.com/wp/uploads/2026/03/dsc2500-scaled.jpg,https://assets.efirgems.com/wp/uploads/2026/03/dsc3359-scaled.jpg,https://assets.efirgems.com/wp/uploads/2026/03/img_4109-1-scaled.jpg,https://assets.efirgems.com/wp/uploads/2026/03/dsc1636-1024x1024.jpg"
https://efirgems.com/shop/obitsi-sas-zambijski-izumrudi/,Обици със замбийски изумруди,"Обици със замбийски изумруди ""Колекция Наслада"" Замбийските изумруди са известни с наситения си, дълбок зелен цвят — и тези два екземпляра не правят изключение. Всеки от камъните е 0.50 карата с кръгла форма, оценка на омасляване „minor"" и индивидуален сертификат от GFCO, потвърждаващ тяхната автентичност и произход. Поставени в касичка от 18-каратово злато с винтидж характер, обиците съчетават класическата “studs” визия с изтънчена носталгия. Детайлът на касичката добавя дълбочина и обем, без да натоварва — резултатът е бижу, което изглежда едновременно познато и специално. Детайли: Замбийски изумруди — 2 х 0.50 карата, кръгла форма Оценка на омасляване „minor"" Сертификати 2бр GFCO 18-каратово злато Дизайн: stud, касичка, винтидж Бихме могли да изработим по поръчка подобен дизайн за Вас с изумруд или друг скъпоценен камък. Свържете се с нас, за да обсъдим детайли.",,Efirgems > Продукти > Наслада > Обици със замбийски изумруди - Наслада - Efirgems,1990 EUR,"https://assets.efirgems.com/wp/uploads/2026/03/2026-02-20-17-03-08-cs4-scaled.jpg,https://assets.efirgems.com/wp/uploads/2026/03/dsc3416-scaled.jpg,https://assets.efirgems.com/wp/uploads/2026/03/dsc1970-1-scaled.jpg,https://assets.efirgems.com/wp/uploads/2026/03/img_4110-2-scaled.jpg,https://assets.efirgems.com/wp/uploads/2026/03/img_4111-2-scaled.jpg,https://assets.efirgems.com/wp/uploads/2026/03/2026-02-20-17-03-08-cs4-1024x1024.jpg"
https://efirgems.com/shop/kolie-sas-smenyastht-tsveta-si-granat/,Колие със сменящ цвета си гранат,"Природата понякога крие своите най-добри тайни в най-неочакваните места. Сменящия цвета си гранат е един от най-редките и интригуващи скъпоценни камъни. Представяме ви 1.45 карата капковиден гранат от Танзания, сертифициран от GFCO, който при дневна или ЛЕД светлина има зеленикав оттенък, а при изкуствена се трансформира в мистериозно лилавещ. Поставен в обков от 18-каратово жълто злато, камъкът виси на стоманена корда в пасващ цвят, с 18-каратова закопчалка — комбинация, която е толкова нестандартна, колкото и самият камък. За жената, която не се задоволява с обикновеното. Детайли: Сменящ цвета си гранат — 1.45 карата нетретиран Произход - Танзания Сертификат GFCO Обков от 18-каратово жълто злато Стоманена корда с 18-каратова закопчалка Бихме могли да изработим по поръчка, в подобен или друг дизайн, бижу за Вас с такъв или друг скъпоценен камък. Свържете се с нас, за да обсъдим детайли.",,Efirgems > Продукти > Наслада > Колие със сменящ цвета си гранат - Наслада - Efirgems,2390 EUR,"https://assets.efirgems.com/wp/uploads/2026/03/2026-02-20-17-10-57-cs4-scaled.jpg,https://assets.efirgems.com/wp/uploads/2026/03/dsc2117-scaled.jpg,https://assets.efirgems.com/wp/uploads/2026/03/dsc1803-scaled.jpg,https://assets.efirgems.com/wp/uploads/2026/03/img_4091-1-scaled.jpeg,https://assets.efirgems.com/wp/uploads/2026/03/2026-02-20-17-10-57-cs4-1024x1024.jpg"
https://efirgems.com/shop/limitirana-visulka-lampa/,Лимитирана висулка - Вълшебна лампа,"Вълшебната Лампа — Лимитирана Висулка Лято 2026 Пожелавали ли сте си някога нещо толкова силно, че цялата вселена да подреди нещата магически за вас и желанието ви да се сбъдне? Тази висулка е създадена точно за този момент — и за всички други, които предстоят. ""Вълшебната лампа е древен символ, който олицетворява светлината, духовното просветление, мъдростта и силата на въображението. В контекста на един от любимите ни филми - Аладин, тя представлява съдбата, трансформацията от бедност към богатство, отключването на неограничения вътрешен потенциал чрез изпълняване на нашите съкровени желания, като същевременно оставаме верни на себе си. ""Your wish is my command"", казва духът от лампата и всяко намерение, изречено с вяра, вече е по пътя си към Вас. И нека това прекрасно бижу Ви напомня точно това! "" - Кристина (дизайнер и основател на Ефир) За Бижуто: Всяка висулка се изработва внимателно за Вас от 18-каратово злато и пристига със сертификат за автентичност и луксозна опаковка. Предлага се с предварителна поръчка и ориентировъчен срок за изработка 1–2 седмици. Това е лимитирано бижу само за Лято 2026 и повече няма да се пресъздава. Може да поръчате само висулката или висулка + нашия доказано здрав синджир от 18-каратово злато. Той тежи около ~1.35 г с дължина 40см и е подходящ за постоянно носене, като допълва висулката перфектно.",,Efirgems > Продукти > Висулки и Колиета > Лимитирана висулка - Вълшебна лампа - Висулки и Колиета - Efirgems,249 EUR,"https://assets.efirgems.com/wp/uploads/2026/06/img_7229-2.png,https://assets.efirgems.com/wp/uploads/2026/06/dsc_7892-scaled.jpeg,https://assets.efirgems.com/wp/uploads/2026/06/fd0d1e66-735a-4bdc-8070-d9e42a03ec7b-scaled.jpg,https://assets.efirgems.com/wp/uploads/2026/06/dsc_7904-scaled.jpeg,https://assets.efirgems.com/wp/uploads/2026/06/img_7229-2-1024x1024.png"
https://efirgems.com/shop/grivna-embracelet/,"Гривна ""Embracelet""","Единствена по рода си гривна от 18 карата злато с подвижен елемент - свитък. Изработва се с с предварителна заявка, като се персонализира от 3 страни с бувки, цифри или символи. Побира около 5-7 символа(букви или цифри) от всяка страна. Където мястото позволява, от двете страни на символа се добавят диаманти 1мм. Гривната е мека и подвижна с елегантно и сигурно закопчаване. Направена е по иновативна технология от стоманено ядро около което е обвита златна тел. Това позволява огъване без деформация и комфорт при носене. Съотношението в гривната е около 95% злато и 5% стомана. Може да се изработи в бяло или жълто злато. Срокът за изработка може да варира от натовареността ни, стандартно, около 6 седмици. Значение: Embrace има две значения, които и двете са силно зареждащи и позитивни. Прегръдка - да държиш някой в обятията си. Или прехвърлено към символиката на нашата гривна, да запечаташ най-значимото си в бижу. Приемане - Да приемаме миналото, бъдещето и настоящето. Да приемаме себе си, всички свои силни или слаби страни, мечти или страхове и да се заобичаме. Да приемаме всичко, което съдбата ни е отредила. Както всяко наше бижу и гривна ""Embracelet"" може да бъде допълнително персонализирана според предпочитанията ви. Свържете се с нас, за да обсъдим вашите идеи.",,"Efirgems > Продукти > Колекции > Гривна ""Embracelet"" - Колекции - Efirgems",2380 EUR,"https://assets.efirgems.com/wp/uploads/2024/11/dsc07709.jpg,https://assets.efirgems.com/wp/uploads/2024/11/dsc08941-1-scaled.jpg,https://assets.efirgems.com/wp/uploads/2024/08/dsc_1778-scaled-e1723738573507.jpg,https://assets.efirgems.com/wp/uploads/2024/08/dsc_1742-scaled-e1723730437103.jpeg,https://assets.efirgems.com/wp/uploads/2024/11/dsc07709-1024x1024.jpg"
https://efirgems.com/shop/prasten-zmii/,Пръстен - Змии,"Пръстен изработен от 14 карата злато с две преплитащи се змии - родирана в бяло злато с 2мм диамант и златен нашийник и жълто злато с 2мм рубин. Главите им са застъпени нежно в предната част на пръстена, а опашките им са преплетени в задната част. Змията в много култури е символ на мъдрост, древно познание и интуиция. Счита се също, че е символ на дуалността, на живота и смъртта, на създаване и унищожаване. Този пръстен изобразява баланса в дуалния свят, в който живеем. Пръстенът се изработва по поръчка след уточняване на размера.",,Efirgems > Продукти > Бижута с рубини > Пръстен - Змии - Бижута с рубини - Efirgems,1620 EUR,"https://assets.efirgems.com/wp/uploads/2024/11/dsc07574.jpg,https://assets.efirgems.com/wp/uploads/2024/11/dsc09007-1-scaled.jpg,https://assets.efirgems.com/wp/uploads/2024/11/dsc07574-1024x1024.jpg"
https://efirgems.com/shop/zlatni-obici-skobi/,"Златни обици ""Ивици""","С тези златни обици с етно мотиви определено няма да останете незабелязани. Със специално разработения им дизайн, те стоят комфортно и красиво на ухото. Мотивът е заимстван от колан от народна носия. Вътрешен диаметът на обицата 2см. Ако смятате, че не би паснала на Вашето ухо, свържете се с нас, за да адаптираме модела по поръчка.",,"Efirgems > Продукти > Етно > Златни обици ""Ивици"" - Етно - Efirgems",2760 EUR,"https://assets.efirgems.com/wp/uploads/2024/01/DSC4713-2-scaled.jpeg,https://assets.efirgems.com/wp/uploads/2024/02/DSC04685-scaled.jpg,https://assets.efirgems.com/wp/uploads/2024/01/DSC7049_alt-scaled.jpg,https://assets.efirgems.com/wp/uploads/2024/01/DSC4713-scaled.jpeg,https://assets.efirgems.com/wp/uploads/2024/01/DSC4713-2-1024x1024.jpeg"
https://efirgems.com/shop/zlatni-pafti/,Златни Пафти,"Пафти, наричани още чапрази, са древно, изящно украшение, носено от българката векове наред. Вдъхновено от токите за колан, част от традиционната българската носия, накита носи мощна символика и защита на притежателката си. Традиционно са били отличителен белег на омъжените жени, за разлика от момите, които са носели предимно мъниста. Вярва се, че пафтите са символ на плодовитост и са подарявани на бъдещата булка при годеж или сватба, за да защитават детеродните органи и да я крепят, докато е бременна. Смята се също, че отблъскват всички зли сили. Дизайнерските бижута от колекцията Ефир Етно са изработени от 14 карата жълто или бяло злато, естествени камъни и италиански златен синджир. Всяко изделие се довършва на ръка с прецизност до съвършенство. На пафтата е изобразен гълъб с маслинова клонка, символ на безкористна любов, надежда, мир и духовно възнесение. Разперените криле допълват образа със свобода на духа и поглед от високо. Флоралните мотиви обгръщат сцената с лекота и женска енергия. В зависимост от партидата синджири, с които разполагаме е възможно да има леки разлики в размера им. Ако имате въпроси, не се колебайте да се свържете с нас! Открийте още предложение от колекцията Ефир Етно. Разгледайте другите ни бижута със скъпоценни камъни или поръчайте златно бижу изработено по Ваш дизайн.",,Efirgems > Продукти > Бижута с диаманти > Златни пафти със скъпоценни камъни - Колекция бижута Ефир Етно,2150 EUR,"https://assets.efirgems.com/wp/uploads/2024/01/DSC4736-scaled.jpeg,https://assets.efirgems.com/wp/uploads/2024/01/DSC6642_alt.jpeg,https://assets.efirgems.com/wp/uploads/2024/01/DSC4736-1024x1024.jpeg"
https://efirgems.com/shop/medalon-kanaticza/,Медальон Канатица,"Медальон Канатица е двулицев и се изработва от 14 карата злато, с 2мм (0,03ct) диамант. В медальона присъстват матирани и полирани части, изобразяващи баланса на енергиите. Заложена е формата кръг, като сакрален символ, свързван с вечността, земната форма, божественото. От едната му страна е разположена Канатица - древен и мощен символ, който датира от 5000г. пр. хр. и се среща по различни краища на света. Свързван е с безкрайността, дълголетието, дори вечния живот. Използва се за талисман, който предпазва от негативни влияния и зли сили и носи щастие и късмет на притежателя си. По тази причина най-често е срещан на преносими предмети, както и на входа на къщи или гробници. В България символът канатица е най-разпространен в килимарството и е изобразяван по чипровските килими като символ на семейството и рода. В канатицата се съдържа и друг символ - маказа, който се асоциира с мъжката и женската енергия. От другата страна е изобразено слънце, в центъра на което е монтиран диамантът. Сам по себе си камъкът олицетворява съвършвнство, непобедимост и чистота. Слънцето изобразява живот, сила, светлина и топлина. Медальонът е създаден като амулет, с богата символика и може да се носи равносилно от двете страни, в зависимост от настроението. Цената е само за медальона и не включва синджира от снимките. Бихте могли да изберете с какъв държач искате да бъде Вашето бижу. Както винаги, бихме могли да персонализираме всяко бижу, според изискванията Ви!",,Efirgems > Продукти > Колекции > Златен двулицев медальон Канатица - Колекция Ефир Етно,1890 EUR,"https://assets.efirgems.com/wp/uploads/2024/01/DSC4726-scaled.jpeg,https://assets.efirgems.com/wp/uploads/2024/01/DSC4730-scaled.jpeg,https://assets.efirgems.com/wp/uploads/2024/01/DSC6490_alt-scaled.jpg,https://assets.efirgems.com/wp/uploads/2024/01/5396a42e-50cd-4eb8-bb7e-21e55b9eb406.jpeg,https://assets.efirgems.com/wp/uploads/2024/01/DSC4726-1024x1024.jpeg"
https://efirgems.com/shop/obiczi-arpalii/,"Обици ""Арпалии""","Вдъхновени от традиционните български обици ""Арпалии"" , новото творение на Ефир няма да остави никой равнодушен. Създадохме този модел обици, като модерен прочит на популярните през възрожденския период обици. Дизайнът им оформя отворен кръг, като завършва по нестандартен начин - зад ушната мида. Орнаментите напомнят на зърнени класове, като символ на плодородие, изобилие и надежда. С богатата си орнаментика обици ""Арпалии"", допълват прекрасно всеки семпъл аутфит, като едновременно смел и балансиран аксесоар. Сами по себе си са достатъчни, за да изпъкнете с бижутата си. Комбинират се прекрасно с колиетата от Етно серията ни, както и с множество други дизайни. Изработват се след предварителна заявка от 14 каратово злато. Повече снимки и видеа на колекцията може да разгледате във фейсбук или на нашата инстаграм страница – @efirgems.",,"Efirgems > Продукти > Етно > Обици ""Арпалии"" - Efirgems",2900 EUR,"https://assets.efirgems.com/wp/uploads/2024/01/DSC4767-scaled.jpeg,https://assets.efirgems.com/wp/uploads/2024/01/DSC6869_alt-scaled.jpg,https://assets.efirgems.com/wp/uploads/2024/01/DSC4767-1024x1024.jpeg"
https://efirgems.com/shop/koktejlen-prasten-s-czitrin-i-diamanti/,Коктейлен пръстен с Цитрин и Диаманти,"Един впечатляващ с размера и качеството на изработката си коктейлен пръстен, с 29 карата цитрин в пастелен - бебешко жълт цвят и скрит ореол от 0.58 карата диаманти VS/G. Семпъл и съвременен дизайн с тънка халка, перфектно изпипана каса и зъбчета тип ""Орлови нокти"". Изработен е изцяло ръчно с внимание към всеки детайл от 18 каратово злато в комбинация на бяло и жълто. Ореолът от диаманти застава точно под ръба на камъка, така че при изглед отгоре остава скрит, а погледнат отсрани разкрива неподозиран блясък и добавя величественост, към зашеметяващия сам по себе си цитрин. Пръстен достоен за всяко специално събитие, но с дизайн, който лесно може да комбинирате и в по-небрежна визия. В Ефир смятаме, че всяко бижу е създадено, за да бъде носено и нищо не е твърде ""Екстра"", ако Ви кара да се чувствате прекрасно! Свържете се с нас, ако имате различна идея за мечтаното бижу с естествен скъпоценен камък и ние ще я превърнем в реалност! Разгледайте останалите ни бижута с цитрини тук.",,Efirgems > Продукти > Бижута с диаманти > Коктейлен пръстен с цитрин и диаманти - Efirgems,3829.58 EUR,"https://assets.efirgems.com/wp/uploads/2024/01/DSC4591-2-scaled.jpeg,https://assets.efirgems.com/wp/uploads/2024/01/DSC6935_alt-scaled.jpg,https://assets.efirgems.com/wp/uploads/2024/01/img_3903-scaled-1.webp,https://assets.efirgems.com/wp/uploads/2024/01/DSC4591-2-1024x1024.jpeg"
https://efirgems.com/shop/opaldiamonds-pendant/,Медальон с Опал и Диаманти,"Златен медальон с опал и диаманти. Централният камък е етиопски опал с впечатляващо тегло от 6.5 карата с допълнение от 10 малки диаманта за още повече блясък! Дъговидни природни отблясъци в синьо, зелено, жълто и червено извират от този фрости бял прекрасен опал! Този медальон с опал може да се носи в комбинация със следния златен пръстен с опал. Разберете как да различим етиопски опал от австралийски опал, както и много други интересни и полезни неща за опалите в статията ни “Опал” Разгледайте наличните дизайнерски бижута с опали от Ефир или се свържете с екипа ни и поръчайте бижу с опал по Ваш дизайн. Всички камъни, предлагани от Ефир, са естествени природни кристали. Всички бижута пристигат при Вас красиво опаковани със сертификат за качество и автентичност. Безплатна доставка и застраховка с Еконт. Поръчките се обработват в рамките на 3 работни дни. Ако имате въпроси, не се колебайте да се свържете с нас!",,Efirgems > Продукти > Бижута с диаманти > Медальон с опал и диаманти от бяло злато - Ефир,956.12 EUR,"https://assets.efirgems.com/wp/uploads/2024/02/DSC_0400-scaled.jpg,https://assets.efirgems.com/wp/uploads/2024/02/IMG_5411-scaled-1.webp,https://assets.efirgems.com/wp/uploads/2024/02/IMG_5415-scaled-1.webp,https://assets.efirgems.com/wp/uploads/2024/02/IMG_5416-scaled-1.webp,https://assets.efirgems.com/wp/uploads/2024/02/IMG_5545-scaled-1.webp,https://assets.efirgems.com/wp/uploads/2024/02/DSC_0400-1024x1024.jpg"
https://efirgems.com/shop/7932/,Коктейлен пръстен с Цитрин,"Впечатяващ с размера и дизайна си коктейлен пръстен с 25 карата, пастелен - бебешко жълт, замбийски цитрин. Изцяло ръчна изработка, с внимание към всеки детайл, в комбинация от бяло и жълто 18 каратово злато. Дизайнът е съвременен, с фина халка и минималистична каса със зъбчета тип ""Орлови нокти"", която поставя акцента към зашеметяващия цитрин. Пръстен достоен за всяко специално събитие, но с дизайн, който лесно може да комбинирате и в по-небрежна визия. В Ефир смятаме, че всяко бижу е създадено, за да бъде носено и нищо не е твърде ""Екстра"", ако Ви кара да се чувствате прекрасно! Свържете се с нас, ако имате различна идея за мечтаното бижу с естествен скъпоценен камък и ние ще я превърнем в реалност! Разгледайте останалите ни бижута с цитрини тук.",,Efirgems > Продукти > Бижута с цитрини > Коктейлен пръстен с цитрин - Efirgems,2551.35 EUR,"https://assets.efirgems.com/wp/uploads/2024/01/DSC4595-2-scaled.jpeg,https://assets.efirgems.com/wp/uploads/2024/01/DSC6935_alt-scaled.jpg,https://assets.efirgems.com/wp/uploads/2024/01/453dca91-688c-4adf-9af3-ca269b807498-800x1200-1.webp,https://assets.efirgems.com/wp/uploads/2024/01/DSC4595-2-1024x1024.jpeg"
https://efirgems.com/shop/obiczi-s-vazli/,Обици с възли,"Представяме ви нашия прекрасен модел обици с възли. Изработваме обиците от 18 карата солидно злато и 4 малки диаманта по 4-те плавно висящи краища на въжетата. Избрали сме така нареченият квадратен или рифоф възел, който се прави от две отделни въжета и символизира любовта и свързаността. Обиците са предвидени за лява и дясна страна, като късото въже би трябвало да се носи по-отдалечено. Закопчаването е дискретно, лесно и сигурно. Ето какво казва нашият дизайнер за колекцията: ""Както някои от вас може би знаят съм родом от Варна, а дядо ми е бил капитан целия си живот. Многобройни бяха увлекателните му истории свързани с морските пътешествия. Тук всеки има познат, приятел или роднина, който “пътува”. Тази колекция вплита в себе си много значения, носталгия към морето, спомен за дядо ми, вълнението при далечно пътешествие. Но личният ми замисъл се крие в самите морски възли. За да се счита за хубав един възел, той трябва да се прави лесно, при опън да не се затяга допълнително и при нужда да се развърза също толкова лесно. Избрах такъв, който се използва за свързване на две въжета, също както преплитаме съдбите с любимите ни. Аналогичен е и символизмът, който вложих, че за да е хубава една връзка, тя трябва да устоява на напрежението без да ни задушава или деформира и да сме също толкова цели заедно, както и поотделно. По това според мен си приличат любовните и морските възли.."" Всички наши бижута могат да бъдат изработени и персонализирани според вашите изисквания, така че не се колебайте да се свържете с нас и споделите вашите идеи. Освен обици с възел в колекцията ще откиете пръстен с който ще завършите визията си с елегантен комплект дизайнерски бижута. Разгледайте най-новите ни творения в нашата фейсбук или инстаграм страница @efirgems. Ако имате въпроси, не се колебайте да се свържете с нас!",,Efirgems > Продукти > Love Knots > Обици с възли - Efirgems,2450 EUR,"https://assets.efirgems.com/wp/uploads/2024/01/DSC4677-scaled.jpeg,https://assets.efirgems.com/wp/uploads/2024/01/DSC6810_alt-scaled.jpg,https://assets.efirgems.com/wp/uploads/2024/01/DSC4677-1024x1024.jpeg"
https://efirgems.com/shop/prasten-s-vazel/,Пръстен с възел,"Представяме Ви нашият прекрасен модел пръстен с възел. Изработва се от 18 карата масивно злато - бяло или жълто по Ваш избор. Дизайнът на пръстена е предвиден от вътрешната страна да бъде полиран за максимално удобство и комфорт при носене. Избрали сме така наречения квадратен или рифоф възел за нашето бижу, който се прави от две отделни въжета и символизира любовта и свързаността. Ето какво казва нашият дизайнер за колекцията: ""Както някои от вас може би знаят съм родом от Варна, а дядо ми е бил капитан целия си живот. Многобройни бяха увлекателните му истории свързани с морските пътешествия. Тук всеки има познат, приятел или роднина, който “пътува”. Тази колекция вплита в себе си много значения, носталгия към морето, спомен за дядо ми, вълнението при далечно пътешествие. Но личният ми замисъл се крие в самите морски възли. За да се счита за хубав един възел, той трябва да се прави лесно, при опън да не се затяга допълнително и при нужда да се развърза също толкова лесно. Избрах такъв, който се използва за свързване на две въжета, също както преплитаме съдбите с любимите ни. Аналогичен е и символизмът, който вложих, че за да е хубава една връзка, тя трябва да устоява на напрежението без да ни задушава или деформира и да сме също толкова цели заедно, както и поотделно. По това според мен си приличат любовните и морските възли.."" Всички наши бижута могат да бъдат изработени и персонализирани според Вашите изисквания, така че не се колебайте да се свържете с нас и споделите Вашите идеи. Освен пръстен с възел в колекцията ще откриете обици, с които ще завършите визията си с елегантен комплект дизайнерски бижута. Разгледайте най-новите ни творения в нашата инстаграм страница @efirgems.",,Efirgems > Продукти > Love Knots > Пръстен с възел - Efirgems,2395 EUR,"https://assets.efirgems.com/wp/uploads/2024/01/DSC4570-scaled.jpg,https://assets.efirgems.com/wp/uploads/2024/01/DSC6789_alt-scaled.jpg,https://assets.efirgems.com/wp/uploads/2024/01/DSC6810_alt-scaled.jpg,https://assets.efirgems.com/wp/uploads/2024/01/DSC4570-1024x1024.jpg"
https://efirgems.com/shop/prasten-spageti-s-mentov-turmalin/,Пръстен - Спагети с ментов Турмалин,"Единствен по рода си пръстен в авторски дизайн от 18 каратово злато. Истинско гурме за очите Ви! Пленителен 2.54 карата ментов турмалин с произход Афганистан е обгърнат в златни нишки, наподобяващи навити спагети. Ментовият турмалин е специално подбран с невероятна шлифовка, в която погледът Ви се губи. Едно бижу, което ще събира погледите на всички ценители на красивото със закачливия си дизайн, впечатляващия скъпоценен камък и майсторската изработка. *Размер 53; Подлежи на корекция;",,Efirgems > Продукти > Магия > Пръстен - Спагети с ментов Турмалин - Магия - Efirgems,3814.24 EUR,"https://assets.efirgems.com/wp/uploads/2024/11/dsc07658.jpg,https://assets.efirgems.com/wp/uploads/2024/11/dsc07731.jpg,https://assets.efirgems.com/wp/uploads/2024/11/dsc08647-1.jpg,https://assets.efirgems.com/wp/uploads/2024/11/dsc07658-1024x1024.jpg"
https://efirgems.com/shop/prasten-sas-sapfir-sartse/,Пръстен със Сапфир сърце,"Нашето предложение за ""Signet"" пръстен, който може да носите всеки ден! Изключително комфортен дизайн изработен от 18 каратово злато с огледално монтиран 0.30 карата сапфир с произход Шри Ланка. От вътрешната страна на пръстена е изписано ""Thankful"", за да насочва енергията на своя притежател към най-висшата вибрация - благодарност. Размер 48; Подлежи на корекция;",,Efirgems > Продукти > Магия > Пръстен със Сапфир сърце - Магия - Efirgems,1618.24 EUR,"https://assets.efirgems.com/wp/uploads/2024/11/dsc07623.jpg,https://assets.efirgems.com/wp/uploads/2024/11/dsc07627-1.jpg,https://assets.efirgems.com/wp/uploads/2024/11/dsc08212-1-scaled.jpg,https://assets.efirgems.com/wp/uploads/2024/11/dsc07623-1024x1024.jpg"
https://efirgems.com/shop/prasten-s-rubin-i-diamanti/,Пръстен с Рубин и Диаманти,"Прекрасен пръстен с 0.92 карата рубин от Бирма и 0.16 карата диаманти VS/G. Изработен майсторски от 18 каратово бяло злато, ще блести за поколения напред. *Размер 54; Подлежи на корекция.",,Efirgems > Продукти > Магия > Пръстен с Рубин и Диаманти - Магия - Efirgems,1988.93 EUR,"https://assets.efirgems.com/wp/uploads/2024/11/dsc07443-1.jpg,https://assets.efirgems.com/wp/uploads/2024/11/dsc09244-2-scaled.jpg,https://assets.efirgems.com/wp/uploads/2024/11/dsc07443-1-1024x1024.jpg"
https://efirgems.com/shop/medalon-s-morganit-i-diamanti/,Медальон с Морганит и Диаманти,"Медальон с морганит и диаманти Вдъхновен от изящния силует на луксозно шише парфюм, този впечатляващ медальон въплъщава чиста изтънченост. Изработен от 18-каратово злато, той се отличава с овален 2.95 карата морганит – скъпоценен камък, известен със своя деликатен розов оттенък и 0.37 карата диаманти. Ореол от естествени диаманти обгръща централния камък, подчертавайки неговото нежно сияние. Морганитът принадлежи към семейството на берилите (като изумруд и аквамарин) и се цени високо заради изключителната си чистота и женствен цвят, за който се вярва, че привлича любов и радост в живота на притежателя му. Допълнете визията си с нежни обици с морганити и диаманти в комплект с висулката.",,Efirgems > Продукти > Колекции > Медальон с Морганит и Диаманти,2622.93 EUR,"https://assets.efirgems.com/wp/uploads/2025/06/efirgems2-2.jpg,https://assets.efirgems.com/wp/uploads/2025/07/facetune_30-06-2025-12-21-32-2-scaled.jpg,https://assets.efirgems.com/wp/uploads/2025/07/facetune_30-06-2025-12-37-54-scaled.jpg,https://assets.efirgems.com/wp/uploads/2025/07/dsc_5860-scaled.jpeg,https://assets.efirgems.com/wp/uploads/2025/06/efirgems2-2-1024x1024.jpg"
https://efirgems.com/shop/prasten-have-some-faith-sister-s-diamanti/,"Пръстен ""Have some faith, sister"" с диаманти","„Имай малко вяра, сестро“ – Пръстен от 18K злато с диаманти маркизи Made to order Фин и елегантен символ на вътрешната сила. Изработен от масивно 18-каратово злато и украсен с 4 бр блестящи диаманти с форма маркиза ~ 0.16ct, този пръстен е не просто бижу – той е тихо напомняне за доверие в божествения план. Съставен с думите „Имай малко вяра, сестро“, този пръстен е духовен амулет – шепот от Вселената, че всичко се развива точно така, както трябва. Независимо дали преминаваш през промяна, откриваш своя път или търсиш вътрешен мир, този пръстен е символ на хармония с Божията воля и законите на Вселената. Носи го като ежедневно напомняне или го подари на сестра по душа, която има нужда да знае: тя е закриляна, водена и никога не е сама. Ширина на халката - 9мм; комфортен профил; След като направите поръчката си, ще се свържем с Вас, за да уточним размер на пръстена и срок на изработка. Както всяко наше бижу и този дизайн може да бъде направен по поръчка с вашето персонално послание. Свържете се с нас, за да обсъдим детайлите.",,"Efirgems > Продукти > Бижута > Пръстен ""Have some faith, sister"" с диаманти",3062.64 EUR,"https://assets.efirgems.com/wp/uploads/2025/06/photoroom_20250626_111537-e1751135768505.jpeg,https://assets.efirgems.com/wp/uploads/2025/06/dsc07196-copy-2.jpg,https://assets.efirgems.com/wp/uploads/2025/07/dsc_5340-2-1-scaled.jpg,https://assets.efirgems.com/wp/uploads/2025/06/dsc07221-copy-scaled.jpg"
https://efirgems.com/shop/obici-slynce-i-luna/,Обици Слънце и Луна,"Обиците от колекцията са единствени по рода си, асиметрични, нежни и закачливи. Едната е във форма на полумесец, а другата изобразява слънце и двете са украсени с диаманти. Изработват се от 14 каратово злато. Слънцето е най-мощният символ на светлината, енергията, силата и божественото. Луната от друга страна олицетворява женствеността, интуицията и емоционалната дълбочина.",,Efirgems > Продукти > Слънце и луна > Обици Слънце и Луна - Слънце и луна - Efirgems,1750 EUR,"https://assets.efirgems.com/wp/uploads/2024/01/DSC4667-2-scaled.jpeg,https://assets.efirgems.com/wp/uploads/2024/01/DSC6760_alt-scaled.jpg,https://assets.efirgems.com/wp/uploads/2024/01/DSC6771_alt-scaled.jpg,https://assets.efirgems.com/wp/uploads/2024/01/DSC4667-2-1024x1024.jpeg"
https://biju03.com/zlaten-i-diamant-portret-na-prirodata-godezhen-prasten.html,Годежен пръстен-R/506,Класическия дизайн е съчетан с романтичен флорален мотив.,,Начало > Годежни пръстени > Препоръчана колекция > Годежен пръстен-R/506,,https://biju03.com/media/7/316.jpg
https://biju03.com/zlaten-chashkov-prasten-komplekt-s-byal-diamant.html,Годежен пръстен-R/532,"Класически пръстен за годеж, изящните пропорции подчертават блясъка на диаманта, а класическата форма му придава нюанс на тържественост. Част от нашата колекция традичионно изваяни пръстени.",,Начало > Годежни пръстени > Препоръчана колекция > Годежен пръстен-R/532,,https://biju03.com/media/7/244.jpg
https://biju03.com/zlatna-grivna-s-cherven-konetz-bezkrainost-.html,Златна гривна с червен конец ''Безкрайност'',"14 КТ ЖЪЛТО ЗЛАТО И ГРИВНА С ЧЕРВЕН КОНЕЦ Гривната""Безкрайност"" е с деликатна червена нишка.",,Начало > Идеи за подарък > Златни гривни с червен конец > Златна гривна с червен конец &#039;&#039;Безкрайност&#039;&#039;,,https://biju03.com/media/7/384.gif
https://biju03.com/zlatna-grivna-s-cherven-konetz-krast-.html,"Златна гривна с червен конец ""Кръст""","Гривната ""Кръст"" е изплетена с деликатна червена нишка. Размерът на гривната се регулира, според размера на китката.",,"Начало > Идеи за подарък > Златни гривни с червен конец > Златна гривна с червен конец ""Кръст""",,https://biju03.com/media/7/576.gif
https://biju03.com/ladies-and-mens-wedding-bands.html,Дамска и мъжка класически прави сватбени халки,"Красиви, висококачествени сватбени пръстени от жълто злато. Пръстените се предлагат в ширина 4 мм, 5 мм и 6 мм.",,Начало > Брачни халки > Дамска и мъжка класически прави сватбени халки,,https://biju03.com/media/7/553.jpg
https://biju03.com/damska-i-mazka-klasicheski-pravi-svatbeni-halki.html,Дамска и мъжка класически прави сватбени халки,"Красиви, висококачествени сватбени пръстени от бяло злато.",,Начало > Брачни халки > Дамска и мъжка класически прави сватбени халки,,https://biju03.com/media/7/445.gif
https://biju03.com/damska-i-mazka-klasicheski-mat-i-polirani-pravi-svatbeni-halki.html,Дамска и мъжка класически мат и полирани прави сватбени халки,"Красиви, висококачествени сватбени пръстени от бяло злато с матова и полирана повърхност. Пръстените се предлагат в ширина 4 мм и 5 мм.",,Начало > Брачни халки > Дамска и мъжка класически мат и полирани прави сватбени халки,,https://biju03.com/media/7/454.gif
https://biju03.com/brachna-halka-r-6524.html,Брачна халка R-6524,Ново!!! Сватбена халка от жълто злато. Модерен сватбен пръстен с заоблен профил - елегантна и модерна комбинация за всеки.,,Начало > Брачни халки > Брачна халка R-6524,,https://biju03.com/media/7/491.gif
https://biju03.com/godezen-prasten-4.html,Годежен пръстен-R/505,"С прости,елегантни линии този женствен пръстен е проектиран да бъде забелязан. Популярен е в съчетание с цветни диаманти и други скъпоценни камъни.",,Начало > Годежни пръстени > Препоръчана колекция > Годежен пръстен-R/505,,https://biju03.com/media/7/44.jpg
https://biju03.com/godezen-prasten-r-501.html,Годежен пръстен-R/501,"Диаманта е обвит в рамка от 14к полирано бяло злато, а контраста със въздушните сфери от жълто злато придават на този пръстен лекота и свежест.",,Начало > Годежни пръстени > Препоръчана колекция > Годежен пръстен-R/501,,https://biju03.com/media/7/507.gif
https://biju03.com/godezen-prasten-r-563.html,Годежен пръстен-R/563,"Модерен асиметричен с три заострени зъбчета. Изработен от злато и поставен диамант, квадратната лента на пръстена се стеснява и извива за да образува три зъбчета заършващи с драматичната v-образна точка на върха.",,Начало > Годежни пръстени > Препоръчана колекция > Годежен пръстен-R/563,,https://biju03.com/media/7/516.jpg
https://biju03.com/godezen-prasten-r-5010-6.html,Годежен пръстен-R/557,"Асиметричен пръстен от жълто злато и диамант. Изваян на ръка, този необикновен пръстен впечатлява с припокриващите си нежни извивки.",,Начало > Годежни пръстени > Препоръчана колекция > Годежен пръстен-R/557,,https://biju03.com/media/7/401.jpg
https://artefakti.eu/bg/shop/mini-bg/mini-obitzi/obitsi-krag-xl-2/,Обици Кръг XL,"Представяме ви нашите големи кръгли обици, изработени от висококачествено сребро 925. Тези обици са не само елегантни, но и изключително леки и удобни за носене през целия ден. Повърхността им е внимателно обработена в блестящ матов или патиниран блестящ матов финиш, което придава уникален вид. Всяка обица е ръчно изработена в нашето студио, гарантирайки внимание към детайла и високото качество на изработката.",,Начало > Лична: Магазин > MINI > Обици > Обици Кръг XL,90.00 EUR,https://artefakti.eu/wp-content/uploads/2025/02/IMG_4289-2-scaled.jpg
https://artefakti.eu/bg/shop/or-bg/or-prasteni/prasten-or/,Пръстен OR,"Пръстенът OR е изработен от сребро 925 и има регулируем размер, който можете лесно да коригирате сами. Много удобен, когато не сте сигурни в точния размер. Въпреки това, все пак е препоръчително първоначално да бъде настроен професионално в нашето студио на размер близък до необходимия.",,Начало > Лична: Магазин > OR > Пръстени > Пръстен OR,79.00 EUR,https://artefakti.eu/wp-content/uploads/2025/02/IMG_4546-3-scaled.jpg
https://artefakti.eu/bg/shop/mini-bg/mini-obitzi/obitsi-elipsa-m/,Обици Елипса M,,,Начало > Лична: Магазин > MINI > Обици > Обици Елипса M,45.00 EUR,https://artefakti.eu/wp-content/uploads/2019/04/earrings-lelipse-Lsilver-925-artefakti-jewelry.jpg
https://artefakti.eu/bg/shop/or-bg/or-kolieta/kolie-or/,Колие OR,"Колие OR, изработено от себърни пайети, които придават накита лек етно акцент. Дизайнът наподобява наниз от пендари/пайети. Всяко звено е свързано чрез три дупки, през които минава цветен конец, чиито цвят можете да изберете сами. Звената се застъпват , напомняйки люспите на риба, което добавя динамика и движение на колието. Този уникален дизайн съчетава традиционни елементи с съвременна естетика, правейки го идеален аксесоар за всеки повод. Ръчно изработено с внимание към детайла, всяко звено е създадено в нашето студио, гарантирайки високото качество на изработката. Освен цвета на конеца можете да изберате между блестящ матов финиш или патинирана блестяща матова повърхност",,Начало > Лична: Магазин > OR > Колиета > Колие OR,248.00 EUR,https://artefakti.eu/wp-content/uploads/2025/02/IMG_4818-1-scaled.jpg
https://artefakti.eu/bg/shop/gemi-bg/gemi-kolieta/kolie-gemi-rozov-kvarc-dvoyno/,Колие GEMI с два кристала розов кварц,"Това колие GEMI е изработено от два кристала розов кварц и сребърна верижка с дължина 70см, без закопчалка. Верижката е семпла и елегантна, а розовият кварц винаги е нежен и ефирен. Кристалите от колекция GEMI са ръчно шлифовани в ателието на ARTEFAKTI. Благодарение на това, всяко бижу е неповторимо и ще блести нежно върху всички твои тоалети.",,Начало > Лична: Магазин > GEMI > Колиета > Колие GEMI с два кристала розов кварц,79.00 EUR,https://artefakti.eu/wp-content/uploads/2017/03/ARTEFAKTI-jewelry-Gemi-necklace-double-rose-quartz-shiny-chain_1.jpg
https://artefakti.eu/bg/shop/gemi-bg/gemi-kolieta/kolie-gemi-rozov-kvarts/,Колие GEMI розов кварц,"Това колие GEMI е изработено от розов кварц и сребърна верижка с дължина 70см, без закопчалка. Верижката е семпла и елегантна, а розовият кварц винаги е нежен и ефирен. Кристалите от колекция GEMI са ръчно шлифовани в ателието на ARTEFAKTI. Благодарение на това, всяко бижу е неповторимо и ще блести нежно върху всички твои тоалети.",,Начало > Лична: Магазин > GEMI > Колиета > Колие GEMI розов кварц,79.00 EUR,https://artefakti.eu/wp-content/uploads/2017/03/ARTEFAKTI-jewelry-Gemi-necklace-rose-quartz-shiny-chain_5.jpg
https://artefakti.eu/bg/shop/gemi-bg/gemi-kolieta/kolie-gemi-onix/,Колие GEMI оникс,"Това колие GEMI е изработено от оникс и сребърна верижка с дължина 70см, без закопчалка. Верижката е нежна и елегантна, а ониксът ще допълни стила ти с капка мистериозност. Кристалите от колекция GEMI са ръчно шлифовани в ателието на ARTEFAKTI. Благодарение на това, всяко бижу е неповторимо и ще блести нежно върху всички твои тоалети.",,Начало > Лична: Магазин > GEMI > Колиета > Колие GEMI оникс,79.00 EUR,https://artefakti.eu/wp-content/uploads/2017/03/ARTEFAKTI-jewelry-Gemi-necklace-onix-shiny-chain_2.jpg
https://artefakti.eu/bg/shop/gemi-bg/gemi-kolieta/kolie-gemi-ametist-patina/,Колие GEMI аметист с патинарана сребърна верижка,"Това колие GEMI е изработено от аметист и патинирана сребърна верижка с дължина 70см, без закопчалка. Матовият блясък на аметиста и тъмната верижка се допълват чудесно. Кристалите от колекция GEMI са ръчно шлифовани в ателието на ARTEFAKTI. Благодарение на това, всяко бижу е неповторимо и ще блести нежно върху всички твои тоалети.",,Начало > Лична: Магазин > GEMI > Колиета > Колие GEMI аметист с патинарана сребърна верижка,90.00 EUR,https://artefakti.eu/wp-content/uploads/2017/03/ARTEFAKTI-jewelry-Gemi-necklaceamethystBlack-chain.jpg
https://artefakti.eu/bg/shop/cubi-bg/cubi-kolieta/kolie-cubi-oniks/,Масивно сребърно колие CUBI с мъниста от оникс,"Красотата, на масивното колие CUBI, се дължи на баланса между дискретния блясък на патинирания, сребърен наниз и гладката, матова повърхност на мънистата от оникс. Всеки сребърен елемент е ръчно изработен в нашето студио, от сребро 925 и завършен с деликатна графитена патина. Ръчно изработеният клипс се закопчава лесно и завършва елегантния вид на бижуто. Колието можеш да носиш както с бяла тениска и дънки, така и с елегантна вечерна рокля.",,Начало > Лична: Магазин > CUBI > Колиета > Масивно сребърно колие CUBI с мъниста от оникс,435.00 EUR,"https://artefakti.eu/wp-content/uploads/2026/02/El-Cubi-oniks.jpg,https://artefakti.eu/wp-content/uploads/2016/12/ARTEFAKTI-necklace-onixcubi-black-patina_2.jpg"
https://artefakti.eu/bg/shop/cubi-bg/cubi-obitzi/obici-shtift-cubic-m/,Обици Cubic M щифт,Всяко бижу в колекция CUBI е израбтено от триизмерни модулни части които създават отражения и игра със светлината. Повърхността е сурова и блестяща. Налични са с два вида финиш – блестящо бял или графитено черна патина.,,Начало > Лична: Магазин > CUBI > Обици > Обици Cubic M щифт,59.00 EUR,https://artefakti.eu/wp-content/uploads/2017/03/artefakti-cubi-earrings-m-e1739294709495.jpg
https://artefakti.eu/bg/shop/grad-bg/grad-prasteni/prysten-grad-cirkon/,Пръстен GRAD циркон,"Бижутата в колекция GRAD са дизайнирани около името на колекцията което в превод от латински означава – правя крачка напред. На снимките пръстен GRAD – сребро 925 блестящо бяло, циркон.",,Начало > Лична: Магазин > GRAD > Пръстени > Пръстен GRAD циркон,174.00 EUR,https://artefakti.eu/wp-content/uploads/2017/02/ARTEFAKTI-jewelry-ring-grad-zircon_3.jpg
https://artefakti.eu/bg/shop/picta-bg/picta-kragli-sapfir/,PICTA кръгли сапфир,"Обиците в колекция PICTA са изработени от среборо 925 в три форми, шест цвята стъклен емайл и два вида финиш – блестящо бяло или графитено черна патина. На снимките- кръгли със сапфирен цвят стъклен емайл, блестящо бяло сребро или графитено черна патина.",,Начало > Лична: Магазин > PICTA > PICTA кръгли сапфир,50.00 EUR,https://artefakti.eu/wp-content/uploads/2017/02/ARTEFAKTI-jewelry-Sapphire-enamel-earrings-picta-round-shiny-silver_10.jpg
https://artefakti.eu/bg/shop/mini-bg/mini-prasteni/prasten-ovalen-kamyk/,Пръстен Овален камък,"Нашите минималистични пръстени с естествени скъпоценни камъни са грижливо изработени от висококачествено бижутерско сребро 925 в нашето студио. Всяки пръстен е уникална и носи своя собствена красота благодарение на естествените камъни, които могат да варират леко по цвят и блясък. Предлагаме вариации с оливин, аметист и топаз – всеки от тях добавящ своята неповторима енергия към вашия стил. Възможно е изработване на пръстените и с други камъни по поръчка, за да отговорим на вашите индивидуални предпочитания. Насладете се на изяществото и елегантността на ръчно изработените ни бижута, които ще подчертаят вашата уникалност.",,Начало > Лична: Магазин > MINI > Пръстени > Пръстен Овален камък,90.00 EUR,https://artefakti.eu/wp-content/uploads/2025/03/oval-stone-sparkle-3x5-mm-artefakti-jewelry-silver-925-2025_6.jpg
https://artefakti.eu/bg/shop/mini-bg/mini-prasteni/prasten-round-stone-sparkle-s/,Пръстен Round Stone Sparkle S,,,Начало > Лична: Магазин > MINI > Пръстени > Пръстен Round Stone Sparkle S,75.00 EUR,https://artefakti.eu/wp-content/uploads/2025/03/Round-stone-sparkle-1.75-mm-artefakti-jewelry-silver-925-2025_2.jpg
https://artefakti.eu/bg/shop/mini-bg/mini-obitzi/obitsi-round-stone-sparkle-1-75/,Обици Round Stone Sparkle 1.75,,,Начало > Лична: Магазин > MINI > Обици > Обици Round Stone Sparkle 1.75,67.00 EUR,https://artefakti.eu/wp-content/uploads/2025/03/round-stone-sparkle-1.75mm-artefakti-jewelry-silver-925-2025.jpg
https://artefakti.eu/bg/shop/svatbeni/halki-naturalen-bliasak-paladiewo-bialo-zlato/,Халки Натурален Блясък 14к паладиево бяло злато,"Изработваме халките ръчно по поръчка. Възможни са различни персонализирани варианти както и изработка от бяло и жълто злато. Свържете се с нас за повече информация относно взимане на размери, срок на изпълнение и индивидуални решения.",,Начало > Лична: Магазин > Сватбени > Халки Натурален Блясък 14к паладиево бяло злато,2900.00 EUR,https://artefakti.eu/wp-content/uploads/2025/03/artefakti-bands-solid-paladium-white-gold2023_5.jpg
https://artefakti.eu/bg/shop/svatbeni/otnovo-zaedno-svatbeni-halki/,Отново заедно - сватбени халки,"Изработваме халките ръчно по поръчка. Възможни са различни персонализирани варианти както и изработка от бяло и жълто злато. Свържете се с нас за повече информация относно взимане на размери, срок на изпълнение и индивидуални решения.",,Начало > Лична: Магазин > Сватбени > Отново заедно &#8211; сватбени халки,3200.00 EUR,https://artefakti.eu/wp-content/uploads/2019/04/ARTEFAKTI-JEWELRY-wedding-bands-half-circle-18K-yellow-golg_1.jpg
https://artefakti.eu/bg/shop/svatbeni/brachni-halki-infinity/,Сватбени халки Безкраиност,"Изработваме халките ръчно по поръчка. Възможни са различни персонализирани варианти както и изработка от бяло и жълто злато. Свържете се с нас за повече информация относно взимане на размери, срок на изпълнение и индивидуални решения.",,Начало > Лична: Магазин > Сватбени > Сватбени халки Безкраиност,199.00 EUR,https://artefakti.eu/wp-content/uploads/2020/05/artefakti-jewelry-infiniti-wedding-bands-silver-925_1.jpg
https://artefakti.eu/bg/shop/svatbeni/klasicheski-halki-naturalen-bliasak/,Халки Натурален Блясък 18К,"Изработваме халките ръчно по поръчка. Възможни са различни персонализирани варианти както и изработка от бяло и жълто злато. Свържете се с нас за повече информация относно взимане на размери, срок на изпълнение и индивидуални решения.",,Начало > Лична: Магазин > Сватбени > Халки Натурален Блясък 18К,3300.00 EUR,https://artefakti.eu/wp-content/uploads/2025/03/artefakti-jewelry-solid-gold-750Wedding-Bands-hamered_5.jpg
https://adi-shoes.com/product/elegantni-damski-cherni-sandali-yasmin-ot-estestvena-koja-22250-4-blk,Елегантни черни дамски сандали Yasmin от естествена кожа,Български качествени дамски сандали на ток Yasmin от естествена кожа. Ръчна изработка по размери. Материали и цветове по избор на Adi-Shoes.com 📞 0897582878.,,Сандали,79.9 EUR,"https://adi-shoes.com/cdn/img/products/914/elegantni-damski-cerni-sandali-yasmin-ot-estestvena-koza-adi-shoes-67e69850b2bf1.jpeg?width=1920&height=1920&v=1777624244,https://adi-shoes.com/cdn/img/products/914/elegantni-damski-cerni-sandali-yasmin-ot-estestvena-koza-adi-shoes-67e69850b2bf1.jpeg?width=600&height=600&v=1777624244"
https://adi-shoes.com/product/elegantni-damski-bejovi-sandali-yasmin-ot-estestvena-koja-22250-4-bge-adi-shoes,Елегантни бежови дамски сандали Yasmin от естествена кожа,"Български елегантни дамски сандали с дебел ток Yasmin, произведени в гр. Пещера. Изработка по индивидуални размери! Малки и големи номера! 📞 0897582878",,Сандали,79.9 EUR,"https://adi-shoes.com/cdn/img/products/913/elegantni-damski-bezovi-sandali-yasmin-ot-estestvena-koza-adi-shoes-67e6909d5264d.jpeg?width=1920&height=1920&v=1777624248,https://adi-shoes.com/cdn/img/products/913/elegantni-damski-bezovi-sandali-yasmin-ot-estestvena-koza-adi-shoes-67e6909d5264d.jpeg?width=600&height=600&v=1777624248"
https://adi-shoes.com/product/elegantni-damski-sandali-abigail-ot-estestvena-koja-v-taupe-i-ays-42640-tpe-ice,Елегантни дамски сандали Abigail от естествена кожа в таупе и айс,"Елегантни дамски сандали на ток Abigail, произведени в гр. Пещера. Изработени от естествена кожа в таупе и айс. Сандали по поръчка! Adi-Shoes.com 📞 0897582878",,Сандали,79.9 EUR,"https://adi-shoes.com/cdn/img/products/897/elegantni-damski-sandali-abigail-ot-estestvena-koza-v-taupe-i-ajs-adi-shoes-6797440c8ceda.jpeg?width=1920&height=1920&v=1777624248,https://adi-shoes.com/cdn/img/products/897/elegantni-damski-sandali-abigail-ot-estestvena-koza-v-taupe-i-ajs-adi-shoes-6797440c8ceda.jpeg?width=600&height=600&v=1777624248"
https://adi-shoes.com/product/elegantni-damski-sandali-scarlett-ot-estestvena-koja-v-byal-i-cheren-cvyat-42445-wte-blk,Елегантни дамски сандали Scarlett от естествена кожа в бял и черен цвят,"Български елегантни дамски сандали Scarlett с нисък ток, произведени в гр. Пещера. Изработка по размери. Малки и големи номера. Съчетайте качество и стил от ADI",,Сандали,79.9 EUR,"https://adi-shoes.com/cdn/img/products/893/elegantni-damski-sandali-scarlett-ot-estestvena-koza-v-bal-i-ceren-cvat-67939dc398715.jpeg?width=1920&height=1920&v=1777624243,https://adi-shoes.com/cdn/img/products/893/elegantni-damski-sandali-scarlett-ot-estestvena-koza-v-bal-i-ceren-cvat-67939dc398715.jpeg?width=600&height=600&v=1777624243"
https://adi-shoes.com/product/elegantni-damski-obuvki-vili-ot-estestvena-koja-v-bejov-cvyat-31670-bge,Елегантни бежови дамски обувки Vili от естествена кожа,Качествени бежови дамски обувки Vili от естествена кожа. Ръчна изработка по размери. Производител на български обувки: Adi-Shoes.com 📞 0897582878,,Затворени обувки,84.9 EUR,"https://adi-shoes.com/cdn/img/products/93/elegantni-damski-obuvki-ot-estestvena-koza-v-bezov-cvat-64d5f72173e02.jpeg?width=1920&height=1920&v=1777624220,https://adi-shoes.com/cdn/img/products/93/elegantni-damski-obuvki-ot-estestvena-koza-v-bezov-cvat-64d5f72173e02.jpeg?width=600&height=600&v=1777624220"
https://adi-shoes.com/product/elegantni-damski-cherni-boti-jaklin-ot-estestvena-koja-13660-blk,Елегантни черни дамски боти Jaklin от естествена кожа,Разгледайте стилни дамски боти Jaklin от естествена кожа. Комфорт и елегантност със специален дизайн! Български производител на боти Adi-Shoes.com 📞 0897582878,,Боти,105 EUR,"https://adi-shoes.com/cdn/img/products/449/elegantni-damski-cerni-boti-ot-estestvena-koza-64f57de4d6485.jpeg?width=1920&height=1920&v=1777624231,https://adi-shoes.com/cdn/img/products/449/elegantni-damski-cerni-boti-ot-estestvena-koza-64f57de4d6485.jpeg?width=600&height=600&v=1777624231"
https://adi-shoes.com/product/elegantni-damski-cherni-boti-vivian-ot-estestvena-koja-03671-blk,Елегантни черни дамски боти Vivian от естествена кожа,Качествени дамски боти Vivian от естествена кожа в черно. Ръчна изработка по размери. Малки и големи номера. Цветове по избор на: Adi-Shoes.com 📞 0897582878,,Боти,95 EUR,"https://adi-shoes.com/cdn/img/products/468/elegantni-damski-cerni-boti-ot-estestvena-koza-64f5d5a5d820a.jpeg?width=1920&height=1920&v=1777624232,https://adi-shoes.com/cdn/img/products/468/elegantni-damski-cerni-boti-ot-estestvena-koza-64f5d5a5d820a.jpeg?width=600&height=600&v=1777624232"
https://adi-shoes.com/product/elegantni-damski-cherni-botushi-iveta-ot-estestvena-koja-03565-blk-k,Елегантни черни дамски ботуши Iveta от естествена кожа,"Открийте Iveta – луксозни дамски ботуши на среден ток, от естествена кожа в черно, произведени в България. Персонализирайте цвят и ток по желание! 📞0897582878",,Ботуши,145 EUR,"https://adi-shoes.com/cdn/img/products/579/elegantni-damski-cerni-botusi-ot-estestvena-koza-651fe0499fc4a.jpeg?width=1920&height=1920&v=1777624231,https://adi-shoes.com/cdn/img/products/579/elegantni-damski-cerni-botusi-ot-estestvena-koza-651fe0499fc4a.jpeg?width=600&height=600&v=1777624231"
https://adi-shoes.com/product/ejednevni-damski-beli-chehli-margo-ot-estestvena-koja-22202-wte,Ежедневни бели дамски чехли Margo от естествена кожа,"Български ежедневни дамски чехли Margo, произведени в гр. Пещера. Чудесен избор за ежедневието! Моделът е изработен от естествена кожа в бял цвят. Вътрешната част на чехлите - хастар и стелка, също са от естествена кожа. Изберете тези чехли и те определено ще ви станат любими! Чехлите може да бъдат изработени от материали и цветове по Ваше желание.",,Чехли,69.9 EUR,"https://adi-shoes.com/cdn/img/products/718/ezednevni-damski-beli-cehli-ot-estestvena-koza-6579a6e0c9209.jpeg?width=1920&height=1920&v=1777624243,https://adi-shoes.com/cdn/img/products/718/ezednevni-damski-beli-cehli-ot-estestvena-koza-6579a6e0c9209.jpeg?width=600&height=600&v=1777624243"
https://adi-shoes.com/product/elegantni-damski-sini-chehli-brenda-ot-estestvena-koja-12605-tblu,Елегантни сини дамски чехли Brenda от естествена кожа,"Български елегантни дамски чехли Brenda, произведени в гр. Пещера. Моделът е изработен от естествена кожа в син цвят. Вътрешната част на чехлите - хастар и стелка, също са от естествена кожа. Ходилото е удобно и съчетано с атрактивен ток на височина 6 см. Акцентът пада върху коланчето от естествена кожа с принт, завършено с ефектна катарама, придаваща един забележителен завършек. Вече няма нужда да правите компромис с удобството, за да бъдете елегантни! Чехлите може да бъдат изработени от материали, цветове и височина на тока по Ваше желание.",,Чехли,79.9 EUR,"https://adi-shoes.com/cdn/img/products/882/elegantni-damski-sini-cehli-brenda-ot-estestvena-koza-67923a61549cc.jpeg?width=1920&height=1920&v=1777624249,https://adi-shoes.com/cdn/img/products/882/elegantni-damski-sini-cehli-brenda-ot-estestvena-koza-67923a61549cc.jpeg?width=600&height=600&v=1777624249"
https://adi-shoes.com/product/elegantni-damski-bejovi-sandali-nora-ot-estestvena-koja-42645-bge-tpe,Елегантни дамски бежови сандали Nora от естествена кожа,Открийте комфорта с елегантни дамски сандали Nora от естествена кожа в бежов цвят. Качествени български сандали за вашия стил! Материали и цветове по избор!,,Сандали,79.9 EUR,"https://adi-shoes.com/cdn/img/products/888/elegantni-damski-bezovi-sandali-domenika-ot-estestvena-koza-679369b5b8281.jpeg?width=1920&height=1920&v=1777624244,https://adi-shoes.com/cdn/img/products/888/elegantni-damski-bezovi-sandali-domenika-ot-estestvena-koza-679369b5b8281.jpeg?width=600&height=600&v=1777624244"
https://adi-shoes.com/product/elegantni-damski-cherni-boti-molly-ot-estestvena-koja-adi-shoes,Елегантни черни дамски боти Molly от естествена кожа,Луксозни черни боти Molly от естествена кожа. Ръчна изработка по размери! Малки и големи номера! Боти българско производство от Adi-Shoes.com 📞0897582878,,Боти 6 см.,99 EUR,"https://adi-shoes.com/cdn/img/products/980/elegantni-cerni-damski-boti-molly-ot-estestvena-koza-image_69cbc15568edb.jpeg?width=1920&height=1920&v=1777624252,https://adi-shoes.com/cdn/img/products/980/elegantni-cerni-damski-boti-molly-ot-estestvena-koza-image_69cbc15568edb.jpeg?width=600&height=600&v=1777624252"
https://adi-shoes.com/product/elegantni-tamnosini-damski-botushi-raya-ot-estestvena-koja,Елегантни тъмносини дамски ботуши Raya от естествена кожа,"Български елегантни дамски ботуши Raya, произведени в гр. Пещера. Изцяло в стила на българската марка, изработени от естествена кожа в син цвят, с височина на тока 8 см. Омекотената стелка и комфортното ходило от термокаучук гарантират удобство през целия ден. Практичният цип от вътрешната страна помага за лесно обуване. Модел с изчистена визия, завършен с метален аксесоар. Изберете този чудесен модел за студените зимни дни!",,Топ цена до -70%,58 EUR,"https://adi-shoes.com/cdn/img/products/2117/elegantni-tamnosini-damski-botusi-raya-ot-estestvena-koza-6a8ff11ba8a1c.webp?width=1920&height=1920&v=1787818267,https://adi-shoes.com/cdn/img/products/2117/elegantni-tamnosini-damski-botusi-raya-ot-estestvena-koza-6a8ff11ba8a1c.webp?width=600&height=600&v=1787818267"
https://adi-shoes.com/product/elegantni-tamnokafyavi-damski-botushi-amalia-ot-estestvena-koja,Елегантни тъмнокафяви дамски ботуши Amalia от естествена кожа,"Български елегантни дамски ботуши Amalia, произведени в гр. Пещера. Моделът е изработен от естествена кожа в кафяв цвят, с височина на тока 8 см. Омекотената стелка и комфортното ходило от термокаучук гарантират удобство през целия ден. Бързото и практично обуване е решено с цип, разположен от вътрешната страна. За по-широк прасец е предвиден ластик в горната част на конча. Изберете този чудесен модел за студените зимни дни!",,Топ цена до -70%,58 EUR,"https://adi-shoes.com/cdn/img/products/2142/elegantni-tamnokafavi-damski-botusi-amalia-ot-estestvena-koza-6a9015aea6ef7.webp?width=1920&height=1920&v=1787827630,https://adi-shoes.com/cdn/img/products/2142/elegantni-tamnokafavi-damski-botusi-amalia-ot-estestvena-koza-6a9015aea6ef7.webp?width=600&height=600&v=1787827630"
https://adi-shoes.com/product/elegantni-damski-botushi-amalia-ot-estestvena-koja-v-cheren-cvyat-33700-blk-k,Елегантни дамски ботуши Amalia от естествена кожа в черен цвят,Разгледайте луксозни дамски ботуши Amalia в черен цвят. Комфорт и стил в ежедневието. Ботуши по поръчка! Изработка по размери! Открийте на Аdi-Shoes.com!,,Ботуши,145 EUR,"https://adi-shoes.com/cdn/img/products/578/elegantni-damski-botusi-ot-estestvena-koza-v-ceren-cvat-651fded2a79c4.jpeg?width=1920&height=1920&v=1777624230,https://adi-shoes.com/cdn/img/products/578/elegantni-damski-botusi-ot-estestvena-koza-v-ceren-cvat-651fded2a79c4.jpeg?width=600&height=600&v=1777624230"
https://adi-shoes.com/product/elegantni-damski-obuvki-ella-ot-estestvena-koja-v-cvyat-taba-adi-shoes,Елегантни дамски обувки Ella от естествена кожа в цвят таба,"Удобни дамски обувки на ток Ella в цвят таба, произведени в гр. Пещера. Изработваме по размери. Съчетайте качество и стил в едно на Adi-Shoes.com 📞 0897582878",,Затворени обувки,84.9 EUR,"https://adi-shoes.com/cdn/img/products/923/elegantni-damski-obuvki-ella-ot-estestvena-koza-v-cvat-taba-683599402ca34.jpeg?width=1920&height=1920&v=1777624247,https://adi-shoes.com/cdn/img/products/923/elegantni-damski-obuvki-ella-ot-estestvena-koza-v-cvat-taba-683599402ca34.jpeg?width=600&height=600&v=1777624247"
https://adi-shoes.com/product/elegantni-damski-obuvki-otvorena-peta-bianka-ot-estestvena-koja-v-pudra-21474-6-pdr,Елегантни дамски обувки – отворена пета Bianka от естествена кожа в пудра,"Български елегантни дамски обувки тип шанел – отворена пета Bianka, произведени в гр. Пещера. Моделът е изработен от естествена кожа и силикон в цвят пудра. Вътрешността на обувките - хастар и стелка, също са от естествена кожа. Височината на тока е 6 см., добре съобразена с натовареното женско ежедневие. Комфортното ходило от термокаучук и омекотената стелка гарантират за вашето удобство през целия ден. Заострената линия допринася за елегантната визия на обувките. Бързото и практично обуване е решено със специален ластик от вътрешната страна. Изберете този чудесен модел за Вашата стилна и завършена визия! Обувките могат да бъдат изработени от материали, цветове и височина на тока по Ваше желание.",,Обувки с отворена пета,84.9 EUR,"https://adi-shoes.com/cdn/img/products/235/elegantni-damski-obuvki-otvorena-peta-ot-estestvena-koza-v-pudra-64dc8fc4e1662.jpeg?width=1920&height=1920&v=1777624226,https://adi-shoes.com/cdn/img/products/235/elegantni-damski-obuvki-otvorena-peta-ot-estestvena-koza-v-pudra-64dc8fc4e1662.jpeg?width=600&height=600&v=1777624226"
https://adi-shoes.com/product/elegantni-damski-botushi-raya-ot-estestvena-koja-v-taupe-i-kafyavo-63636-brn-tpe,Елегантни дамски ботуши Raya от естествена кожа в таупе и кафяво,"Български качествени дамски ботуши от естествена кожа Raya, произведени в гр. Пещера. Малки и големи номера. Съчетайте качество и стил в едно на Adi-Shoes.com!",,Ботуши,145 EUR,"https://adi-shoes.com/cdn/img/products/528/elegantni-damski-botusi-raya-ot-estestvena-koza-v-taupe-i-kafavo-6576fae58d953.jpeg?width=1920&height=1920&v=1777624239,https://adi-shoes.com/cdn/img/products/528/elegantni-damski-botusi-raya-ot-estestvena-koza-v-taupe-i-kafavo-6576fae58d953.jpeg?width=600&height=600&v=1777624239"
https://adi-shoes.com/product/elegantni-damski-obuvki-otvorena-peta-andjela-ot-estestvena-koja-v-cheren-cvyat-21602-blk-kng,Елегантни дамски обувки – отворена пета Andjela от естествена кожа в черен цвят,"Открийте стилни дамски обувки Andjela с отворена пета, изработени от естествена кожа. Българско качество с елегантен дизайн и удобен 6см ток.",,Обувки с отворена пета,84.9 EUR,"https://adi-shoes.com/cdn/img/products/233/elegantni-damski-obuvki-otvorena-peta-ot-estestvena-koza-v-ceren-cvat-64dc8d2d7a478.jpeg?width=1920&height=1920&v=1777624225,https://adi-shoes.com/cdn/img/products/233/elegantni-damski-obuvki-otvorena-peta-ot-estestvena-koza-v-ceren-cvat-64dc8d2d7a478.jpeg?width=600&height=600&v=1777624225"
https://adi-shoes.com/product/elegantni-damski-obuvki-otvorena-peta-andjela-ot-estestvena-koja-v-lilav-cvyat-21602a-dlvd,Елегантни дамски обувки – отворена пета Andjela от естествена кожа в лилав цвят,"Български елегантни дамски обувки тип шанел – отворена пета Andjela, произведени в гр. Пещера. Моделът е изработен от естествена кожа в светлолиав цвят. Вътрешната част на обувките - хастар и стелка, също са от естествена кожа. Височината на тока е 6 см., добре съобразена с натовареното женско ежедневие. Комфортното ходило от термокаучук и омекотената стелка гарантират за вашето удобство през целият ден. Заострената линия допринася за елегантната визия на обувките. Акцентът пада върху нежния метален аксесоар, с който постигнахме един прекрасен завършек. Правилен избор, както за ежедневието, така и за официални поводи! Обувките могат да бъдат изработени от материали, цветове и височина на тока по Ваше желание.",,Обувки с отворена пета,84.9 EUR,"https://adi-shoes.com/cdn/img/products/226/elegantni-damski-obuvki-otvorena-peta-ot-estestvena-koza-v-lilav-cvat-64dc7b5a13231.jpeg?width=1920&height=1920&v=1777624223,https://adi-shoes.com/cdn/img/products/226/elegantni-damski-obuvki-otvorena-peta-ot-estestvena-koza-v-lilav-cvat-64dc7b5a13231.jpeg?width=600&height=600&v=1777624223"
https://adi-shoes.com/product/elegantni-damski-obuvki-otvorena-peta-carmen-ot-estestvena-koja-v-byal-cvyat,Елегантни дамски обувки – отворена пета Carmen от естествена кожа в бял цвят,"Български елегантни дамски обувки тип шанел – отворена пета Carmen, произведени в гр. Пещера. Моделът е изработен от естествена кожа в бял цвят. Вътрешността на обувките - хастар и стелка, също са от естествена кожа. Височината на тока е 6 см., добре съобразена с натовареното женско ежедневие. Комфортното ходило от термокаучук и омекотената стелка гарантират за вашето удобство през целия ден. Заострената линия допринася за елегантната визия на обувките. Бързото и практично обуване е решено със специален ластик от вътрешната страна. Нежните перли придават един забележителен акцент. Изберете този чудесен модел за Вашата стилна и завършена визия! Обувките може да бъдат изработени от материали, цветове и височина на тока по Ваше желание.",,Обувки с отворена пета,84.9 EUR,"https://adi-shoes.com/cdn/img/products/819/elegantni-damski-obuvki-otvorena-peta-carmen-ot-estestvena-koza-v-bal-cvat-adi-shoes-66e00b65447d5.jpeg?width=1920&height=1920&v=1777624245,https://adi-shoes.com/cdn/img/products/819/elegantni-damski-obuvki-otvorena-peta-carmen-ot-estestvena-koza-v-bal-cvat-adi-shoes-66e00b65447d5.jpeg?width=600&height=600&v=1777624245"
https://adi-shoes.com/product/ejednevni-srebristi-damski-chehli-margo-ot-estestvena-koja-adi-shoes,Ежедневни сребристи дамски чехли Margo от естествена кожа,"Български ежедневни дамски чехли Margo, произведени в гр. Пещера. Прекрасен избор за ежедневието! Моделът е изработен от естествена кожа в сребристи нюанси. Вътрешната част на чехлите – хастар и стелка, също са от естествена кожа. Изберете тези чехли и те определено ще ви станат любими! Чехлите могат да бъдат изработени от материали и цветове по Ваше желание.",,Чехли,69.9 EUR,"https://adi-shoes.com/cdn/img/products/1212/ezednevni-srebristi-damski-cehli-margo-ot-estestvena-koza-adi-shoes-6a4b61ac32859.jpeg?width=1920&height=1920&v=1783325100,https://adi-shoes.com/cdn/img/products/1212/ezednevni-srebristi-damski-cehli-margo-ot-estestvena-koza-adi-shoes-6a4b61ac32859.jpeg?width=600&height=600&v=1783325100"
https://shop.lenavelur.com/shop/kartodarjach-estestvena-koja/,Картодържач от естествена кожа,"Картодържачът е необходим аксесоар, за да организирате картите си, компактен и перфектен дори за най-малкия размер чанта. Практичен и удобен, с изчистен дизайн, в модерни цветове. Може да персонализирате по ваш избор с инициали или име. Този кожен аксесоар ще е перфектният подарък за Вас или любим човек. – Изработен от естествена кожа – Съдържа общо 7 отделения за карти, по 3 от двете си страни, както и отвор по средата. – Размер – 10х8 cm – Може да бъде персонализиран с лазерно гравиране на кожата Забележка: В показаните изображения на продуктите е възможно да има разминаване с реалните цветове поради различната визуализация на образите на различните устройства.",Естествена кожа,Home > Магазин > Аксесоари > Картодържач от естествена кожа,16.00 BGN,https://shop.lenavelur.com/wp-content/uploads/2024/03/0009.jpg
https://shop.lenavelur.com/shop/damski-chehli-estestvena-koja-kafevi/,Дамски чехли от естествена кожа,Забележка: В показаните изображения на продуктите е възможно да има разминаване с реалните цветове поради различната визуализация на образите на различните устройства.,Естествена кожа,Home > Магазин > Домашни чехли > Дамски чехли > Дамски чехли от естествена кожа,,https://shop.lenavelur.com/wp-content/uploads/2024/03/woman_0005-1.jpg
https://shop.lenavelur.com/shop/damski-chehli-estestvena-koja-cherveni/,Дамски чехли от естествена кожа,Забележка: В показаните изображения на продуктите е възможно да има разминаване с реалните цветове поради различната визуализация на образите на различните устройства.,Естествена кожа,Home > Магазин > Домашни чехли > Дамски чехли > Дамски чехли от естествена кожа,,https://shop.lenavelur.com/wp-content/uploads/2024/03/woman_0004.jpg
https://shop.lenavelur.com/shop/damski-chehli-estestvena-koja-cherni/,Дамски чехли от естествена кожа,Забележка: В показаните изображения на продуктите е възможно да има разминаване с реалните цветове поради различната визуализация на образите на различните устройства.,Естествена кожа,Home > Магазин > Домашни чехли > Дамски чехли > Дамски чехли от естествена кожа,,https://shop.lenavelur.com/wp-content/uploads/2024/03/woman_0003.jpg
https://shop.lenavelur.com/shop/majki-chehli-estestvena-koja-sivi/,Мъжки чехли от естествена кожа,Забележка: В показаните изображения на продуктите е възможно да има разминаване с реалните цветове поради различната визуализация на образите на различните устройства.,Естествена кожа,Home > Магазин > Домашни чехли > Мъжки чехли от естествена кожа,,https://shop.lenavelur.com/wp-content/uploads/2024/03/men_003-1.jpg
https://shop.lenavelur.com/shop/majki-chehli-estestvena-koja-cherni/,Мъжки чехли от естествена кожа,Забележка: В показаните изображения на продуктите е възможно да има разминаване с реалните цветове поради различната визуализация на образите на различните устройства.,Естествена кожа,Home > Магазин > Домашни чехли > Мъжки чехли от естествена кожа,,https://shop.lenavelur.com/wp-content/uploads/2024/03/men_002.jpg
https://shop.lenavelur.com/shop/majki-chehli-estestvena-koja-kafevi/,Мъжки чехли от естествена кожа,Забележка: В показаните изображения на продуктите е възможно да има разминаване с реалните цветове поради различната визуализация на образите на различните устройства.,Естествена кожа,Home > Магазин > Домашни чехли > Мъжки чехли от естествена кожа,,https://shop.lenavelur.com/wp-content/uploads/2024/03/men_001.jpg
https://shop.lenavelur.com/shop/vaucher-podarak/,Ваучер за подарък,"Онлайн магазин ЛЕНА ВЕЛУР Ви дава възможност да подарите ваучер на стойност, която Вие избирате! Едната страна на ваучера е чиста и може да напишете Вашите пожелания. Ваучерът се изпраща по куриер с наложен платеж за сметка на клиента. Посочената сума можете да заплатите по банков път или с наложен платеж към куриера. Срокът за усвояване на ваучера е 3 месеца от датата на закупуване! За повече информация не се колебайте да се свържете с нас на моб. тел.: 0887 55 49 20",,Home > Магазин > Ваучери > Ваучер за подарък,0.00 BGN,
https://shop.lenavelur.com/shop/majki-toplinki-estestvena-koja-kafevi/,Мъжки топлинки от естествена кожа,Забележка: В показаните изображения на продуктите е възможно да има разминаване с реалните цветове поради различната визуализация на образите на различните устройства.,Естествена кожа,Home > Магазин > Домашни топлинки > Мъжки топлинки от естествена кожа,,https://shop.lenavelur.com/wp-content/uploads/2024/03/men_0005.jpg
https://shop.lenavelur.com/shop/majki-toplinki-estestvena-koja-bejovi/,Мъжки топлинки от естествена кожа,Забележка: В показаните изображения на продуктите е възможно да има разминаване с реалните цветове поради различната визуализация на образите на различните устройства.,Естествена кожа,Home > Магазин > Домашни топлинки > Мъжки топлинки от естествена кожа,,https://shop.lenavelur.com/wp-content/uploads/2024/03/men_0004.jpg
https://shop.lenavelur.com/shop/detski-toplinki-estestvena-koja-bejovi/,Детски топлинки от естествена кожа,Забележка: В показаните изображения на продуктите е възможно да има разминаване с реалните цветове поради различната визуализация на образите на различните устройства.,Естествена кожа,Home > Магазин > Домашни топлинки > Детски топлинки от естествена кожа,,https://shop.lenavelur.com/wp-content/uploads/2024/03/kids_00003.jpg
https://shop.lenavelur.com/shop/detski-toplinki-estestvena-koja-kafevi/,Детски топлинки от естествена кожа,Забележка: В показаните изображения на продуктите е възможно да има разминаване с реалните цветове поради различната визуализация на образите на различните устройства.,,Home > Магазин > Домашни топлинки > Детски топлинки от естествена кожа,,https://shop.lenavelur.com/wp-content/uploads/2024/03/kids_0002.jpg
https://shop.lenavelur.com/shop/detski-toplinki-estestvena-koja-sini/,Детски топлинки от естествена кожа,Забележка: В показаните изображения на продуктите е възможно да има разминаване с реалните цветове поради различната визуализация на образите на различните устройства.,Естествена кожа,Home > Магазин > Домашни топлинки > Детски топлинки от естествена кожа,,https://shop.lenavelur.com/wp-content/uploads/2024/03/kids_0001.jpg
https://shop.lenavelur.com/shop/damski-toplinki-estestvena-koja-jalti/,Дамски топлинки от естествена кожа,Забележка: В показаните изображения на продуктите е възможно да има разминаване с реалните цветове поради различната визуализация на образите на различните устройства.,Естествен лак,Home > Магазин > Домашни топлинки > Дамски топлинки от естествена кожа,,https://shop.lenavelur.com/wp-content/uploads/2024/03/woman_0002.jpg
https://shop.lenavelur.com/shop/damski-toplinki-estestvena-koja-lilavi/,Дамски топлинки от естествена кожа,Забележка: В показаните изображения на продуктите е възможно да има разминаване с реалните цветове поради различната визуализация на образите на различните устройства.,Естествена кожа,Home > Магазин > Домашни топлинки > Дамски топлинки от естествена кожа,,https://shop.lenavelur.com/wp-content/uploads/2024/03/woman_0001-1.jpg
https://shop.lenavelur.com/shop/profesionalna-chanta-estestvena-koja-chervena/,Професионална чанта от PVC брезент за медицински принадлежности,"Два странични джоба с метална закопчалка Две дръжки за в ръка Една подвижна дълга дръжка с нараменник и катарама с 6 дупки за регулиране Затваря се с метална бравa Подсилено дъно, допълнителни метални крачета Разполага с едно основно голямо отделение, 2 големи джоба за системи, различни по големина банки и др. 4 реда с ластик за организиране на ампули, спринцовки и др. 8 малки джобчета за бинтове, памук, марли и др. Забележка: В показаните изображения на продуктите е възможно да има разминаване с реалните цветове поради различната визуализация на образите на различните устройства.",pvc брезент,Home > Магазин > Професионални чанти > Професионална чанта от PVC брезент за медицински принадлежности,85.00 BGN,https://shop.lenavelur.com/wp-content/uploads/2024/02/mk01.jpg
https://shop.lenavelur.com/shop/profesionalna-chanta-estestvena-koja-sinya/,Професионална чанта от PVC брезент за инструменти,"Два странични джоба с метална закопчалка Две дръжки за в ръка Една подвижна дълга дръжка с нараменник и катарама с 6 дупки за регулиране Затваря се с метална брава Подсилено дъно с допълнителни метални крачета Разполага с едно основно голямо отделение, заобиколено от всички страни с 22 джобчета за организиране на инструменти Забележка: В показаните изображения на продуктите е възможно да има разминаване с реалните цветове поради различната визуализация на образите на различните устройства.",pvc брезент,Home > Магазин > Професионални чанти > Професионална чанта от PVC брезент за инструменти,85.00 BGN,https://shop.lenavelur.com/wp-content/uploads/2024/02/ik01.jpg
https://shop.lenavelur.com/shop/universalna-patna-chanta-estestvena-koja-sak-bordo/,Универсална пътна чанта от естествена кожа,Две дръжки Външен джоб с цип Вътре едно основно отделение с малък джоб с цип Текстилна подплата Затваря се с двустранен цип и магнитни копчета Метални крачета за предпазване на дъното Аксесоар за информация при пътуване Забележка: В показаните изображения на продуктите е възможно да има разминаване с реалните цветове поради различната визуализация на образите на различните устройства.,Естествена кожа,Home > Магазин > Мъжки чанти > Универсална пътна чанта от естествена кожа,258.00 BGN,https://shop.lenavelur.com/wp-content/uploads/2024/03/r01.jpg
https://shop.lenavelur.com/shop/universalna-patna-chanta-estestvena-koja-sak-cherna/,Универсална пътна чанта от естествена кожа,Две дръжки Външен джоб с цип Вътре едно основно отделение с малък джоб с цип Текстилна подплата Затваря се с двустранен цип и магнитни копчета Метални крачета за предпазване на дъното Аксесоар за информация при пътуване Забележка: В показаните изображения на продуктите е възможно да има разминаване с реалните цветове поради различната визуализация на образите на различните устройства.,Естествена кожа,Home > Магазин > Мъжки чанти > Универсална пътна чанта от естествена кожа,258.00 BGN,https://shop.lenavelur.com/wp-content/uploads/2024/03/b01-1.jpg
https://shop.lenavelur.com/shop/majka-chanta-estestvena-koja-412-cherna/,Мъжка чанта от естествена кожа,"Дълга регулируема дръжка с нараменник – максимална дължина 150 см Заден външен джоб с цип Вътре едно основно отделение с допълнителни пет джоба Предната страна има четири джоба, от които един с цип и два с магнитно копче Чантата е с текстилна подплата Затваряне на капак с магнитно копче Забележка: В показаните изображения на продуктите е възможно да има разминаване с реалните цветове поради различната визуализация на образите на различните устройства.",Естествена кожа,Home > Магазин > Мъжки чанти > Мъжка чанта от естествена кожа,240.00 BGN,https://shop.lenavelur.com/wp-content/uploads/2024/03/01-9.jpg
https://shop.lenavelur.com/shop/biznes-chanta-estestvena-koja-155-cherna/,Бизнес чанта от естествена кожа,"Твърда дръжка за ръка Голям заден външен джоб с цип Вътрешност едно основно отделение, голям джоб с цип, три джобчета за карти, три отделения за химикали, един джоб за телефон Пришит държател за ключове Хастар от естествена кожа Затваряне на капак с метална закопчалка Забележка: В показаните изображения на продуктите е възможно да има разминаване с реалните цветове поради различната визуализация на образите на различните устройства.",Естествена кожа,Home > Магазин > Мъжки чанти > Бизнес чанта от естествена кожа,170.00 BGN,https://shop.lenavelur.com/wp-content/uploads/2024/03/01-6.jpg
https://shop.lenavelur.com/shop/majka-biznes-chanta-estestvena-koja-153-cherna/,Мъжка бизнес чанта от естествена кожа,"Твърда дръжка за ръка Дълга дръжка с нараменник, 6 дупки за регулиране, с катарама, мах 145 см – min 130 см. Може да се отделя от чантата. Голям заден външен джоб с цип Вътрешност – две основни отделения, в едното три джобчета за карти, три отделения за химикали, един джоб за телефон, джоб с цип и пришит държател за ключове. Преден джоб с изцяло разтваряне за документи А4, към него два джоба и един с цип Вътрешност от естествена кожа Затваряне на капак с метална закопчалка Забележка: В показаните изображения на продуктите е възможно да има разминаване с реалните цветове поради различната визуализация на образите на различните устройства.",Естествена кожа,Home > Магазин > Мъжки чанти > Мъжка бизнес чанта от естествена кожа,260.00 BGN,https://shop.lenavelur.com/wp-content/uploads/2024/03/01-5.jpg
https://shop.lenavelur.com/shop/majka-biznes-chanta-estestvena-koja-152-cherna/,Мъжка бизнес чанта от естествена кожа,"Твърда дръжка за ръка Дълга дръжка с подложка за рамо, 6 дупки за регулиране, с катарама, мах 145 см – min 130 см. Може да се отделя от чантата. Голям заден външен джоб с магнитно копче Вътрешност – две основни отделения, в едното три джобчета за карти, три отделения за химикали, един джоб за телефон, джоб с цип и пришит държател за ключове. Преден джоб с три отделения за документи А4, затваря се с магнитно копче Вътрешност от естествена кожа Затваряне на капак с метална закопчалка Забележка: В показаните изображения на продуктите е възможно да има разминаване с реалните цветове поради различната визуализация на образите на различните устройства.",Естествена кожа,Home > Магазин > Мъжки чанти > Мъжка бизнес чанта от естествена кожа,260.00 BGN,https://shop.lenavelur.com/wp-content/uploads/2024/03/01-4.jpg
https://shop.lenavelur.com/shop/majka-biznes-chanta-estestvena-koja-148a-cherna/,Мъжка бизнес чанта от естествена кожа,"Твърда дръжка за ръка Голям заден външен джоб с цип Вътрешност – едно основно отделение, джоб с цип, три джобчета за карти, три отделения за химикали, един джоб за телефон. Вътрешност от естествена кожа Затваряне на капак с метална закопчалка Забележка: В показаните изображения на продуктите е възможно да има разминаване с реалните цветове поради различната визуализация на образите на различните устройства.",Естествена кожа,Home > Магазин > Мъжки чанти > Мъжка бизнес чанта от естествена кожа,198.00 BGN,https://shop.lenavelur.com/wp-content/uploads/2024/03/01-3.jpg
https://shop.lenavelur.com/shop/damska-chanta-estestvena-koja-423-chervena/,Дамска чанта от естествена кожа,"Две дръжки за рамо Външен джоб с цип Вътрешност: три прегради, средната се затваря с цип Другите две се закопчават с магнитни копчета, в едната има джоб с цип, а в другата две джобчета Метални крачета, предпазващи дъното Чантата е с хастар Забележка: В показаните изображения на продуктите е възможно да има разминаване с реалните цветове поради различната визуализация на образите на различните устройства.",Естествена кожа,Home > Магазин > Дамски чанти > Дамска чанта от естествена кожа,182.00 BGN,https://shop.lenavelur.com/wp-content/uploads/vc01.jpg
https://shop.lenavelur.com/shop/damska-chanta-estestvena-koja-423-zelena/,Дамска чанта от естествена кожа,"Две дръжки за рамо Външен джоб с цип Вътрешност: три прегради, средната се затваря с цип Другите две се закопчават с магнитни копчета, в едната има джоб с цип, а в другата две джобчета Метални крачета, предпазващи дъното Чантата е с хастар Забележка: В показаните изображения на продуктите е възможно да има разминаване с реалните цветове поради различната визуализация на образите на различните устройства.",Естествена кожа,Home > Магазин > Дамски чанти > Дамска чанта от естествена кожа,182.00 BGN,https://shop.lenavelur.com/wp-content/uploads/hff01.jpg
https://shop.lenavelur.com/shop/damska-chanta-estestvena-koja-424-shargen-cherna/,Дамска чанта от естествена кожа,"Къса дръжка за носена в ръка Допълнителна регулируема дръжка - максимална дължина 140 см минимална 70 см Заден външен джоб Затваря се с капак, под който има и цип Вътрешност: Две основни отделения. Едното е с две пришити джобчета. Другото е джоб с цип. Разделящата преграда е джоб с цип Текстилна подплата Забележка: В показаните изображения на продуктите е възможно да има разминаване с реалните цветове поради различната визуализация на образите на различните устройства.",Естествена кожа,Home > Магазин > Дамски чанти > Дамска чанта от естествена кожа,168.00 BGN,https://shop.lenavelur.com/wp-content/uploads/bll_01.jpg
https://shop.lenavelur.com/shop/damska-chanta-estestvena-koja-424-bejova/,Дамска чанта от естествена кожа,"Къса дръжка за носена в ръка Допълнителна регулируема дръжка - максимална дължина 140 см минимална 70 см Заден външен джоб Затваря се с капак, под който има и цип Вътрешност: Две основни отделения. Едното е с две пришити джобчета. Другото е джоб с цип. Разделящата преграда е джоб с цип Текстилна подплата Забележка: В показаните изображения на продуктите е възможно да има разминаване с реалните цветове поради различната визуализация на образите на различните устройства.",Естествена кожа,Home > Магазин > Дамски чанти > Дамска чанта от естествена кожа,168.00 BGN,https://shop.lenavelur.com/wp-content/uploads/bj_01.jpg
https://shop.lenavelur.com/shop/damska-chanta-estestvena-koja-424-zelena/,Дамска чанта от естествена кожа,"Къса дръжка за носена в ръка Допълнителна регулируема дръжка - максимална дължина 140 см минимална 70 см Заден външен джоб Затваря се с капак, под който има и цип Вътрешност: Две основни отделения. Едното е с две пришити джобчета. Другото е джоб с цип. Разделящата преграда е джоб с цип Текстилна подплата Забележка: В показаните изображения на продуктите е възможно да има разминаване с реалните цветове поради различната визуализация на образите на различните устройства.",Естествена кожа,Home > Магазин > Дамски чанти > Дамска чанта от естествена кожа,168.00 BGN,https://shop.lenavelur.com/wp-content/uploads/gr_01.jpg
https://shop.lenavelur.com/shop/damska-chanta-estestvena-koja-424-tamno-sin/,Дамска чанта от естествена кожа,"Къса дръжка за носена в ръка Допълнителна регулируема дръжка - максимална дължина 140 см минимална 70 см Заден външен джоб Затваря се с капак, под който има и цип Вътрешност: Две основни отделения. Едното е с две пришити джобчета. Другото е джоб с цип. Разделящата преграда е джоб с цип Текстилна подплата Забележка: В показаните изображения на продуктите е възможно да има разминаване с реалните цветове поради различната визуализация на образите на различните устройства.",Естествена кожа,Home > Магазин > Дамски чанти > Дамска чанта от естествена кожа,168.00 BGN,https://shop.lenavelur.com/wp-content/uploads/2024/05/ed_01.jpg
https://shop.lenavelur.com/shop/damska-chanta-estestvena-koja-421-byala/,Дамска чанта/раница от естествена кожа,"Затваря се с капак с клипс Под капака се затваря с цип На гърба един джоб с цип Вътрешност: едно отделение с преграда тип джоб с цип, допълнителен джоб с цип, две пришити джобчета Чантата е с хастар Текстилна регулируема дръжка Забележка: В показаните изображения на продуктите е възможно да има разминаване с реалните цветове поради различната визуализация на образите на различните устройства.",Естествена кожа,Home > Магазин > Дамски чанти > Дамска чанта/раница от естествена кожа,168.00 BGN,https://shop.lenavelur.com/wp-content/uploads/2024/03/w_01.jpg
https://shop.lenavelur.com/shop/damska-chanta-tvarda-estestvena-koja-400-cherna/,Дамска чанта от твърда естествена кожа,"Две дръжки за рамо Затваря се с цип Вътрешност: Едно голямо основно отделение джоб и джоб с цип, които се затварят с магнитно копче Чантата е без хастар Забележка: В показаните изображения на продуктите е възможно да има разминаване с реалните цветове поради различната визуализация на образите на различните устройства.",Естествена кожа,Home > Магазин > Дамски чанти > Дамска чанта от твърда естествена кожа,154.00 BGN,https://shop.lenavelur.com/wp-content/uploads/2024/03/400_01.jpg
https://shop.lenavelur.com/shop/damska-chanta-estestvena-koja-429-cherna/,Дамска чанта от естествена кожа,"Две дръжки за рамо Затваря се с цип Вътрешност: Едно голямо основно отделение, един пришит голям джоб, един малък джоб с цип Пришит вътрешен държател за аксесоари и ключове Чантата е с хастар Забележка: В показаните изображения на продуктите е възможно да има разминаване с реалните цветове поради различната визуализация на образите на различните устройства.",Естествена кожа,Home > Магазин > Дамски чанти > Дамска чанта от естествена кожа,154.00 BGN,https://shop.lenavelur.com/wp-content/uploads/2024/03/BL_01.jpg
https://shop.lenavelur.com/shop/damska-chanta-estestvena-koja-429-siva/,Дамска чанта от естествена кожа,"Две дръжки за рамо Затваря се с цип Вътрешност: Едно голямо основно отделение, един пришит голям джоб, един малък джоб с цип Пришит вътрешен държател за аксесоари и ключове Чантата е с хастар Забележка: В показаните изображения на продуктите е възможно да има разминаване с реалните цветове поради различната визуализация на образите на различните устройства.",Естествена кожа,Home > Магазин > Дамски чанти > Дамска чанта от естествена кожа,154.00 BGN,https://shop.lenavelur.com/wp-content/uploads/2024/03/01-1.jpg
https://shop.lenavelur.com/shop/damska-chanta-estestvena-koja-428-jalta/,Дамска чанта от естествена кожа,"Две дръжки Закопчаване с магнитно копче Вътрешност: две основни отделения с преграда от естествена кожа, която е джоб с цип Чантата е без хастар Забележка: В показаните изображения на продуктите е възможно да има разминаване с реалните цветове поради различната визуализация на образите на различните устройства.",Естествена кожа,Home > Магазин > Дамски чанти > Дамска чанта от естествена кожа,154.00 BGN,https://shop.lenavelur.com/wp-content/uploads/2024/03/k01.jpg
https://shop.lenavelur.com/shop/damska-chanta-estestvena-koja-423-byala/,Дамска чанта от естествена кожа,"Две дръжки за рамо Външен джоб с цип Вътрешност: три прегради, средната се затваря с цип Другите две се закопчават с магнитни копчета, в едната има джоб с цип, а в другата две джобчета Метални крачета, предпазващи дъното Чантата е с хастар Забележка: В показаните изображения на продуктите е възможно да има разминаване с реалните цветове поради различната визуализация на образите на различните устройства.",Естествена кожа,Home > Магазин > Дамски чанти > Дамска чанта от естествена кожа,182.00 BGN,https://shop.lenavelur.com/wp-content/uploads/2024/03/hw01.jpg
https://shop.lenavelur.com/shop/malka-damska-ranica-estestvena-koja-105-jalta/,Малка дамска раница от естествена кожа,"Дълга дръжка с възможност за носене на едно рамо или на две рамена и къса за в ръката, предоставяйки различни стилове на носене Отвътре разполага с едно основно отделение, изпълнено от хастар с пришит джоб за телефон и джобче с цип Капакът на раничката може да бъде изработен с неправилна форма Забележка: В показаните изображения на продуктите е възможно да има разминаване с реалните цветове поради различната визуализация на образите на различните устройства.",Естествена кожа,Home > Магазин > Дамски чанти > Малка дамска раница от естествена кожа,154.00 BGN,https://shop.lenavelur.com/wp-content/uploads/2024/03/c01.jpg
https://shop.lenavelur.com/shop/knigorazdelitel-estestvena-koja-rachno-risuvan/,Книгоразделител от естествена кожа-ръчно рисуван,"Ръчно рисуван кожен книгоразделител, чрез прегаряне на кожата. Може да изберете модел - листа, пеперуди и етно мотиви. За повече въпроси не се колебайте да ни позвъните директно на тел: 0887 55 49 20 или e-mail: lenavelur@abv.bg.com Забележка: В показаните изображения на продуктите е възможно да има разминаване с реалните цветове поради различната визуализация на образите на различните устройства.",,Home > Магазин > Аксесоари > Книгоразделител от естествена кожа-ръчно рисуван,19.00 BGN,https://shop.lenavelur.com/wp-content/uploads/raz_8.jpg
https://shop.lenavelur.com/shop/kojena-podlojka-mishka/,Кожена подложка за мишка,"Подложка за мишка, изработена от 100% естествена телешка кожа. Материалът е устойчив на надраскване и гънки и придава на продуктите елегантен вид, който остава непроменен в продължение на много години. Направете продукта уникален и само „Ваш”. Добавете лого, име, инициали, дата или важна фраза. Направете личен подарък за любим човек с лазерно гравиране на кожата. Размери: 30 х 20 см. Забележка: В показаните изображения на продуктите е възможно да има разминаване с реалните цветове поради различната визуализация на образите на различните устройства.",Естествена кожа,Home > Магазин > Аксесоари > Кожена подложка за мишка,26.00 BGN,https://shop.lenavelur.com/wp-content/uploads/2024/03/07.jpg
https://shop.lenavelur.com/shop/klyuchodarjatel-lena/,Ключодържател Лена,"Височина- 7 см Дължина- 10 см Красив ключодържател от естествена кожа във формата на чантичка, който прибира ключовете и предпазва другите предмети в чантата ви от надраскване. Изработен в най-различни разцветки. Свържете се с нас за информация на налични цветове и бройки! Забележка: В показаните изображения на продуктите е възможно да има разминаване с реалните цветове поради различната визуализация на образите на различните устройства.",Естествена кожа,Home > Магазин > Аксесоари > Ключодържател Лена,18.00 BGN,https://shop.lenavelur.com/wp-content/uploads/2024/03/05.jpg
https://shop.lenavelur.com/shop/damski-majki-kolani/,Дамски и мъжки колани,Забележка: В показаните изображения на продуктите е възможно да има разминаване с реалните цветове поради различната визуализация на образите на различните устройства.,Естествена кожа,Home > Магазин > Аксесоари > Дамски и мъжки колани,,https://shop.lenavelur.com/wp-content/uploads/2024/03/10.jpg
https://shop.lenavelur.com/shop/stilen-kalaf-butilka/,Стилен калъф за бутилка,"Калъфът за бутилка от естествена кожа е стилен и функционален аксесоар, който не само предоставя защита на бутилката, но и придава изискан вид. Калъфът за вино е стилен подарък, подходящ за рожден ден, сватба, юбилей или други специални поводи. Персонализирайте с лого, инициали или специално послание. Свържете се с нас за информация на налични цветове и бройки! Бутилките и аксесоарите не са включени към модела. Забележка: В показаните изображения на продуктите е възможно да има разминаване с реалните цветове поради различната визуализация на образите на различните устройства.",Естествена кожа,Home > Магазин > Аксесоари > Стилен калъф за бутилка,44.00 BGN,https://shop.lenavelur.com/wp-content/uploads/2024/03/000008.jpg
https://shop.lenavelur.com/shop/pungiya-tyutyun/,Пунгия за тютюн,"Ръчно произведена пунгия от италианска естествена кожа, подходяща за съхранение на тютюн Забележка: В показаните изображения на продуктите е възможно да има разминаване с реалните цветове поради различната визуализация на образите на различните устройства.",Естествена кожа,Home > Магазин > Аксесоари > Пунгия за тютюн,22.00 BGN,https://shop.lenavelur.com/wp-content/uploads/2024/03/03_пунгия.jpg
https://shop.lenavelur.com/shop/chanta-luli/,Чанта за лули,"Голяма чанта от италианска естествена кожа за 5 броя лули. Отделенията са: - голям заден джоб с отделения за 5 броя лули, тампер, перца за почистване + кесия за тютюн – среден голям джоб – две малки предни джобчета. Лулите и аксесоарите не са включени към модела. Забележка: В показаните изображения на продуктите е възможно да има разминаване с реалните цветове поради различната визуализация на образите на различните устройства.",Естествена кожа,Home > Магазин > Аксесоари > Чанта за лули,220.00 BGN,https://shop.lenavelur.com/wp-content/uploads/2024/03/002.jpg
https://shop.lenavelur.com/shop/postavka-estestvena-koja-lula/,Поставка за лула от естествена кожа,Забележка: В показаните изображения на продуктите е възможно да има разминаване с реалните цветове поради различната визуализация на образите на различните устройства.,Естествена кожа,Home > Магазин > Аксесоари > Поставка за лула от естествена кожа,14.00 BGN,https://shop.lenavelur.com/wp-content/uploads/2024/03/03_поставка.jpg
https://nedistil.com/majki-kojeni-sandali/,Мъжки кожени сандали от естествена кожа | Размери 40–44,"Мъжки кожени сандали от естествена кожа с комфортна стелка, регулируема каишка и лека подметка. Подходящи за ежедневно носене.",,Мъжки Обувки &gt; Мъжки Сандали | Home > Мъжки Сандали > Мъжки кожени сандали от естествена кожа – Черни | Размери 40–44,,"https://nedistil.com/wp-content/uploads/2026/07/8471230e-8ae8-4a63-8974-7ed092e1a113.jpg,https://nedistil.com/wp-content/uploads/2026/07/f2931cab-fcab-4941-ae05-17d3189b7c6b.jpg,https://nedistil.com/wp-content/uploads/2026/07/1966fb90-e083-4ceb-a03b-4fc99e48cb22.jpg"
https://nedistil.com/27660-brown/,27660 Brown - Неди Стил,,,Мъжки Обувки &gt; Мъжки Сандали | Home > Мъжки Сандали > 27660 Brown,,https://nedistil.com/wp-content/uploads/2025/09/069a0fef-5b5c-4817-80ca-bfd63e493f12_1.jpg
https://nedistil.com/27670-brown-avocado/,27670 Brown & Avocado - Неди Стил,,,Мъжки Обувки &gt; Мъжки Сандали | Home > Мъжки Сандали > 27670 Brown &#038; Avocado,,https://nedistil.com/wp-content/uploads/2025/09/8cc05533-dace-4eba-a24a-57a63b4bc7ca_2.jpg
https://nedistil.com/27680-brown-avocado/,27680 Brown - Неди Стил,,,Мъжки Обувки &gt; Мъжки Сандали | Home > Мъжки Сандали > 27680 Brown,,https://nedistil.com/wp-content/uploads/2025/09/d2c0e17a-c28d-4473-8326-7249cbfe3d27.jpg
https://nedistil.com/27660-black/,27660 Black - Неди Стил,,,Мъжки Обувки &gt; Мъжки Сандали | Home > Мъжки Сандали > 27660 Black,,https://nedistil.com/wp-content/uploads/2025/09/02d4ce5d-2631-47ce-acae-564d51eb691b_2.jpg
https://nedistil.com/27670-black/,27670 Black - Неди Стил,,,Мъжки Обувки &gt; Мъжки Сандали | Home > Мъжки Сандали > 27670 Black,,https://nedistil.com/wp-content/uploads/2025/09/6ef1ac1d-35ca-4195-a6ee-96d773340ba1_2.jpg
https://nedistil.com/elegantni-muzhki-kozeni-boti/,Елегантни мъжки кожени боти от естествена кожа – класически модел,"📌 Характеристики: ✔ Материал: Естествена гладка кожа ✔ Цвят: Черен/ Тъмно- кафяв ✔ Закопчаване: Връзки + страничен цип ✔ Подплата: Мека и топла текстилна ✔ Стил: Класически / Елегантен / Бизнес ✔ Подходящи за: Есен, зима и пролет",,Мъжки Обувки &gt; Мъжки Ботуши | Home > Мъжки Ботуши > Елегантни мъжки кожени боти Elegant Zip 03,,"https://nedistil.com/wp-content/uploads/2026/01/3fec684c-203e-47b2-90be-62d1ac8e99c9-1.jpg,https://nedistil.com/wp-content/uploads/2026/01/a22d8dac-cc85-4afe-8fc3-617366b1a12d.jpg,https://nedistil.com/wp-content/uploads/2026/01/678b7470-cecb-4fff-b6d4-c3a2a90d822a.jpg,https://nedistil.com/wp-content/uploads/2026/01/9efb6ebd-b5c1-481f-a838-583930097daf.jpg,https://nedistil.com/wp-content/uploads/2026/01/08a00bf1-ab04-4811-bd19-c9810954d798.jpg,https://nedistil.com/wp-content/uploads/2026/01/0f480bea-2fdb-4293-8684-575b9f48b063.jpg,https://nedistil.com/wp-content/uploads/2026/01/ce7e958a-b0d2-488a-9ebc-3b56d364a4f6.jpg,https://nedistil.com/wp-content/uploads/2026/01/0375be10-6101-49f2-8ed4-aad266c2f9c7.jpg"
https://nedistil.com/mzhki-ofitsialni-derbi-obuvki-2123-мъжкиобувки-луксозниобувки-к/,Мъжки официални дерби обувки 2123 - #мъжкиобувки #луксозниобувки #кожениобувки #официалниобувки #бизнесстил #елегантниобувки #естественакожа #мъжкамода #официаленстил #дербиобувки,"Изберете нашите мъжки официални дерби обувки 2123, изработени от 100% естествена кожа. Перфектни за бизнес стил и елегантни поводи. #мъжкиобувки #луксозниобувки #кожениобувки #официалниобувки #бизнесстил #елегантниобувки #естественакожа #мъжкамода #официаленстил #дербиобувки",,Мъжки Обувки &gt; Официални Мъжки Обувки | Home > Официални Мъжки Обувки > Мъжки официални обувки Derby 2123,,"https://nedistil.com/wp-content/uploads/2026/01/f2a11066-0250-407d-8b54-3b665df089fe.jpg,https://nedistil.com/wp-content/uploads/2026/01/11c0aadf-1082-4729-a0f4-a0ec917a9718.jpg,https://nedistil.com/wp-content/uploads/2026/01/97e18b90-8137-4758-a8f1-172d0b9848d4.jpg,https://nedistil.com/wp-content/uploads/2026/01/bc41dd5f-800c-4ec5-bd0c-e59c3d338bff.jpg,https://nedistil.com/wp-content/uploads/2026/01/02baf47d-e76f-45b5-a484-5692fb6d82e5.jpg,https://nedistil.com/wp-content/uploads/2026/01/21e90470-0515-45a2-9024-88e93063fe0b.jpg,https://nedistil.com/wp-content/uploads/2026/01/b8065fb3-803f-4438-adcd-6ebf23b1270a.jpg,https://nedistil.com/wp-content/uploads/2026/01/9a795301-3888-4a34-851b-bbc697814872.jpg"
https://nedistil.com/10973-lupe-grey-nubuck/,10973/ Lupe Grey Nubuck - Неди Стил,,,Мъжки Обувки &gt; Мъжки Ботуши | Home > Мъжки Ботуши > 10973/ Lupe Grey Nubuck,,"https://nedistil.com/wp-content/uploads/2025/10/e3e5934b-e9c1-4f23-b4f7-f8218a111146.jpg,https://nedistil.com/wp-content/uploads/2025/10/ba5d19a5-e557-4670-ad40-af16c35e5c19.jpg,https://nedistil.com/wp-content/uploads/2025/10/e9ecc1fe-bcfe-4112-a456-67959764f102.jpg"
https://nedistil.com/cherrish/,Cherrish - Неди Стил,,,Чанти и Раници &gt; Дамски Чанти | Home > Дамски Чанти > Cherrish,91.52 EUR,https://nedistil.com/wp-content/uploads/2026/03/cc8a069b-4b7f-4ae1-b172-63a03948a5a3.jpg
https://nedistil.com/neds-13/,NedS - Неди Стил,"Дамска чанта тип торба, текстил, 48 x 33 cм.",,Чанти и Раници &gt; Дамски Чанти | Home > Дамски Чанти > NedS,15.34 EUR,https://nedistil.com/wp-content/uploads/2025/06/Messenger_creation_01E2334D-A8E0-4384-9E40-1937B5DF98C8.jpeg
https://nedistil.com/struzzo-grey/,Struzzo Grey - Неди Стил,,,Чанти и Раници &gt; Дамски Чанти | Home > Дамски Чанти > Struzzo Grey,117.60 EUR,"https://nedistil.com/wp-content/uploads/2025/01/Messenger_creation_0B8EF319-6296-4115-AC35-B6E43E310D79.jpeg,https://nedistil.com/wp-content/uploads/2025/01/Messenger_creation_F8CF0759-9DBE-4598-9069-0925A97433FF.jpeg"
https://nedistil.com/banana/,Banana - Неди Стил,,,Чанти и Раници &gt; Дамски Чанти | Home > Дамски Чанти > Banana,53.69 EUR,"https://nedistil.com/wp-content/uploads/2025/01/Messenger_creation_1BCFA436-C9F9-4FD2-B7B6-A70338E119B1.jpeg,https://nedistil.com/wp-content/uploads/2025/01/Messenger_creation_FFB6DFE4-DF17-4744-B516-95EAF0802A5E.jpeg"
https://nedistil.com/bag-autumn-24/,Bag Autumn 24 - Неди Стил,,,Чанти и Раници &gt; Дамски Чанти | Home > Дамски Чанти > Bag Autumn 24,101.75 EUR,"https://nedistil.com/wp-content/uploads/2024/11/Messenger_creation_590B7931-2EE4-4A5F-A065-32DD3066C3DF.jpeg,https://nedistil.com/wp-content/uploads/2024/11/Messenger_creation_28037E87-7E43-42DA-971F-FBD72AD8A83D.jpeg,https://nedistil.com/wp-content/uploads/2024/11/Messenger_creation_B7495C37-CCFA-4A32-BC12-7E37396A6C7E.jpeg,https://nedistil.com/wp-content/uploads/2024/11/Messenger_creation_C59AA451-CCEA-4273-8A7F-24D581CBE0C2.jpeg,https://nedistil.com/wp-content/uploads/2024/11/Messenger_creation_590B7931-2EE4-4A5F-A065-32DD3066C3DF-768x1024.jpeg"
https://nedistil.com/women-solo/,Women Solo - Неди Стил,,,Дамски Обувки &gt; Дамски Ботуши | Home > Дамски Ботуши > Women Solo,,"https://nedistil.com/wp-content/uploads/2024/01/20240105_135111-1-scaled.jpg,https://nedistil.com/wp-content/uploads/2024/01/20240105_135156-1-scaled.jpg,https://nedistil.com/wp-content/uploads/2024/01/20240105_135047-1-scaled.jpg,https://nedistil.com/wp-content/uploads/2024/01/20240105_135111-1-478x1024.jpg"
https://nedistil.com/ajurni-kafyavi-balerinki/,Ажурни кафяви балеринки с камъчета | Размери 36–40,"Ажурни кафяви балеринки с декоративни камъчета, регулируеми каишки и удобна конструкция.",,Дамски Обувки &gt; Дамски Мокасини | Home > Дамски Мокасини > Ажурни кафяви балеринки с декоративни камъчета | Размери 36–40,,"https://nedistil.com/wp-content/uploads/2026/07/d65a92f4-c158-4ad6-8e66-a75ce9dece61.jpg,https://nedistil.com/wp-content/uploads/2026/07/3d06da09-5a13-4ed4-83d0-26e4c6dd3883.jpg,https://nedistil.com/wp-content/uploads/2026/07/18511557-e033-4c11-93aa-e876ac6d06ed.jpg,https://nedistil.com/wp-content/uploads/2026/07/9d63fa8a-21e3-4158-968e-3697d3118e16.jpg,https://nedistil.com/wp-content/uploads/2026/07/13a15ef1-9048-4c5b-8f6f-b44743c588d9.jpg,https://nedistil.com/wp-content/uploads/2026/07/e2b40887-9b7d-422a-920a-2761681a8f2f.jpg"
https://nedistil.com/дамски-сандали-air-weave-premium-лекота-комфорт-и/,"Дамски сандали Air Weave Premium – Лекота, комфорт и елегантнос - Неди Стил","Изключително леки и стилни дамски сандали тип slingback с модерна плетена визия и ефектен мозаечен финиш. Създадени за максимален комфорт през топлите дни, като съчетават елегантност, лекота и отлична вентилация.",,"Дамски Обувки &gt; Дамски Мокасини | Home > Дамски Мокасини > Дамски сандали Air Weave Premium – Лекота, комфорт и елегантнос",,"https://nedistil.com/wp-content/uploads/2026/06/9e03e9bc-53ec-41c7-b054-9fd84df48a6f.jpg,https://nedistil.com/wp-content/uploads/2026/06/f1d0d4dd-34ee-4d70-86b0-c5eae60bfbba.jpg,https://nedistil.com/wp-content/uploads/2026/06/8077652e-27ab-4cd0-907a-9103f9795793.jpg,https://nedistil.com/wp-content/uploads/2026/06/0d5f46db-e861-4b36-bd9c-a4a4800a40c5.jpg,https://nedistil.com/wp-content/uploads/2026/06/c4468c69-8366-4dea-a179-4d6cbe3201fa.jpg,https://nedistil.com/wp-content/uploads/2026/06/90a8d88f-7c36-4e7a-92e3-0212ae9e1221.jpg"
https://nedistil.com/дамски-мокасини-luxury-mosaic-premium-edition/,Дамски мокасини Luxury Mosaic – Premium Edition - Неди Стил,"Елегантни дамски мокасини с впечатляващ мозаечен ефект и луксозен метален аксесоар. Създадени за дамите, които търсят комфорт, стил и модерна визия в едно. Идеален избор както за ежедневието, така и за специални поводи.",,Дамски Обувки &gt; Дамски Мокасини | Home > Дамски Мокасини > Дамски мокасини Luxury Mosaic – Premium Edition,,"https://nedistil.com/wp-content/uploads/2026/06/aff6e352-e8b2-487c-a434-554a05514620.jpg,https://nedistil.com/wp-content/uploads/2026/06/d17f083d-61d0-4aec-b898-baf55fc4c29f.jpg,https://nedistil.com/wp-content/uploads/2026/06/37eac84b-de11-4854-bf71-89a7c23507bd.jpg,https://nedistil.com/wp-content/uploads/2026/06/b96250fc-a77b-446c-a701-a2fb3635d27a.jpg,https://nedistil.com/wp-content/uploads/2026/06/db104ff4-b132-484c-89cc-9e1861dc33b3.jpg,https://nedistil.com/wp-content/uploads/2026/06/0ccf89ab-a20b-46e3-be22-077b49c1fd18.jpg,https://nedistil.com/wp-content/uploads/2026/06/d1fccd5a-49b0-4386-bfe4-6c1472ad28ec.jpg,https://nedistil.com/wp-content/uploads/2026/06/9930e8f7-6072-4f9d-8812-ad7443c905c6.jpg"
https://nedistil.com/sc-blue/,SC Blue - Неди Стил,Летни/ пролетни обувки. Дамски мокасини от естествена кожа в бледо синьо. Изключително леки и меки. Ток с височина 1 см.,,Пролет – Лято 2025 | Home > Пролет – Лято 2025 > SC Blue,,https://nedistil.com/wp-content/uploads/2025/05/Messenger_creation_8399C29A-292B-4281-82B5-95219E05E456.jpeg
https://nedistil.com/sc-beige/,SC Marmo - Неди Стил,Летни/ пролетни обувки. Дамски мокасини от естествена кожа в Marmo цвят. Изключително леки и меки. Ток с височина 1 см.,,Пролет – Лято 2025 | Home > Пролет – Лято 2025 > SC Marmo,,"https://nedistil.com/wp-content/uploads/2025/05/Messenger_creation_07C0CB94-4F07-46E9-A4F3-EE3C32EC3A1C.jpeg,https://nedistil.com/wp-content/uploads/2025/05/Messenger_creation_6C1A0DE7-4544-4952-96F4-F20115D5D0A8.jpeg"
https://www.cavalerbg.com/c/mzhki-maratonki-22/mzhki-maratonki-estestvena-kozha-byalo-sivo-2471,Мъжки маратонки естествена кожа в бяло и сиво,"Мъжки маратонки от естествена кожа – идеалният избор за стил, комфорт и качество. Тези обувки съчетават висококачествени материали и внимание към детайла, за да осигурят на вашите крака усещане за комфорт през целия ден. Благодарение на специално подбраните материали и модерен дизайн, тези мъжки маратонки от естествена кожа се превръщат в задължителен аксесоар за всяка модерна визия.Удобство и стил с маратонки от естествена кожаМъжките маратонки от естествена кожа не са просто обувки – те са символ на стил и изисканост. Естествената кожа осигурява не само висока издръжливост, но и изключителна мекота и комфорт. С тези обувки вие ще можете да се чувствате удобно както при дълги разходки, така и при ежедневни дейности. Материалите, използвани при производството на тези маратонки, позволяват на кожата на краката да „диша“, което предотвратява неприятната миризма и предпазва от преовлажняване. Тази естествена кожа придава на маратонките висококачествен завършек, който ще впечатли всеки, който търси идеалния баланс между удобство и елегантен външен вид.Перфектният завършек за всяка визияС модерния си дизайн, мъжките маратонки от естествена кожа са подходящи за всякакви случаи – от небрежен стил до по-официални събития. Тези обувки ще допълнят перфектно както ежедневния, така и спортно-елегантния ви гардероб. Създадени с внимание към модните тенденции и нуждите на съвременния мъж, тези маратонки съчетават функционалност и естетика.Важно: Този модел е уголемен с един размер, затова препоръчваме да изберете размер по-малък от обичайния, за да получите идеалното прилягане. С този избор ще се радвате на перфектна комбинация от стил и комфорт, без компромис в качеството.",,Мъжки маратонки,56.00 BGN,https://www.cavalerbg.com/uploads/2021/02/ded59db0266ac168a5d843e92e1ead4e.png
https://www.cavalerbg.com/c/nova-kolekciya-18/mzhki-oficialni-obuvki-lastik-perforaciya-2378,Мъжки официални обувки с ластик и перфорация,"Мъжки официални обувки: Идеалният избор за елегантен стилКогато става въпрос за мъжки официални обувки, елегантността и комфортът са от съществено значение. Представяме ви нашите нови черни мъжки официални обувки, които ще бъдат чудесно допълнение към вашата официална визия. Тези обувки не само изглеждат изключително стилно, но също така предлагат високо ниво на удобство.Изработени от висококачествена естествена кожа, тези мъжки официални обувки са създадени, за да устоят на времето и да предоставят безупречен вид. Естествената кожа не само добавя елегантност, но и осигурява дишаща среда за краката, което е особено важно при продължително носене. Луксозният хастар от качествени материали допълва усещането за мекота и комфорт, позволявайки ви да се чувствате уверени и добре през целия ден.Уникалният дизайн на обувките е подсилен от перфорацията, която разчупва класическия стил и придава модерен вид. Тази ефектна перфорация не само добавя интересен визуален елемент, но също така спомага за вентилацията, което е ключово за комфортното носене. Ластикът, включен в дизайна, осигурява лесно обуване, което е особено удобно в динамичния градски живот.Комбинирайте тези мъжки официални обувки с класически костюм за специални поводи или с по-ежедневни комбинации за бизнес срещи. Независимо от случая, те ще добавят нотка на стил и елегантност към всяка визия.Не подценявайте значението на качествените обувки в своя гардероб. Изберете нашите черни мъжки официални обувки и се уверете, че сте подготвени за всякакви ситуации, без да правите компромис с комфорта или стилa. Възползвайте се от възможността да инвестирате в обувки, които ще ви служат дълго време и ще допринесат за вашето изискано представяне.Не чакайте повече! Открийте нашите мъжки официални обувки сега и се потопете в света на елегантността и комфорта!",,Нова колекция,50.00 BGN,https://www.cavalerbg.com/uploads/2019/04/776c7721dfa1c44db4d98e5a94b20a4e.jpg
https://www.cavalerbg.com/c/turisticheski-obuvki-16/zimni-turisticheski-obuvki-kafyavo-2553,Зимни туристически обувки в кафяво,"Зимните туристически обувки в кафяво са перфектен избор както за планински приключения, така и за ежедневни разходки в зимните условия на града. Тези обувки съчетават висококачествени материали и модерни технологии, за да ви осигурят максимален комфорт и защита през студените месеци. Със своя стилен дизайн и практични характеристики, те са идеалното допълнение към вашата зимна екипировка.Висококачествени материали за максимална издръжливостТуристическите обувки са изработени от хидрофобизирана естествена кожа и хидрофобизиран текстил, които осигуряват отлична защита срещу вода и влага. Тези материали не само запазват краката ви сухи, но също така предоставят изключителна издръжливост и устойчивост на износване. Височината на саята в областта на глезена гарантира допълнителна стабилност при ходене, което е особено важно при неравни терени или хлъзгави повърхности.Комфорт и защита при всякакви условияОбувките са оборудвани с вътрешна подплата от дишаща и водоустойчива TEHNOTEX мембрана, която позволява на краката ви да дишат, докато ги предпазва от проникване на влага. Допълнително, антибактериалният и износоустойчив текстил осигурява дълготраен комфорт и свежест. Ходилата на обувките са директно инжектирани с двукомпонентен полиуретан за допълнителна мекота и комфорт, докато външният слой от износоустойчива гума е проектиран с шок абсорбер в областта на петата, което осигурява допълнителна защита при интензивни натоварвания.Основни характеристики на зимните туристически обувкиВодоустойчиви: Защитете краката си от влага и студ, независимо от времето навън.Противохлъзгащи: Сигурно сцепление на всякакви повърхности, включително мокри и заледени.Износоустойчиви: Дълготрайна издръжливост дори при интензивна употреба.Антистатични: Елиминиране на статичното електричество за по-голям комфорт.Система за климатизация: Поддържа краката ви сухи и комфортни, независимо от интензивността на движение.Хидрофобизиран текстил и естествена кожа: Защита от вода и издръжливост във времето.Предпазна мрежа: Допълнителна защита и устойчивост.Шок абсорбер в областта на петата: Намалява напрежението и умората при продължително ходене.Тези зимни туристически обувки са произведени в България, което гарантира високо качество и внимание към детайла. Съчетавайки традиционни техники с модерни технологии, те предлагат наистина уникално преживяване при носене. Независимо дали сте на планински преход или просто се разхождате из зимния град, тези обувки ще ви осигурят комфорт и защита през целия ден.",,Туристически обувки,97.00 BGN,https://www.cavalerbg.com/uploads/2022/04/5f9a651640c381af493a634012c5f4c2.png
https://www.cavalerbg.com/c/turisticheski-obuvki-16/mzhki-turisticheski-obuvki-vodoustoichivi-2521,Мъжки туристически обувки - водоустойчиви,"Мъжките туристически обувки в черен цвят са идеалният избор както за приключенски туризъм, така и за носене в зимни градски условия. Те са създадени с фокус върху комфорта, защитата и дълготрайността, което ги прави надеждни за всякакви условия. Обувките са изработени от висококачествена хидрофобизирана естествена кожа и хидрофобизиран текстил, което гарантира водоустойчивост и защита срещу влага. Това е особено важно при преходи през планински терени или дъждовни дни в града.Една от ключовите характеристики на тези обувки е високата им сая в областта на глезена, която осигурява по-добра стабилност и подкрепа при ходене по неравни терени. Това, в комбинация с дишащата и водоустойчива мембрана TEHNOTEX, гарантира комфорт и защита дори при продължително носене. Мембраната позволява на краката да дишат, като същевременно ги предпазва от проникване на вода.Обувките също така разполагат с антибактериален и износоустойчив текстил, което добавя допълнително ниво на хигиена и издръжливост. Туристическите обувки са изработени с двукомпонентен полиуретанов слой отвътре и износоустойчива гума отвън, което осигурява отлична амортизация и защита от износване. В допълнение, шок абсорберът в областта на петата намалява въздействието на ударите, което е особено полезно при дълги преходи.Тези обувки предлагат и множество други предимства, като водоустойчивост, противохлъзгаща подметка, антистатични свойства и система за климатизация. Хидрофобизираният текстил и естествената кожа, от които са изработени, осигуряват защита срещу вода и удължават живота на обувките. Предпазната мрежа добавя допълнителен слой на защита, което прави тези обувки надежден избор за всеки мъж, който търси висококачествено и многофункционално решение за своите приключения.Тези мъжки туристически обувки са произведени в България и съчетават традиция и качество с модерни технологии, за да ви осигурят надеждност и комфорт при всяка стъпка. Независимо дали сте на планински преход или се разхождате в града през зимата, тези обувки ще бъдат вашият верен спътник.",,Туристически обувки,97.00 BGN,https://www.cavalerbg.com/uploads/2021/10/e3f0556713d6d9e83991f1120c9ec519.png
https://www.cavalerbg.com/c/turisticheski-obuvki-16/planinski-obuvki-cherno-2528,Планински обувки в черно,"Изключително удобни и издръжливи черни планински обувки за дълги преходи и разходкиАко сте любител на планинските преходи и дългите разходки сред природата, тези планински обувки са перфектният избор за вас. Изработени от висококачествена естествена кожа, те предлагат отлична устойчивост и дълготрайност, които ще ви служат вярно през всяко ваше приключение. Черният цвят на обувките не само придава елегантен и стилен вид, но и ги прави лесни за поддръжка и комбиниране с всяко облекло.Тези планински обувки са специално проектирани, за да осигурят максимален комфорт дори по време на най-дългите преходи. Благодарение на висококачествения хастар, който обгръща крака и създава усещане за мекота и уют, ще можете да се наслаждавате на вашите разходки без усещане за умора или дискомфорт. Технологиите, използвани при изработката на тези обувки, гарантират добра вентилация и защита от влага, което е особено важно при дълги преходи в различни метеорологични условия.Освен с комфорта, тези планински обувки се отличават и с тяхната функционалност. Здравата и устойчива подметка осигурява отлична сцепление дори на най-неравните терени, което ви дава увереност и стабилност при всяка стъпка. Естествената кожа не само допринася за дългия живот на обувките, но и позволява на крака да диша, предотвратявайки изпотяване и неприятни миризми.Независимо дали планирате дълга разходка в планината или просто искате да се насладите на комфорт през целия ден, тези черни планински обувки са идеалният избор за вас. Те съчетават стил и функционалност, предоставяйки ви необходимата подкрепа и удобство, за да преодолеете всяко предизвикателство по време на вашите преходи. Инвестирайте в качествени обувки, които ще ви осигурят комфорт и надеждност през годините!",,Туристически обувки,94.00 BGN,https://www.cavalerbg.com/uploads/2022/01/a0fcb36b2372eccf07ffa9c747a7a36e.png
https://www.cavalerbg.com/c/sandali-chehli-1/mzhko-kafyavo-2446,Мъжко сабо кафяво,"Мъжко сабо: Насладете се на удобство в ежедневието с нашето стилно и комфортно мъжко сабо от Кавалер. Този модел е проектиран с внимание към детайлите и предлага перфектната комбинация от стил и практичност. Създадено е за мъже, които ценят комфорта и искат да се чувстват добре, без да жертват външния си вид.Нашето мъжко сабо е изработено от естествена кожа, която не само че изглежда изключително елегантно, но и е изключително лесна за поддръжка. Достатъчно е да го избършете с влажна кърпа, за да запазите свежестта и блясъка на материала. Качествената естествена кожа осигурява и дълготрайност, което прави това мъжко сабо идеално за ежедневно носене.Леката и дишаща конструкция на обувките позволява на краката да дишат, което е особено важно за активния мъж. Независимо дали сте на работа, на среща с приятели или просто се разхождате в парка, можете да разчитате на своето мъжко сабо, за да ви предостави максимален комфорт през целия ден.Ходилото на обувките е проектирано да осигури допълнително удобство, благодарение на специалната технология, която абсорбира удара и намалява умората на краката. С всяка стъпка ще се чувствате като на облак, а стилният дизайн на мъжките чехли ще привлича погледите на околните.Идеално за пролетта и лятото, това мъжко сабо е универсално решение за всякакви поводи. Можете да го комбинирате с дънки, шорти или дори спортни панталони, за да създадете завършен вид.Не пропускайте възможността да се поглезите с качествени обувки, които съчетават стил, удобство и функционалност. Изберете нашето мъжко сабо от Кавалер и се насладете на неоспоримото удобство, което то предлага. Вземете вашите днес и се убедете сами в предимствата на естествената кожа и комфортния дизайн.",,Сандали и чехли,43.00 BGN,https://www.cavalerbg.com/uploads/2020/03/de1204b277605fe84e6c59b9a5dbc2ff.png
https://www.cavalerbg.com/c/ezhednevni-2/mzhki-sportni-polovinki-nabuk-bezhov-cvyat-2695,Мъжки спортни половинки от набук в бежов цвят,"Изчистен и елегантен модел мъжки спорни обувки, които се комбинират отлично с ежедневно облекло.Изработени са от висококачествен естествен набук, благодарение на което са много устойчиви на износване и можете да сте сигурни, че ще се наслаждавате на комфорта им дълго време.",,Ежедневни,58.00 BGN,https://www.cavalerbg.com/uploads/2026/08/40d5c4e07af4bf57b7a143856922acef.jpg
https://www.cavalerbg.com/c/ezhednevni-2/mzhki-sportni-polovinki-nabuk-siv-sin-cvyat-2694,Мъжки спортни половинки от набук в сив и син цвят,"Изчистен и елегантен модел мъжки спорни обувки, които се комбинират отлично с ежедневно облекло. Изработени са от висококачествен естествен набук, благодарение на което са много устойчиви на износване и можете да сте сигурни, че ще се наслаждавате на комфорта им дълго време.",,Ежедневни,58.00 BGN,https://www.cavalerbg.com/uploads/2026/08/57b5ae561ebe6598fac45b9953e17556.jpg
https://www.cavalerbg.com/c/mzhki-mokasini-espadrili-15/mzhki-mokasini-cvyat-kamel-2638,Мъжки мокасини в цвят камел,"Мъжки мокасини в светъл цвят камел са перфектният избор за всеки, който иска да добави стил и елегантност към ежедневната си визия. Със своя неутрален, но привлекателен цвят, тези мокасини лесно се комбинират с различни облекла и създават модерен акцент, който няма да остане незабелязан. Те са идеалното допълнение към вашия гардероб, независимо дали търсите обувки за офиса, разходки в града или за по-неформални събития.Тези мъжки мокасини са изработени от висококачествена естествена кожа, която не само изглежда луксозно, но и предлага изключителна издръжливост и дълготрайност. Кожата е мека и приятна на допир, което гарантира, че обувките ще се адаптират перфектно към формата на вашето стъпало. Мокасините разполагат с ефектни декоративни елементи, които добавят уникален и стилен акцент към техния дизайн. Тези детайли придават елегантност и характер, като същевременно запазват класическия вид на обувките.Формата на мокасините е създадена така, че да осигурява максимална стабилност и комфорт на ходилото през целия ден. Подметката е гъвкава и лека, което допринася за естественото движение на крака и намалява умората при продължително носене. Обувките са подходящи както за официални, така и за ежедневни облекла, като лесно се съчетават с дънки, панталони и дори по-елегантни комбинации.С мокасините в цвят камел ще се чувствате уверени и стилни през целия ден, независимо от повода. Те са изработени с внимание към детайла и стремеж към съвършенство, което ги прави отличен избор за мъжа, който цени както визията, така и комфорта. Не правете компромиси с обувките си — изберете качество и стил с мъжките мокасини в светъл цвят камел.",,Ежедневни > Мъжки мокасини и еспадрили,54.00 BGN,https://www.cavalerbg.com/uploads/2024/07/71ec64a24040ae4921946acb36a65f49.png
https://www.cavalerbg.com/c/nova-kolekciya-18/mzhki-mokasini-svetlokafyav-cvyat-2622,Мъжки мокасини в светлокафяв цвят,"Елегантни мъжки мокасини в светлокафяв цвят, които ще бъдат идеално допълнение на всяка стилна визия. Мокасините са с изключително удобна стелка и с приятен на допир хастар от естествена кожа, което повишава комфорта и предоставя приятно усещане с всяка стъпка.Обувките са изработени от висококачествен естествен велур - материал, който е устойчив на износване. Същевременно велурът позволява на крака да диша без да го спарва.",,Нова колекция,54.00 BGN,https://www.cavalerbg.com/uploads/2024/07/5fef5d1d236399ec16ac69b10bf43054.png
https://www.cavalerbg.com/c/oficialni-3/elegantni-mzhki-cherni-obuvki-lastik-cvyat-oliv-2699,Елегантни мъжки черни обувки с ластик в цвят олив,"Обувките са изработени от висококачествена естествена кожа, която се почиства с лекота и осигурява дълъг експлоатационен живот. Подхождат чудесно на всяко облекло.",,Официални,54.00 BGN,https://www.cavalerbg.com/uploads/2026/08/40d240c4b4dc6c5cf20f08257951a16f.jpg
https://www.cavalerbg.com/c/oficialni-3/mzhki-oficialni-polovinki-tmno-kafyav-cvyat-2680,Мъжки официални половинки в тъмно кафяв цвят,"Елегантни мъжки официални обувки от естествена кожа в стилен тъмно кафяв цвят. Моделът е с класически дизайн и връзки, което го прави перфектен избор за официални поводи.Изработени с внимание към детайла, обувките осигуряват комфорт и стабилност през целия ден, като същевременно подчертават стилния силует.",,Официални,54.00 BGN,https://www.cavalerbg.com/uploads/2026/03/5c060a41d80b2536082f19c09ac0870b.jpg
https://www.cavalerbg.com/c/boti-4/mzhki-klarkove-cvyat-oliv-2692,Мъжки кларкове в цвят олив,,,Боти,56.00 BGN,https://www.cavalerbg.com/uploads/2026/05/4069f1d0378dc4ac2c187a7c35ef4bdc.jpg
https://www.cavalerbg.com/c/boti-4/ezhednevni-mzhki-v-kafyav-cvyat-2659,Ежедневни мъжки боти в кафяв цвят,"Свежи мъжки боти, с красива спортна визия, които идеално ще допълни всяко ежедневно облекло. Ботите предоставят високо ниво на комфорт, благодарение на което можете да сте сигурни че ще се чувствате отлично през целия ден. Те са изработени от естествена кожа. Поддържат се с лекота и са много устойчиви на износване. Ходилото на ботите предоставя стабилност, а отвътре са с мек и топъл хастар, който допълнително повишава комфорта. Моделът е решен в кафяв цвят, който се комбинира лесно.",,Боти,68.00 BGN,https://www.cavalerbg.com/uploads/2025/02/f3b3703be918337d8b1f8c817c0059eb.png
https://www.cavalerbg.com/c/boti-4/mzhki-velureni-boti-2444,Мъжки велурени боти,"Мъжки велурени боти: Перфектният избор за комфорт и елегантностКогато става въпрос за стил и удобство през студените месеци, мъжките велурени боти са идеалното решение за всеки модерен мъж. Тези боти съчетават както комфорт, така и елегантен външен вид, правейки ги подходящи както за ежедневието, така и за по-официални поводи.Мъжките велурени боти се изработват от висококачествени материали, които гарантират дълготрайна издръжливост и устойчивост на износване. Велурът като материал е не само изключително естетичен, но и много удобен за носене, осигурявайки мекота и топлина през студените дни. Това прави тези боти предпочитан избор за мъже, които ценят както стила, така и практичността в обувките си.Този модел мъжки велурени боти е решен в класически кафяв цвят, който лесно се комбинира с различни стилове и цветове облекло. Независимо дали ще ги носите с дънки и пуловер за по-небрежен вид или със стилен костюм за по-официални събития, тези боти винаги ще бъдат подходящият избор. Кафявият нюанс добавя нотка на елегантност и прави обувките универсален аксесоар, който може да се използва във всеки гардероб.В допълнение към стилния си външен вид, мъжките велурени боти предлагат и изключителен комфорт благодарение на мека стелка и стабилна подметка, която осигурява сигурност и удобство при всяка крачка. Независимо дали сте на дълга разходка или просто искате да добавите стилен акцент към облеклото си, тези боти са перфектният избор.Изборът на мъжки велурени боти е инвестиция в качеството и дълготрайността. Те са обувки, които ще издържат на времето и модните тенденции, като същевременно ще ви предложат максимален комфорт и стил.",,Боти,56.00 BGN,https://www.cavalerbg.com/uploads/2020/03/089a3982e2202a6c96e93a3b129842cc.png
https://www.cavalerbg.com/c/sportni-8/mzhki-sportni-maratonki-cherno-sivo-2664,Мъжки спортни маратонки в черно и сиво,"Мъжки маратонки от естествена кожа – перфектният избор за ежедневна визия и комфорт. Тези маратонки не само изглеждат стилно, но също така предлагат изключителна удобство за целия ден. Изработени от висококачествена естествена кожа, маратонките са предназначени да издържат на интензивно носене и да запазят своя привлекателен вид дълго време. Тъмният им цвят е практичен и устойчив на замърсявания, което ги прави подходящи за различни ситуации и съчетаване с разнообразно ежедневно облекло.Маратонките са направени от естествена напа кожа и естествен велур, които са материали, известни със своята устойчивост на износване и изключителна мекота. Така обувките не само изглеждат стилно, но и са приятно меки на допир. Това ги прави особено подходящи за хора, които търсят комфорт през целия ден. Допълнително удобство осигурява мекото ходило, което позволява дълги разходки без умора или дискомфорт. Независимо дали сте на крак през целия ден, или търсите обувки за свободното си време, тези маратонки са отличен избор.Мъжките маратонки от естествена кожа съчетават стил и функционалност, за да отговорят на нуждите на активния мъж. Те са подходящи за ежедневието и лесни за поддръжка. Характерно за този модел е, че размерът е уголемен с един номер, което предоставя допълнително удобство и свобода при носене. С тези маратонки няма да се притеснявате за външния си вид и комфорта през целия ден. Ако търсите маратонки, които да съчетават качество, стил и издръжливост, то тези мъжки маратонки от естествена кожа са точно това, от което се нуждаете.",,Спортни,56.00 BGN,https://www.cavalerbg.com/uploads/2025/04/74d336f3fd9fcc1950b4f8d2605d87c1.png
https://www.cavalerbg.com/c/nova-kolekciya-18/mzhki-sportni-polovinki-2581,Мъжки спортни половинки,"Поредният страхотен модел в новата ни колекция! Тези тъмносиви мъжки маратонки са изработени от висококачествена и много устойчива на износване естествена кожа. Меки са на допир и се поддържат с лекота. Дизайнът на ходилото и формата на маратонките предоставят високо ниво на комфорт, което ги превръща в отличен избор за ежедневно носене.",,Нова колекция,56.00 BGN,https://www.cavalerbg.com/uploads/2023/01/271b2cc29872037629dc671ed047398a.png
https://estellashoes.com/produkt/damski-keczove-anisa/,Дамски кецове ANISA,Дамски кецове от естествена кожа.Моделът е част от лимитирана бутикова серия – наличен в малки количества.,,Home > Магазин > Дамски кецове ANISA,89.00 EUR,https://estellashoes.com/wp-content/uploads/2025/04/dsc_6428.jpg
https://estellashoes.com/produkt/damski-loufari-anne/,Дамски лоуфъри ANNE,Дамски лоуфъри от естествена кожа.Моделът е част от лимитирана бутикова серия – наличен в малки количества.,,Home > Магазин > Дамски лоуфъри ANNE,89.00 EUR,https://estellashoes.com/wp-content/uploads/2026/04/dsc_7409.jpg
https://estellashoes.com/produkt/damski-loufari-renee/,Дамски лоуфъри RENEE,Дамски лоуфъри от естествена лачена кожа.,,Home > Магазин > Дамски лоуфъри RENEE,89.00 EUR,https://estellashoes.com/wp-content/uploads/2026/03/dsc_7301.jpg
https://estellashoes.com/produkt/damski-chehli-brooke/,Дамски чехли BROOKE,"Дамски чехли изцяло от естествена кожа, ръчна изработкаМоделът е част от лимитирана бутикова серия – наличен в малки количества.",,Home > Магазин > Дамски чехли BROOKE,55.73 EUR,https://estellashoes.com/wp-content/uploads/2026/05/dsc_7751.jpg
https://estellashoes.com/produkt/damski-chehli-mackenzie/,Дамски чехли MACKENZIE,"Дамски чехли изцяло от естествена кожа, ръчна изработкаМоделът е част от лимитирана бутикова серия – наличен в малки количества.",,Home > Магазин > Дамски чехли MACKENZIE,55.73 EUR,https://estellashoes.com/wp-content/uploads/2026/05/dsc_7742.jpg
https://estellashoes.com/produkt/damski-chehli-autumn/,Дамски чехли AUTUMN,"Дамски чехли изцяло от естествена кожа, ръчна изработкаМоделът е част от лимитирана бутикова серия – наличен в малки количества.",,Home > Магазин > Дамски чехли AUTUMN,65.96 EUR,https://estellashoes.com/wp-content/uploads/2026/05/dsc_7625.jpg
https://estellashoes.com/produkt/damski-chehli-maren/,Дамски чехли MAREN,Дамски чехли от естествена кожа.,,Home > Магазин > Дамски чехли MAREN,55.73 EUR,https://estellashoes.com/wp-content/uploads/2025/06/dsc_6655.jpg
https://estellashoes.com/produkt/damski-chehli-arina/,Дамски чехли ARINA,Дамски чехли от естествена кожа.,,Home > Магазин > Дамски чехли ARINA,60.84 EUR,https://estellashoes.com/wp-content/uploads/2025/06/dsc_6710.jpg
https://estellashoes.com/produkt/damski-botushi-s-ravno-hodilo/,Дамски ботуши с равно ходило HELEN,Дамски ботуши от естествена кожа.,,Home > Магазин > Дамски ботуши с равно ходило HELEN,123.00 EUR,https://estellashoes.com/wp-content/uploads/2021/12/dsc_2018-1-1.jpg
https://estellashoes.com/produkt/botushi-estestvena-kozha/,Ботуши естествена кожа KELLY,Дамски ботуши от естествена кожа на ток.,,Home > Магазин > Ботуши естествена кожа KELLY,123.00 EUR,https://estellashoes.com/wp-content/uploads/2021/12/dsc_2057-1.jpg
https://estellashoes.com/produkt/damski-cherni-chizmi/,Дамски черни чизми MELANIE,Дамски чизми от естествена кожа.,,Home > Магазин > Дамски черни чизми MELANIE,123.00 EUR,https://estellashoes.com/wp-content/uploads/2021/11/dsc_1981-1.jpg
https://gil.bg/tia/kolieta/kolieaya,"Колие ""Ая""",,,,110.00 EUR,https://gil.bg/image/cache/catalog/gil-products/kolieaya-500x500.jpg
https://gil.bg/tia/kolieta/koliesay,"Колие ""Сай""",,,,70.00 EUR,https://gil.bg/image/cache/catalog/gil-products/_koliesaya-500x500.jpg
https://gil.bg/tia/grivni/grivnakay,"Гривна ""Кай""",,,,40.00 EUR,https://gil.bg/image/cache/catalog/gil-products/grivnakay-500x500.jpg
https://gil.bg/tia/obeci/obecikarmen,"Обеци ""Кармен""",,,,20.00 EUR,https://gil.bg/image/cache/catalog/gil-products/obeci_karmen-500x500.jpg
https://gil.bg/tia/obeci/obecisay,"Обеци ""Сай""",,,,35.00 EUR,https://gil.bg/image/cache/catalog/gil-products/obecisay-500x500.jpg
https://gil.bg/tia/obeci/obecisaya,"Обеци ""Сая""",,,,20.00 EUR,https://gil.bg/image/cache/catalog/gil-products/obeci_saya-500x500.jpg
https://gil.bg/tia/obeci/obecirose,"Обеци ""Роуз""",,,,20.00 EUR,https://gil.bg/image/cache/catalog/gil-products/obeci_rous-500x500.jpg
https://www.ellegemdesigns.com/product-155/elastichna-grivna-s-cheren-turmalin,Еластична гривна с черен турмалин,Еластична гривна с черен турмалин 4 мм мъниста и неръждаема стомана.,,,13.00 EUR,"https://www.ellegemdesigns.com/uploads/cached/products/landscape-w800-h800-q80-1778127976_73e0cd4cdf91a6c46e2027acea74704e.jpg,https://www.ellegemdesigns.com/uploads/cached/products/landscape-w800-h800-q80-1778127986_29f9526d2ef147ff512d86f01cd3a6cd.jpg,https://www.ellegemdesigns.com/uploads/cached/products/landscape-w800-h800-q80-1778127999_54e1f940b800e6d12fabfe8f166f2b10.jpg,https://www.ellegemdesigns.com/uploads/cached/products/landscape-w600-h600-q80-1778127976_73e0cd4cdf91a6c46e2027acea74704e.jpg"
https://www.ellegemdesigns.com/product-156/perleno-kolie-sas-srebarna-zakopchalka,Перлено колие със сребърна закопчалка,Колие с естествени перли и сребърна закопчалка.Дължина 40 см.,,,24.00 EUR,"https://www.ellegemdesigns.com/uploads/cached/products/landscape-w800-h800-q80-1779629127_b855e7406ceb426df2708eb925c4f793.jpg,https://www.ellegemdesigns.com/uploads/cached/products/landscape-w800-h800-q80-1779629143_d4ac53220e0195d463ce32a9b5456c7f.jpg,https://www.ellegemdesigns.com/uploads/cached/products/landscape-w800-h800-q80-1779629151_c3c5f95c5adf1f2521ef2f09638a05db.jpg,https://www.ellegemdesigns.com/uploads/cached/products/landscape-w600-h600-q80-1779629127_b855e7406ceb426df2708eb925c4f793.jpg"
https://www.ellegemdesigns.com/product-151/grivna-s-morzova-azbuka-po-zayavka-na-klienta,Гривна с морзова азбукa по заявка на клиента,"Гривна със стъклени мъниста 2 мм с дума или абревиатура по желание на клиента.На основната част на гривната могат да се съберат до 5 символа, а на висящите краища могат да се добавят по още 1. Гривната на снимката изписва LOVE XO.",,,17.00 EUR,"https://www.ellegemdesigns.com/uploads/cached/products/landscape-w800-h800-q80-1760793191_335d64f497fe4a42eaa21612ea62deb6.jpg,https://www.ellegemdesigns.com/uploads/cached/products/landscape-w800-h800-q80-1760265436_9ef0f2715894b3a246dd1f01f8d72834.jpg,https://www.ellegemdesigns.com/uploads/cached/products/landscape-w800-h800-q80-1760265555_3aec7d12d846057318c06db880d8e878.jpg,https://www.ellegemdesigns.com/uploads/cached/products/landscape-w600-h600-q80-1760793191_335d64f497fe4a42eaa21612ea62deb6.jpg"
https://www.ellegemdesigns.com/product-152/minimalistichna-grivna-s-estestvena-perla,Минималистична гривна с естествена перла,"Минималистична и нежна гривна с естествена перла на здрава, професионална корда с два плъзгащи се възела.",,,13.00 EUR,"https://www.ellegemdesigns.com/uploads/cached/products/landscape-w800-h800-q80-1760896261_a715d4e0ce51f2cbefd80d57efe300d6.jpg,https://www.ellegemdesigns.com/uploads/cached/products/landscape-w800-h800-q80-1760896274_a9afc1f55a7a93f9c9ee35166e9b09a8.jpg,https://www.ellegemdesigns.com/uploads/cached/products/landscape-w800-h800-q80-1760896288_3c00a2e07be599b1e14206e230786e96.jpg,https://www.ellegemdesigns.com/uploads/cached/products/landscape-w600-h600-q80-1760896261_a715d4e0ce51f2cbefd80d57efe300d6.jpg"
https://www.ellegemdesigns.com/product-145/kolie-s-turmalin-srebarna-zakopchalka,"Колие с турмалин, сребърна закопчалка","Нежно колие, тип чоукър с многоцветен естествен турмалин, мъниста 3 мм, сребърна закопчалка.Турмалин – заземява духовната енергия, прочиства и балансира всички чакри; психологически камъкът помага да разберете самия себе си и другите, кара ви да погледнете дълбоко в собственото си Аз, повишава самочувствието, намалява страха. Освобождава напрежението.",,,28.00 EUR,"https://www.ellegemdesigns.com/uploads/cached/products/landscape-w800-h800-q80-1750876059_d2b075c904b6ba1d56433a1d88d9ddcf.jpg,https://www.ellegemdesigns.com/uploads/cached/products/landscape-w800-h800-q80-1750876070_791c22b1fad08575ef50f99a090b83a5.jpg,https://www.ellegemdesigns.com/uploads/cached/products/landscape-w800-h800-q80-1750876080_36a756f2b139a11071dae5bd3b428e33.jpg,https://www.ellegemdesigns.com/uploads/cached/products/landscape-w600-h600-q80-1750876059_d2b075c904b6ba1d56433a1d88d9ddcf.jpg"
https://www.ellegemdesigns.com/product-141/elastichna-grivna-s-hematit-labradorit-i-vulkanichen-kamak,"Еластична гривна с хематит, лабрадорит и вулканичен камък","Гривна с 8 мм мъниста хематит, лабрадорит и вулканичен камък и мънисто от неръждаема стомана на здрава, професионална еластична корда.",,,18.00 EUR,"https://www.ellegemdesigns.com/uploads/cached/products/landscape-w800-h800-q80-1743614917_cf66a69837621ef219d5c3eeaf114fd6.jpg,https://www.ellegemdesigns.com/uploads/cached/products/landscape-w800-h800-q80-1743614933_ad100c03d66afb5ebdd40471b2cffbd4.jpg,https://www.ellegemdesigns.com/uploads/cached/products/landscape-w600-h600-q80-1743614917_cf66a69837621ef219d5c3eeaf114fd6.jpg"
https://www.ellegemdesigns.com/product-136/kolie-s-cheren-turmalin,Колие с черен турмалин,"Колие, тип чоукър, с мъниста 6 мм и 4 мм черен турмалин на здрава кафява или черна (по желание) корда с два плъзгащи се възела.Дължината на колието се регулира.",,,14.00 EUR,"https://www.ellegemdesigns.com/uploads/cached/products/landscape-w800-h800-q80-1735934228_a144d22a24e568151d775d655c7747f3.jpg,https://www.ellegemdesigns.com/uploads/cached/products/landscape-w800-h800-q80-1735934244_5926de1179ded7a83acd29f43fe47746.jpg,https://www.ellegemdesigns.com/uploads/cached/products/landscape-w800-h800-q80-1757318049_51843e8ac9f414d089e679bc3cb9a604.jpg,https://www.ellegemdesigns.com/uploads/cached/products/landscape-w800-h800-q80-1757318057_64c611e57ce7273ecb938fa84bafe700.jpg,https://www.ellegemdesigns.com/uploads/cached/products/landscape-w600-h600-q80-1735934228_a144d22a24e568151d775d655c7747f3.jpg"
https://www.ellegemdesigns.com/product-126/grivna-za-glezen-s-kamani-na-chakrite,Гривна за глезен с камъни на чакрите.,"Гривна за глезен с камъни на 7та чакри на здрава синтетична корда с два плъзгащи се възела.Чакрите са основните енергийни центрове на човека. Те са седем и са трансформатор на енергия за физическото тяло. Те улавят висшата енергия, чиято висока честота тялото ни не е способно да възприеме, и я преобразуват в подходящи за физиката ни импулси.Камъните в гривната са: тигрово око, карнеол, цитрин, розов кварц, аквамарин, аметист и планински кристал.Гривната е здрава и удобна - може да се носи постоянно, без да се сваля.",,,13.00 EUR,"https://www.ellegemdesigns.com/uploads/cached/products/landscape-w800-h800-q80-1719678056_b9a26235f8646fc6702523fee0164bc9.jpg,https://www.ellegemdesigns.com/uploads/cached/products/landscape-w800-h800-q80-1719678072_b77f0cf24f55853e44e1d93d315e4b17.jpg,https://www.ellegemdesigns.com/uploads/cached/products/landscape-w800-h800-q80-1719678091_ee76808a6778707006f79dd6ab7795b7.jpg,https://www.ellegemdesigns.com/uploads/cached/products/landscape-w600-h600-q80-1719678056_b9a26235f8646fc6702523fee0164bc9.jpg"
https://www.ellegemdesigns.com/product-125/grivna-s-labradorit-5-mm-manista,Гривна с лабрадорит 5 мм мъниста.,"Здрава гривна с лабрадорит, уникално красиви мъниста с размер 5 мм. и плъзгащ се макраме възел.Лабрадоритът е камък на себепознанието и творчеството.",,,16.00 EUR,"https://www.ellegemdesigns.com/uploads/cached/products/landscape-w800-h800-q80-1719417300_2d6f33b669b4d29a7245f4e11302e8c4.jpg,https://www.ellegemdesigns.com/uploads/cached/products/landscape-w800-h800-q80-1719417380_bca42fd1d1d46b14f2918565f018b7d1.jpg,https://www.ellegemdesigns.com/uploads/cached/products/landscape-w800-h800-q80-1719417391_da329879fdda3d3900dded63305257bd.jpg,https://www.ellegemdesigns.com/uploads/cached/products/landscape-w800-h800-q80-1719417401_9cccfe9b95e86758c164d70c517422ed.jpg,https://www.ellegemdesigns.com/uploads/cached/products/landscape-w600-h600-q80-1719417300_2d6f33b669b4d29a7245f4e11302e8c4.jpg"
https://www.ellegemdesigns.com/product-85/elastichna-grivna-s-tsitrin-cheren-oniks-i-hematit-uspeh-zashtita-shtastie-blagodenstvie,"Еластична гривна с цитрин, черен оникс и хематит. Успех - Защита - Щастие - Благоденствие","Гривна с мъниста 4 мм цитрин, черен оникс и хематит на професионална еластична корда.Камъните се счита, че носят благоденствие и успех, да предпазва своя притежател и да му показва верния път.",,,14.00 EUR,"https://www.ellegemdesigns.com/uploads/cached/products/landscape-w800-h800-q80-1630392242_a2efdaaef3bf63e256d0da54d00ff25d.jpg,https://www.ellegemdesigns.com/uploads/cached/products/landscape-w800-h800-q80-1630392261_ce6fc71a26effd0e48e191b87c910d28.jpg,https://www.ellegemdesigns.com/uploads/cached/products/landscape-w800-h800-q80-1630392329_670840002fd23caf3ab1b2aaa591dc2e.jpg,https://www.ellegemdesigns.com/uploads/cached/products/landscape-w600-h600-q80-1630392242_a2efdaaef3bf63e256d0da54d00ff25d.jpg"
https://www.ellegemdesigns.com/product-36/prasten-halka-ot-cheren-oniks-uspeh-fokus-zashtita-korenna-chakra,Пръстен халка от черен оникс. Успех - Фокус - Защита - Коренна чакра.,"Пръстен - халка от ествествен камък черен оникс.Ониксът символизира бистрота на ума, заземяване, успех.",,,7.00 EUR,"https://www.ellegemdesigns.com/uploads/cached/products/landscape-w800-h800-q80-1584025592_b9f44fe0ad33daeb680c83408418032f.jpg,https://www.ellegemdesigns.com/uploads/cached/products/landscape-w800-h800-q80-1584025763_0feee766d8879cdfcee49061fb316258.jpg,https://www.ellegemdesigns.com/uploads/cached/products/landscape-w600-h600-q80-1584025592_b9f44fe0ad33daeb680c83408418032f.jpg"
https://www.ellegemdesigns.com/product-11/grivna-s-cheren-oniks-i-hematit-zashtita-fokus-uspeh-korenna-chakra,Гривна с черен оникс и хематит. Защита - Фокус - Успех - Коренна чакра,унисекс гривна в черно с оникс,,,16.00 EUR,"https://www.ellegemdesigns.com/uploads/cached/products/landscape-w800-h800-q80-1582111420_d952112819c5a4ea4a11d16039aa9f1c.jpg,https://www.ellegemdesigns.com/uploads/cached/products/landscape-w800-h800-q80-1582115919_4b86aeb007404d7e8e20c3819f61bcfd.jpg,https://www.ellegemdesigns.com/uploads/cached/products/landscape-w600-h600-q80-1582111420_d952112819c5a4ea4a11d16039aa9f1c.jpg"
https://www.artdesignbeni.com/rachno-izraboteni-obetzi-tiurkoazen-shifon.html,Ръчно изработени обеци Тюркоазен шифон,Ефирни ръчно изработени обеци създадени от фин шифон в свеж тюркоазен нюанс оформен като богати цветни форми. Полупрозрачният шифон създава обем и меко движение,,Начало > БИЖУТА РЪЧНА ИЗРАБОТКА > ОБЕЦИ ОТ КОПРИНА > Ръчно изработени обеци Тюркоазен шифон,20.00 EUR,"https://www.artdesignbeni.com/media/14/8934.png,https://www.artdesignbeni.com/media/80/8934.png,https://www.artdesignbeni.com/media/107/8934.png,https://www.artdesignbeni.com/media/57/8934.png,https://www.artdesignbeni.com/media/7/8934.png"
https://www.artdesignbeni.com/koprineni-obetzi-mentova-neznost.html,Копринени обеци Ментова нежност,Ефирни и артистични обеци от естествена коприна и шифон в мек ментов нюанс с изящно движение и фини висящи елементи. Моделът е изработен лично от мен и е напълн,,Начало > БИЖУТА РЪЧНА ИЗРАБОТКА > ОБЕЦИ ОТ КОПРИНА > Копринени обеци Ментова нежност,25.56 EUR,"https://www.artdesignbeni.com/media/14/8858.jpeg,https://www.artdesignbeni.com/media/80/8858.jpeg,https://www.artdesignbeni.com/media/107/8858.jpeg,https://www.artdesignbeni.com/media/57/8858.jpeg,https://www.artdesignbeni.com/media/7/8858.jpeg"
https://www.artdesignbeni.com/koprineni-obetzi-biala-perlena-tzvetnost.html,Копринени обеци Бяла перлена цветност,Елегантни ръчно изработени обеци от естествена коприна в изчистен снежнобял цвят с перлен център и фини висящи елементи от перли и кристали. Моделът е авторски,,Начало > БИЖУТА РЪЧНА ИЗРАБОТКА > ОБЕЦИ ОТ КОПРИНА > Копринени обеци Бяла перлена цветност,25.56 EUR,"https://www.artdesignbeni.com/media/14/8854.jpeg,https://www.artdesignbeni.com/media/80/8854.jpeg,https://www.artdesignbeni.com/media/107/8854.jpeg,https://www.artdesignbeni.com/media/57/8854.jpeg,https://www.artdesignbeni.com/media/7/8854.jpeg"
https://www.artdesignbeni.com/avtorska-maslena-kartina-bezkrai.html,Авторска маслена картина Безкрай,"Авторска маслена картина с име Безкрай, рисувана на платно с маслени бои. Произведението носи усещане за дълбочина, движение и непрекъснатост, като цветните пре",,Начало > Авторски картини > Авторска маслена картина Безкрай,357.90 EUR,"https://www.artdesignbeni.com/media/14/8901.png,https://www.artdesignbeni.com/media/80/8901.png,https://www.artdesignbeni.com/media/107/8901.png,https://www.artdesignbeni.com/media/57/8901.png,https://www.artdesignbeni.com/media/7/8901.png"
https://www.artdesignbeni.com/avtorska-maslena-kartina-ustrem.html,Авторска маслена картина Устрем,"Авторска маслена картина с име Устрем, създадена със специално подбрани маслени бои върху платно. Произведението излъчва динамика и емоционална дълбочина, като",,Начало > Авторски картини > Авторска маслена картина Устрем,357.90 EUR,"https://www.artdesignbeni.com/media/14/8138.jpg,https://www.artdesignbeni.com/media/80/8138.jpg,https://www.artdesignbeni.com/media/107/8138.jpg,https://www.artdesignbeni.com/media/57/8138.jpg,https://www.artdesignbeni.com/media/7/8138.jpg"
https://www.artdesignbeni.com/butikova-art-interiorna-lampa-ot-driftwood-ot-estestveno-darvo.html,Бутикова арт интериорна лампа от driftwood от естествено дърво,"Авторска арт интериорна лампа, ръчно изработена от естествен driftwood. Дървото е оформено от природата и притежава уникална форма, текстура и характер, които п",,Начало > DRIFTWOOD ART > Бутикова арт интериорна лампа от driftwood от естествено дърво,76.69 EUR,"https://www.artdesignbeni.com/media/14/8891.png,https://www.artdesignbeni.com/media/80/8891.png,https://www.artdesignbeni.com/media/107/8891.png,https://www.artdesignbeni.com/media/57/8891.png,https://www.artdesignbeni.com/media/7/8891.png"
https://www.artdesignbeni.com/butikova-art-interiorna-lampa-ot-driftwood-s-artistichen-harakter.html,Бутикова арт интериорна лампа от driftwood с артистичен характер,"Авторска арт интериорна лампа, ръчно изработена от естествен driftwood. Дървото е оформено от природата и притежава изразена форма, текстура и естествен характе",,Начало > DRIFTWOOD ART > Бутикова арт интериорна лампа от driftwood с артистичен характер,76.69 EUR,"https://www.artdesignbeni.com/media/14/8892.png,https://www.artdesignbeni.com/media/80/8892.png,https://www.artdesignbeni.com/media/107/8892.png,https://www.artdesignbeni.com/media/57/8892.png,https://www.artdesignbeni.com/media/7/8892.png"
https://www.artdesignbeni.com/kutiia-sartze-sas-sapuneni-rozi-pliusheno-meche-i-shokolad-merci.html,"Кутия сърце със сапунени рози, плюшено мече и шоколад Merci","Романтичен подаръчен комплект в кутия във формата на сърце, съчетаващ нежни сапунени рози, малко плюшено мече и вкусни шоколадови бонбони Merci. Перфектен начин",,"Начало > МАЛКИ ПОДАРЪЦИ, КРЪЩЕНЕТА, СВАТБИ, КОЛЕДА > Букети от сапунени цветя > Кутия сърце със сапунени рози, плюшено мече и шоколад Merci",20.45 EUR,"https://www.artdesignbeni.com/media/14/8708.jpeg,https://www.artdesignbeni.com/media/80/8708.jpeg,https://www.artdesignbeni.com/media/107/8708.jpeg,https://www.artdesignbeni.com/media/57/8708.jpeg,https://www.artdesignbeni.com/media/7/8708.jpeg"
https://www.artdesignbeni.com/kutiia-plik-sas-sapuneni-rozi.html,Кутия плик със сапунени рози,"Елегантна кутия във формата на плик, пълна с нежни сапунени рози, изтънчен подарък, който не увяхва. Подходяща за рожден ден, годишнина, сватба или просто, за д",,"Начало > МАЛКИ ПОДАРЪЦИ, КРЪЩЕНЕТА, СВАТБИ, КОЛЕДА > Букети от сапунени цветя > Кутия плик със сапунени рози",20.45 EUR,"https://www.artdesignbeni.com/media/14/8707.jpeg,https://www.artdesignbeni.com/media/80/8707.jpeg,https://www.artdesignbeni.com/media/107/8707.jpeg,https://www.artdesignbeni.com/media/57/8707.jpeg,https://www.artdesignbeni.com/media/7/8707.jpeg"
https://www.artdesignbeni.com/sapuneni-slanchogledi-i-suhi-tzvetia-v-ratanova-kashpa.html,Сапунени слънчогледи и сухи цветя в ратанова кашпа,"Уникална декорация, сапунени слънчогледи, комбинирани със сухи цветя, подредени в елегантна ратанова кашпа. Стилен и дълготраен акцент за дома или офиса, който",,"Начало > МАЛКИ ПОДАРЪЦИ, КРЪЩЕНЕТА, СВАТБИ, КОЛЕДА > Букети от сапунени цветя > Сапунени слънчогледи и сухи цветя в ратанова кашпа",17.90 EUR,"https://www.artdesignbeni.com/media/14/8705.jpeg,https://www.artdesignbeni.com/media/80/8705.jpeg,https://www.artdesignbeni.com/media/107/8705.jpeg,https://www.artdesignbeni.com/media/57/8705.jpeg,https://www.artdesignbeni.com/media/7/8705.jpeg"
https://www.artdesignbeni.com/buket-v-luksozna-kutiia-sas-sapuneni-slanchogledi-rozi-i-suhi-tzvetia.html,"Букет в луксозна кутия със сапунени слънчогледи, рози и сухи цветя","Изненадайте любим човек с този изключителен букет в луксозна кутия, съчетаващ сапунени слънчогледи, рози и сухи цветя. Красотата му не увяхва &ndash; той остава",,"Начало > МАЛКИ ПОДАРЪЦИ, КРЪЩЕНЕТА, СВАТБИ, КОЛЕДА > Букети от сапунени цветя > Букет в луксозна кутия със сапунени слънчогледи, рози и сухи цветя",20.45 EUR,"https://www.artdesignbeni.com/media/14/8701.jpeg,https://www.artdesignbeni.com/media/80/8701.jpeg,https://www.artdesignbeni.com/media/107/8701.jpeg,https://www.artdesignbeni.com/media/57/8701.jpeg,https://www.artdesignbeni.com/media/7/8701.jpeg"
https://www.artdesignbeni.com/liubov-v-luks.html,Любов в лукс,"Впечатляваща аранжировка в луксозна кутия, съчетаваща пищни хортензии и нежни спрей рози. Елегантен и романтичен подарък за специален човек и незабравим повод.",,"Начало > БУКЕТ ЗА ТЕБ, Е ЦВЕТЕ, БУКЕТ В КОЛЕТ > Любов в лукс",,https://www.artdesignbeni.com/media/7/9416.jpeg
https://www.artdesignbeni.com/nebesna-liubov.html,Небесна любов,"Романтичен букет в нежно синьо и бяло, съчетаващ рози със свеж евкалипт, ефирна гипсофила и лимониум. Елегантна композиция с усещане за нежност и спокойствие.",,"Начало > БУКЕТ ЗА ТЕБ, Е ЦВЕТЕ, БУКЕТ В КОЛЕТ > Небесна любов",,https://www.artdesignbeni.com/media/7/9417.jpeg
https://www.artdesignbeni.com/oblak-ot-neznost.html,Облак от нежност,"Пищен романтичен букет в нежни розови и кремави нюанси. Спрей розите са обгърнати от ефирна гипсофила и свеж евкалипт, създавайки усещане за лекота, нежност и и",,"Начало > БУКЕТ ЗА ТЕБ, Е ЦВЕТЕ, БУКЕТ В КОЛЕТ > Облак от нежност",105.00 EUR,"https://www.artdesignbeni.com/media/14/9414.jpeg,https://www.artdesignbeni.com/media/80/9414.jpeg,https://www.artdesignbeni.com/media/107/9414.jpeg,https://www.artdesignbeni.com/media/57/9414.jpeg,https://www.artdesignbeni.com/media/7/9414.jpeg"
https://www.artdesignbeni.com/rozova-mechta.html,Розова мечта,"Пищен и романтичен букет от нежни розови спрей рози, допълнени със свеж евкалипт. Красив подарък, който впечатлява с обем, нежност и изобилие от цветове.",,"Начало > БУКЕТ ЗА ТЕБ, Е ЦВЕТЕ, БУКЕТ В КОЛЕТ > Розова мечта",,https://www.artdesignbeni.com/media/7/9413.jpeg
https://www.artdesignbeni.com/51-beli-rozi-biala-liubov-.html,51 бели рози „Бяла любов“,"Впечатляващ букет от 51 бели рози, създаден за моментите, в които чувствата заслужават да бъдат изразени по незабравим начин. Белите рози символизират чистота,",,"Начало > БУКЕТ ЗА ТЕБ, Е ЦВЕТЕ, БУКЕТ В КОЛЕТ > 51 бели рози „Бяла любов“",230.00 EUR,"https://www.artdesignbeni.com/media/14/9374.jpg,https://www.artdesignbeni.com/media/80/9374.jpg,https://www.artdesignbeni.com/media/107/9374.jpg,https://www.artdesignbeni.com/media/57/9374.jpg,https://www.artdesignbeni.com/media/7/9374.jpg"
https://www.artdesignbeni.com/biala-gipsofila-v-elegantna-kutiia.html,Бяла гипсофила в елегантна кутия,"Нежна бяла гипсофила в стилна кутия, ръчно изработена композиция. Възможност за добавяне на плюшено мече от падащото меню, лична доставка за Несебър и района.",,"Начало > БУКЕТ ЗА ТЕБ, Е ЦВЕТЕ, БУКЕТ В КОЛЕТ > Бяла гипсофила в елегантна кутия",30.00 EUR,"https://www.artdesignbeni.com/media/14/9088.png,https://www.artdesignbeni.com/media/80/9088.png,https://www.artdesignbeni.com/media/107/9088.png,https://www.artdesignbeni.com/media/57/9088.png,https://www.artdesignbeni.com/media/7/9088.png"
https://tofi.bg/damski/damski-chehli/damski-shehli-bela/,Дамски чехли БЕЛА (кафяво),Висококачествена Агнешка Естествена Кожа Ръчна Изработка Българско Производство Възможност за пране в перална машина Право на Тест при Получаване на Пратката Безплатна Доставка с,,Начало > Shop > Дамски чехли БЕЛА (кафяво),45.50 EUR,https://tofi.bg/wp-content/uploads/2014/08/Дамски-чехли-БЕЛА-кафяво.jpg
https://tofi.bg/za-doma/kilimi/agneshka-koja/,Агнешка кожа-килим,"Няма две еднакви животни на планетата, затова и нашите кожи не са еднакви. Всяка е със своята идентичност и размер. Но всички кожи са обработени с препарат, за да не дразнят кожата при допир. Изключително меки и красиви. При поръчка, моля, позвънете на посочените телефони в сайта за уточняване на размера и визията!",,Начало > Shop > Агнешка кожа-килим,86.50 EUR,https://tofi.bg/wp-content/uploads/2024/05/agneska-kozha-golyama-cherno-byala.jpg
https://tofi.bg/onlajn-magazin-za-chehli-pantofi-i-botu/bezhova-shapka-ot-zaeshka-kozha-ushanka-uniseks/,Бежова шапка от заешка кожа - ушанка унисекс,"Ключови характеристики: Унисекс дизайн – подходяща както за жени, така и за мъже. Защита за ушите – осигуряват допълнителна защита от студ и вятър. Универсален сив цвят – лесно се комбинира с всякакви зимни облекла. &nbsp;",,Начало > Shop > Бежова шапка от заешка кожа &#8211; ушанка унисекс,65.70 EUR,https://tofi.bg/wp-content/uploads/2025/11/bezhova-shapka-zaeshka-koja-s-tamnokafyavi-petna-ushanka-uniseks.jpg
https://tofi.bg/detski/bebe/bezhovi-bebeshki-buyki-viki-estestvena-agneshka-kozha/,Бежови бебешки буйки ВИКИ - чесна агнешка кожа,"Бежовите бебешки буйки ВИКИ в цвят чесна са изработени изцяло от естествена агнешка кожа с топло бежово-кафяво тяло и кремаво-бял пухкав маншет. Меката кожена повърхност и белият декоративен шнур отпред придават на модела отличителен, естествен вид. Използваните суровини и натурални багрила гарантират напълно безвреден допир с нежната кожа на малкото краче.",,Начало > Shop > Бежови бебешки буйки ВИКИ &#8211; чесна агнешка кожа,29.50 EUR,https://tofi.bg/wp-content/uploads/2024/05/bezhovi-bebeshki-buiki-viki-chesna-agneshka-kozha.jpg
https://tofi.bg/detski/bebe/bezhovi-bebeshki-buyki-niki-ot-agneshka-kozha/,Бежови бебешки буйки НИКИ от агнешка кожа,"Бежовите бебешки буйки НИКИ са изработени изцяло от агнешка кожа за максимален комфорт и топлина на нежните крачета. Използваните суровини, натурални багрила и технологии в производствения процес гарантират приятен и напълно безвреден допир с чувствителната бебешка кожа. Подходящи са за носене у дома и за разходки с количка в студените зимни месеци.",,Начало > Shop > Бежови бебешки буйки НИКИ от агнешка кожа,29.50 EUR,https://tofi.bg/wp-content/uploads/2025/06/bebeshki-buyuki-niki-bejavo.jpg
https://tofi.bg/damski/rakavici/bejovi-damski-rakavici-bez-prasti-puh-i-agneshka-koja/,Бежови дамски ръкавици без пръсти - пух и агнешка кожа,Висококачествена Агнешка Естествена Кожа Ръчна Изработка Българско Производство Възможност за пране в перална машина Право на Тест при Получаване на Пратката Безплатна Доставка с,,Начало > Shop > Бежови дамски ръкавици без пръсти &#8211; пух и агнешка кожа,46.50 EUR,https://tofi.bg/wp-content/uploads/2024/10/bezhovi-damski-rakavitsi-bez-prasti-puh-i-agneshka-kozha.jpg
https://tofi.bg/detski/detski-botushi/bejovi-detski-botushi-miki-toplo-bejovo-s-kafiavi-shevove/,Бежови детски ботуши МИКИ - топло бежово с кафяви шевове,"Пухкави отвътре, удобни и леки. Еластичната подметка предпазва от пързаляне, създавайки повече стабилност при ходене. Прекрасно решение за студените есенни и зимни дни. Подходящи за най-потливите кръчета. Висококачествена Агнешка Естествена Кожа Ръчна Изработка Българско Производство Възможност за пране в перална машина Право на Тест при Получаване на Пратката Безплатна Доставка с",,Начало > Shop > Бежови детски ботуши МИКИ &#8211; топло бежово с кафяви шевове,69.50 EUR,https://tofi.bg/wp-content/uploads/2024/10/bezhovi-detski-botushi-miki-toplo-bezhovo-s-kafyavi-shevove.jpg
https://tofi.bg/detski/detski-pantofi/bejovi-detski-pantofi-pipi-s-biala-puhkava-iaka/,Бежови детски пантофи ПИПИ с бяла пухкава яка,"Бежовите детски пантофи ПИПИ от Тофи се открояват с топлото бежово-таупе тяло от овча кожа и широката бяла пухкава яка от агнешка кожа - комбинация, която прави всяка стъпка уютна и мека. Ходилото от евапрен не се пързаля и не пропуска вода, а материалите са напълно безвредни за деликатната детска кожа.",,Начало > Shop > Бежови детски пантофи ПИПИ с бяла пухкава яка,39.50 EUR,https://tofi.bg/wp-content/uploads/2024/05/bezhovi-detski-pantofi-pipi-s-byala-puhkava-yaka.jpg
https://tofi.bg/damski/damski-chehli/bejovi-damski-chehli-miia-kapuchino-s-biala-puhkava-iaka/,Бежови дамски чехли МИЯ - капучино с бяла пухкава яка,Висококачествена Агнешка Естествена Кожа Ръчна Изработка Българско Производство Възможност за пране в перална машина Право на Тест при Получаване на Пратката Безплатна Доставка с,,Начало > Shop > Бежови дамски чехли МИЯ &#8211; капучино с бяла пухкава яка,42.50 EUR,https://tofi.bg/wp-content/uploads/2024/05/bezhovi-detski-chehli-miya-kapuchino-s-byala-puhkava-lenta.jpg
https://tofi.bg/detski/detski-chehli/bejovi-detski-chehli-miia-ot-agneshka-koja/,Бежови детски чехли МИЯ от агнешка кожа,"Пухкави отвътре, удобни и леки. Еластичната подметка предпазва от пързаляне, създавайки повече стабилност при ходене. Прекрасно решение за студените есенни и зимни дни. Подходящи за най-потливите крачета. Висококачествена Агнешка Естествена Кожа Ръчна Изработка Българско Производство Възможност за пране в перална машина Право на Тест при Получаване на Пратката Безплатна Доставка с .",,Начало > Shop > Бежови детски чехли МИЯ от агнешка кожа,32.50 EUR,https://tofi.bg/wp-content/uploads/2024/05/bezhovi-detski-chehli-miya-ot-agneshka-kozha.jpg
https://tofi.bg/onlajn-magazin-za-chehli-pantofi-i-botu/bejzbolna-shapka-s-ushi-ot-teleshka-koja/,Бейзболна шапка с уши от телешка кожа,"Бейзболна шапка от висококачествена телешка кожа с прибиращи се ушни капаци. Мека подплата, стабилна конструкция и топлина през студените месеци. Подходяща за ежедневно носене, шофиране и зимни условия.",,Начало > Shop > Бейзболна шапка с уши от телешка кожа,40.65 EUR,https://tofi.bg/wp-content/uploads/2025/11/bejzbolna-shapka-teleshka-kozha-predna-viziya.jpg
https://tofi.bg/damski/botuschi/damski-botushi-mishel/,Ботуши МИШЕЛ (чесна),Висококачествена Агнешка Естествена Кожа Ръчна Изработка Българско Производство Възможност за пране в перална машина Право на Тест при Получаване на Пратката Безплатна Доставка с,,Начало > Shop > Ботуши МИШЕЛ (чесна),117.50 EUR,https://tofi.bg/wp-content/uploads/2024/10/botushi-mishel-chesna-osnovna-snimka.jpg
https://tofi.bg/damski/pantofi/sissy-womens-slippers/,Дамски пантофи СИСИ (натурал),Висококачествена Агнешка Естествена Кожа Ръчна Изработка Българско Производство Възможност за пране в перална машина Право на Тест при Получаване на Пратката Безплатна Доставка с &nbsp;,,Начало > Shop > Дамски пантофи СИСИ (натурал),86.50 EUR,https://tofi.bg/wp-content/uploads/2024/05/240426_106.jpg
https://tofi.bg/damski/damski-chehli/damski-chekhli-ema-bejavo/,Дамски чехли ЕМА (бежово),Висококачествена Агнешка Естествена Кожа Ръчна Изработка Българско Производство Възможност за пране в перална машина Право на Тест при Получаване на Пратката Безплатна Доставка с,,Начало > Shop > Дамски чехли ЕМА (бежово),52.50 EUR,https://tofi.bg/wp-content/uploads/2024/05/240426_112.jpg
https://tofi.bg/damski/damski-chehli/damski-chekhul-zeleno/,Дамски чехли ЕМА (зелено),Висококачествена Агнешка Естествена Кожа Ръчна Изработка Българско Производство Възможност за пране в перална машина Право на Тест при Получаване на Пратката Безплатна Доставка с,,Начало > Shop > Дамски чехли ЕМА (зелено),52.50 EUR,https://tofi.bg/wp-content/uploads/2024/05/240426_067.jpg
https://tofi.bg/damski/damski-chehli/damski-chekhli-natural/,Дамски чехли ЕМА (натурал),Висококачествена Агнешка Естествена Кожа Ръчна Изработка Българско Производство Възможност за пране в перална машина Право на Тест при Получаване на Пратката Безплатна Доставка с,,Начало > Shop > Дамски чехли ЕМА (натурал),52.50 EUR,https://tofi.bg/wp-content/uploads/2024/05/240426_115.jpg
https://tofi.bg/damski/damski-chehli/damski-chekhli-lilavo/,Дамски чехли ЕМА (лилаво),Висококачествена Агнешка Естествена Кожа Ръчна Изработка Българско Производство Възможност за пране в перална машина Право на Тест при Получаване на Пратката Безплатна Доставка с,,Начало > Shop > Дамски чехли ЕМА (лилаво),52.50 EUR,https://tofi.bg/wp-content/uploads/2024/05/240426_148.jpg
https://tofi.bg/damski/damski-chehli/damski-chehlil-sofiya-bejovo/,Дамски чехли СОФИЯ (бежово),Висококачествена Агнешка Естествена Кожа Ръчна Изработка Българско Производство Възможност за пране в перална машина Модел без пръсти Право на Тест при Получаване на Пратката Безплатна Доставка с,,Начало > Shop > Дамски чехли СОФИЯ (бежово),52.50 EUR,https://tofi.bg/wp-content/uploads/2024/05/240426_136.jpg
https://tofi.bg/damski/damski-chehli/damski-shehyl-sofiqrozovo/,Дамски чехли СОФИЯ (розово),Висококачествена Агнешка Естествена Кожа Ръчна Изработка Българско Производство Възможност за пране в перална машина Право на Тест при Получаване на Пратката Безплатна Доставка с,,Начало > Shop > Дамски чехли СОФИЯ (розово),52.50 EUR,https://tofi.bg/wp-content/uploads/2024/10/damski-chehli-sofia-rozovo.jpg
https://tofi.bg/onlajn-magazin-za-chehli-pantofi-i-botu/kafiav-majki-kasket-model-golf-ot-teleshka-koja/,"Кафяв мъжки каскет модел ""Голф"" от телешка кожа","Кафевият мъжки каскет модел ""Голф"" от телешка кожа е проектиран за мъже, които не правят компромис между стил и функционалност. Каскетът разполага с вградени ушни капаци, които се спускат при студ и превръщат шапката в ушанка - или се прибират вътре, когато времето позволява. Носиш две шапки в една, без да е видима разликата. Телешката кожа диша, не запарва и с времето придобива характер, правейки всеки каскет неповторим.",,Начало > Shop > Кафяв мъжки каскет модел &#8222;Голф&#8220; от телешка кожа,40.65 EUR,https://tofi.bg/wp-content/uploads/2025/11/kafiav-mazhki-kasket-model-golf-ot-teleshka-kozha.jpg
https://tofi.bg/majki/majki-chehli/kafiavi-majki-chehli-iavor-ot-agneshka-koja/,Кафяви мъжки чехли ЯВОР от агнешка кожа,Висококачествена Агнешка Естествена Кожа Ръчна Изработка Българско Производство Възможност за пране в перална машина Право на Тест при Получаване на Пратката Безплатна Доставка с &nbsp;,,Начало > Shop > Кафяви мъжки чехли ЯВОР от агнешка кожа,42.50 EUR,https://tofi.bg/wp-content/uploads/2024/05/kafyavi-mazhki-chehli-yavor-ot-agneshka-koja.jpg
https://tofi.bg/za-doma/taburetki/kvadratna-taburetka/,Квадратната табуретка,"✔ Материал: 100% естествена агнешка кожа✔ Цвят: Натурален (възможни са леки разлики)✔ Пълнеж: Пресован стиропор✔ Калъф: Свалящ се, от агнешка кожа✔ Форма: Квадратна✔ Размери: 45 x 45 x 45 см✔ Поддръжка: Лесно почистване благодарение на свалящия се калъф✔ Приложение: Табуретка, поставка за крака, декоративен акцент✔ Производител: Tofi",,Начало > Shop > Квадратната табуретка,250.00 EUR,https://tofi.bg/wp-content/uploads/2025/12/taburetka-ot-agneshka-kozha-stil-v-dizaina.jpg
https://tofi.bg/za-doma/taburetki/kragla-taburetka/,Кръгла табуретка,"✔ Материал: 100% естествена агнешка кожа✔ Цвят: Натурален (възможни са леки разлики)✔ Пълнеж: Пресован стиропор✔ Калъф: Свалящ се, от агнешка кожа✔ Форма: Кръгла✔ Размери: Ф 45 x 45 см✔ Поддръжка: Лесно почистване благодарение на свалящия се калъф✔ Приложение: Табуретка, поставка за крака, декоративен акцент✔ Производител: Tofi",,Начало > Shop > Кръгла табуретка,240.00 EUR,https://tofi.bg/wp-content/uploads/2025/12/251211_022.jpg
https://tofi.bg/onlajn-magazin-za-chehli-pantofi-i-botu/gift-card-tofi/,Подаръчен ваучер TOFI,"Важно! Ваучерът се изпраща веднага след покупката на въведения имейл. Ако искате да го подарите на друга дата, въведете вашия имейл, получете ваучера и го изпратете когато желаете.",,Начало > Shop > Подаръчен ваучер TOFI,100.00 EUR,https://tofi.bg/wp-content/uploads/2025/11/Gift-Certificate.webp
https://tofi.bg/damski/rakavici/rykavici-varaschkibejovo/,Ръкавици ВАРАШКИ (бежово),Висококачествена Агнешка Естествена Кожа Ръчна Изработка Българско Производство Възможност за пране в перална машина Право на Тест при Получаване на Пратката Безплатна Доставка с,,Начало > Shop > Ръкавици ВАРАШКИ (бежово),44.50 EUR,https://tofi.bg/wp-content/uploads/2024/10/240927B_123.jpg
https://tofi.bg/detski/bebe/rozovi-bebeshki-bujki-niki-agneshka-koja/,Розови бебешки буйки НИКИ - агнешка кожа,"Розовите бебешки буйки НИКИ са изработени от агнешка кожа с нежна лицева страна в пастелно розово и топла пухкава вълнена подплата. Естествените материали и натуралните багрила гарантират безопасен допир с чувствителната бебешка кожа - без дразнене, без компромис с комфорта.",,Начало > Shop > Розови бебешки буйки НИКИ &#8211; агнешка кожа,29.50 EUR,https://tofi.bg/wp-content/uploads/2024/11/rozovi-bebeshki-buiki-niki-velur-i-puhkava-valna.jpg
https://tofi.bg/damski/botuschi/stelki-za-obuvki/,Стелки за обувки,Стелки за обувки от агнешка или овча кожа. Най-добрата изолация за зимата! Омекотяват вървежа и позволяват краката да дишат.,,Начало > Shop > Стелки за обувки,12.50 EUR,https://tofi.bg/wp-content/uploads/2024/11/241022A_046.jpg
https://tofi.bg/majki/myjki-schapki/cherna-damska-majka-shapka-ivan-ushanka-ot-agneshka-koja/,Черна унисекс шапка ИВАН - ушанка от агнешка кожа,Висококачествена Агнешка Естествена Кожа Ръчна Изработка Българско Производство Възможност за пране в перална машина Право на Тест при Получаване на Пратката Безплатна Доставка с,,Начало > Shop > Черна унисекс шапка ИВАН &#8211; ушанка от агнешка кожа,82.50 EUR,https://tofi.bg/wp-content/uploads/2024/10/cherna-damska-mazhka-shapka-ivan-ushanka-ot-agneshka-kozha.jpg
https://www.bulinnovation.com/bg/product/bio-eterichno-maslo-rozmarin/#tab1,Био етерично масло от Розмарин,"Тревист и дървесен аромат с нотки на камфор и евкалипт. Ободрява, подобрява концентрацията, умствената яснота и задържането на паметта. Смята се, че влияе благоприятно за пречистване на дихателните пътища. Подобрява настроението и намалява чувството на умора. Притежава естествени антиоксидантни, антимикробни и противовъзпалителни свойства. Подпомага по-доброто кръвообращение и намалява болките в мускулите. Детоксикира. Спомага за намаляване на акне и подобрява състояния на екзема, дерматит, пърхот, сърбеж. Стяга, тонизира кожата и регулира омазняването. Стимулира растежа на косата и предотвратява косопада. Подобрява цялостното състояние на скалпа и косата, като укрепва космените фоликули. 10 мл Комбинира се добре с етерични масла от лавандула, мента, лимон, евкалипт, чаено дърво. Научете Повече",,Начало > Магазин > Био етерично масло от Розмарин,5.20 EUR,https://www.bulinnovation.com/wp-content/uploads/2024/03/3Д-ЕМ-розмарин.png
https://www.bulinnovation.com/bg/product/bio-eterichno-masla-bezsmurtniche/,Био етерично масло от Безсмъртниче,"Тревист, землист и леко флорален аромат, с нотки на мед и подправки. Релаксира, облекчава стреса и чувството на тревожност. Известно е със своите противовъзпалителни, антимикробни и антиоксидантни свойства. Спомага за по-бързото зарастване на рани и намаляване на възпаления. Смята се, че притежава силни регенеративни свойства, които подпомагат намаляването на белези и акне. Притежава естествени и мощни подмладяващи свойства. Спомага за намаляване на бръчки и стрии. Действа благоприятно при екзема, псориазис и дерматит. Подхранва и поддържа доброто състояние на кожата и косата. 10 мл Комбинира се добре с етерични масла от лавандула, тамян, здравец, римска лайка, розмарин, сандалово дърво, бергамот. Научете Повече",,Начало > Магазин > Био етерично масло от Безсмъртниче,35.90 EUR,https://www.bulinnovation.com/wp-content/uploads/2024/03/3Д-безсмъртниче-ЕМ.png
https://www.bulinnovation.com/bg/product/bio-eterichno-maslo-menta/,Био етерично масло от Мента,"Свеж, охлаждащ и ободряващ аромат, напомнящ на пресни ментови листа. Ободрява, освежава, повишава енергийните нива и повдига настроението. Спомага за облекчаване на стреса и напрежението, главоболие и отпушване на синусите. Смята се, че притежава аналгетични, противовъзпалителни и антимикробни свойства. Подпомага за намаляване на болките в мускулите и ставите. Охлаждащото ментово усещане може да успокои сърбежа, раздразнението или обриви, причинени от ухапвания от насекоми. Действа благоприятно в борбата с гъбички, пърхот и акне. Спомага за стимулиране на кръвообращението и насърчаване растежа на косата. 10 мл Комбинира се добре с етерични масла от евкалипт, лавандула, лимон, розмарин, чаено дърво, тамян. Научете Повече",,Начало > Магазин > Био етерично масло от Мента,4.60 EUR,https://www.bulinnovation.com/wp-content/uploads/2024/03/3Д-ЕМ-мента.png
https://www.bulinnovation.com/bg/product/био-етерично-масло-от-куркума/,Био етерично масло от Куркума,"Топъл, пикантен и земен аромат с фини нотки на сладост. Ободрява, подобрява настроението, релаксира. Спомага за намаляване на стреса и облекчаване на респираторни проблеми. Притежава антиоксидантни, противовъзпалителни и антимикробни свойства. Облекчава болките в мускулите и ставите. Може да спомогне за намаляване на възпаления, да успокои раздразнената кожа и да подобри тена на кожата. Подмладява, като спомага за намаляване на фини линии и бръчки. Смята се, че действа благоприятно при псориазис и пърхот, като насърчава растежа на косата. 10 мл Комбинира се добре с етерични масла от джинджифил, лимон, портокал, бергамот, тамян, лавандула, пачули, сандалово дърво. Научете Повече",,Начало > Магазин > Био етерично масло от Куркума,6.20 EUR,https://www.bulinnovation.com/wp-content/uploads/2024/02/3Д-ЕМ-куркума.png
https://www.bulinnovation.com/bg/product/bio-floralna-voda-ot-rozmarin/,Био флорална вода от Розмарин,"Био флорална вода от розмарин, получена чрез парна дестилация на Rosmarinus officinalis. Притежава естествени стягащи и антиоксидантни свойства. Спомага за нормализиране на омазняването и намаляване на белезите от акне. Почиства и свива порите на кожата. Избистря тена и омекотява кожата. Подходяща за мазен тип кожа и коса. Подобрява състоянието на скалпа и корените на косата. Укрепва и заздравява косъма. Научете Повече",,Начало > Магазин > Био флорална вода от Розмарин,13.50 BGN,https://www.bulinnovation.com/wp-content/uploads/2023/10/Розмарин-сайт.jpg
https://www.bulinnovation.com/bg/product/smes-ot-organichni-floralni-vodi-za-mazna-kosa/,Смес от органични флорални води за Мазна Коса,"Био синергична комбинация от флорални води, получени чрез парна дестилация - розмарин, салвия, босилек, бял равнец. Действа благоприятно за ограничаване на косопада. Подпомага възстановяването на косата. Ревитализира косъма. Насърчава растежа на косата. Подходящo за мазен скалп. Спомага за намаляване на мазен пърхот. Научете Повече",,Начало > Магазин > Смес от органични флорални води за Мазна Коса,15.00 BGN,https://www.bulinnovation.com/wp-content/uploads/2023/10/Мазна-коса-сайт.jpg
https://www.bulinnovation.com/bg/product/smes-ot-organichni-floralni-vodi-za-syha-kosa/,Смес от органични флорални води за Суха Коса,"Био синергична комбинация от флорални води, получени чрез парна дестилация - българска роза, маточина, салвия, копърови семена. Подпомага възстановяването на косата. Действа благоприятно за ограничаване на косопада. Ревитализира косъма. Насърчава растежа на косата. Подходяща за нормална към суха коса. Спомага за намаляване на сух пърхот. Научете Повече",,Начало > Магазин > Смес от органични флорални води за Суха Коса,15.00 BGN,https://www.bulinnovation.com/wp-content/uploads/2023/10/Суха-коса-сайт.jpg
https://www.bulinnovation.com/bg/product/smes-ot-bio-floralni-vodi-za-syha-koja/,Смес от био флорални води за Суха Кожа,"Био синергична комбинация от флорални води, получени чрез парна дестилация - безсмъртниче, българска роза, римска лайка, копърови семена. Подпомага възстановяването на кожата след излагане на слънце. Ободрява, освежава и омекотява кожата. Допринася за избистряне на тена. Спомага за намаляване на петната по кожата. Подходяща за суха към нормален тип кожа. Спомага за подмладяване, ревитализиране и хидратиране на кожата. Научете Повече",,Начало > Магазин > Смес от био флорални води за Суха Кожа,15.00 BGN,https://www.bulinnovation.com/wp-content/uploads/2023/10/Суха-кожа-сайт.jpg
https://www.bulinnovation.com/bg/product/smes-ot-bio-floralni-vodi-za-mazna-koja/,Смес от био флорални води за Мазна Кожа,"Био синергична комбинация от флорални води, получени чрез парна дестилация - босилек, розмарин, маточина, лавандула. Спомага за намаляване на белезите от акне. Запазва естествения воден баланс на кожата. Допринася за избистряне на тена. Ободрява, освежава и омекотява кожата. Подходяща за мазна към смесен тип кожа. Спомага за нормализиране на омазняването, свиване на порите и ограничаване появата на комедони. Научете Повече",,Начало > Магазин > Смес от био флорални води за Мазна Кожа,15.00 BGN,https://www.bulinnovation.com/wp-content/uploads/2023/10/Комбинирана-към-мазна-кожа-сайт.jpg
https://www.bulinnovation.com/bg/product/naturalen-aromatizator-citrus/,Натурален ароматизатор Цитрус,"Невероятен цитрусов аромат, освежаващ тялото и душата. 100% натурален аромат благодарение на био етерични масла от портокал, лимон и грейпфрут. 100 мл Внесете спокойствие и хармония около себе си само с едно впръскване. Научете Повече",,Начало > Магазин > Натурален ароматизатор Цитрус,10.30 EUR,https://www.bulinnovation.com/wp-content/uploads/2021/11/20.webp
https://www.bulinnovation.com/bg/product/bio-floralna-voda-ot-bulgarska-roza/,Био флорална вода от българска Роза,"Био флорална вода от българска роза, получена чрез парна дестилация цветовете на маслодайна Rosa damascena. Почиства, освежава, тонизира кожата. Избистря тена и подпомага здравия, сияен свеж вид. Има ароматерапевтичен ефект. Подходяща за направата на домашни пачове за очи, като спомага за намаляването на тъмните кръгове. Ободрява и озарява кожата. Подходяща за използване като тоник за успокояване на кожата след слънце. Подходяща за всеки тип кожа. Розовата вода притежава естествени анти-ейдж свойства. Научете Повече",,Начало > Магазин > Био флорална вода от българска Роза,12.50 EUR,https://www.bulinnovation.com/wp-content/uploads/2021/11/2.webp
https://www.bulinnovation.com/bg/product/naturalen-aromatizator-bql-bor/,Натурален ароматизатор Бял бор,Дървесно-свежият аромат действа тонизиращо и освежаващо. Подходящо за медитация. 100 мл Енергизира и поддържа концентрацията. Научете Повече,,Начало > Магазин > Натурален ароматизатор Бял бор,9.20 EUR,https://www.bulinnovation.com/wp-content/uploads/2021/11/18.webp
https://www.bulinnovation.com/bg/product/naturalen-aromatizator-matochina/,Натурален ароматизатор за спокоен сън Маточина,Релаксира тялото и съзнанието при безпокойство и умора. Естествените антимикробни и антисептични свойства на маслото от маточина се допълват чудесно с тези на етиловия спирт - дезинфекциращо действие. 100 мл Подгответе се за пълноценен сън само с няколко впръсквания върху вашето спално бельо. Научете Повече,,Начало > Магазин > Натурален ароматизатор за спокоен сън Маточина,12.80 EUR,https://www.bulinnovation.com/wp-content/uploads/2021/11/21.webp
https://damascenashop.net/produkt/honey-rose-150-g/,Мед от рози-150гр.,"Ароматен пчелен мед с Българска маслодайна роза, притежаващ изключителни лечебни свойства и вкусови качества.",,Начало > Магазин > Мед от рози-150гр.,4.50 EUR,https://damascenashop.net/wp-content/uploads/2022/11/Мед-от-рози-150-гр..jpg
https://damascenashop.net/produkt/deo-cream/,Натурален крем-дезодорант,"Ръчно изработен и в малки серии, с което гарантираме качеството му. 100% натурален растителен продукт без съдържание на алуминиеви соли. Неутрализира неприятната миризма от потенето, предпазва и осигурява комфорт през следващите 8 до 24 часа в зависимост от физическото натоварване или времето. Направен от изцяло натурални и безвредни съставки, крем-дезодорантът не спира изпотяването, а само премахва неприятната миризма. Дезинфекцира, не запушва порите, не оставя мазни следи.",,Начало > Магазин > Натурален крем-дезодорант,6.48 EUR,https://damascenashop.net/wp-content/uploads/2022/11/крем-дезодорант.jpg
https://damascenashop.net/produkt/rose-roses/,Розе с рози – Пино Ноар,"Розе с рози – Пино Ноар от „Дамасцена“ е вино, което ще ви плени с красотата и изяществото си още от първата глътка. То има бледо розов цвят с искрящи оттенъци, които напомнят за изгрева над Розовата долина. Ароматът на виното е фин и деликатен, с нотки на розови листенца и зрели ягоди. Розовите листенца придават на виното нежен и изтънчен аромат, който се допълва от сладостта на зрелите ягоди. Вкусът на виното е свеж и ароматен, с хармонично съчетание на сладост, киселинност и танини. Сладостта на ягодите се усеща в началото на вкуса, а киселинността придава свежест и баланс. Танините са меки и нежни, което допринася за хармонията на виното. Розе с рози – Пино Ноар от „Дамасцена“ е идеалното вино за топлите летни вечери. То е прекрасно допълнение към леки ястия, като салати, морски дарове или риба на скара. Може да се консумира и самостоятелно, като освежителна напитка. Розе с рози – Пино Ноар 750 мл.",,Начало > Магазин > Розе с рози – Пино Ноар,12.00 EUR,https://damascenashop.net/wp-content/uploads/2023/11/розе-дамасцена.jpg
https://damascenashop.net/produkt/rose-oil-1-ml/,Розово масло 1 гр.,"Розово масло произведено в България е едно от най-висококачествените етерични масла в света. Използва се в ароматерапията като внасят хармония, равновесие и красота. Основното действие на маслото е подмладяващо, тъй като задейства заздравителните и регенериращи процеси в кожата.",,Начало > Магазин > Розово масло 1 гр.,18.00 EUR,https://damascenashop.net/wp-content/uploads/2022/11/zaglavna-1g.png
https://damascenashop.net/produkt/naturalperfumelight/,Натурален парфюм Light,"Парфюм, приготвен от натурални етерични масла. Натуралните аромати имат силата да въздействат на емоционално, енергийно и физическо ниво. Натуралните парфюми са по-добрата алтернатива за всеки, който осъзнава и избира здравословния и природосъобразен начин на живот.",,Начало > Магазин > Натурален парфюм Light,42.75 EUR,https://damascenashop.net/wp-content/uploads/2022/12/Натурален-парфюм-Light-1.jpg
https://damascenashop.net/produkt/lotionaftersun/,Лосион след слънце,"ЛОСИОН С МЕНТОВО МАСЛО, който осигурява интензивна и балансирана грижа за всеки тип кожа. Изключителната формула от розова вода, растителни масла от ши и слънчогледови семки, съчетани с действието на натуралните витамин Е и Bisabolol, както и D- panthenоl, заедно с богатата комбинация от успокояващи съставки, значително намалява симптомите на раздразнената кожа и възстановяват нейния комфорт.",,Начало > Магазин > Лосион след слънце,8.37 EUR,https://damascenashop.net/wp-content/uploads/2022/12/комплект-слънцезащита-3.jpg
https://damascenashop.net/produkt/disinfecting-rose/,Дълбоко почистващ флуид Роза (дезинфектант),"Натурален дълбоко почистващ флуид за ръце (дезинфектант), изработен изцяло от естествени съставки.",,Начало > Магазин > Дълбоко почистващ флуид Роза (дезинфектант),9.20 EUR,https://damascenashop.net/wp-content/uploads/2022/11/дезинфектант-роза-.jpg
https://damascenashop.net/produkt/grape-rose/,Гюлова ракия,Гюлова ракия. Традиционна високоалкохолна напитка от Розовата долина.,,Начало > Магазин > Гюлова ракия,15.00 EUR,https://damascenashop.net/wp-content/uploads/2022/12/гюловица.jpg
https://damascenashop.net/produkt/balsamlaika/,Балсам за тяло с лайка и лавандула,"Ръчно изработен и в малки серии, с което гарантираме качеството му. Нормализира възпалена и чувствителна кожа. Благодарение на изключително богатия състав на лайката, качествените растителни масла и екстракти, и пчелен восък, балсамът подхранва в дълбочина. Притежава бърз регенериращ ефект при раздразнения, зачервявания, лющене на кожата.",,Начало > Магазин > Балсам за тяло с лайка и лавандула,5.40 EUR,https://damascenashop.net/wp-content/uploads/2022/11/балсам-лавадула-и-лайка.jpg
https://damascenashop.net/produkt/balsamroses/,Балсам за тяло с невен и роза,"Ръчно изработен и в малки серии, с което гарантираме качеството му. Балансираното съчетание на изключително лековитата билка невен и Розовото масло със 100% чисти натурални масла и пчелен восък действа в синергия и спомага за бързото регенериране на кожата при повърхностни наранявания и охлузвания. Успокоява при слънчеви и други изгаряния, екземи, ухапване от насекоми. Омекотява грубата кожа, предотвратява нейното изсушаване и напукване и я прави нежна и еластична.",,Начало > Магазин > Балсам за тяло с невен и роза,6.30 EUR,https://damascenashop.net/wp-content/uploads/2022/11/балсам-невен-и-роза.jpg
https://damascenashop.net/produkt/dvufazenlotion/,Двуфазен почистващ лосион,Този двуфазен почистващ лосион е направен изцяло от натурални продукти за да успокои деликатната кожа. Маслата от жожоба и гроздови семки са много нежни към кожата и нежно премахват вашия грим като даряват дълбоко овлажняване.,,Начало > Магазин > Двуфазен почистващ лосион,9.00 EUR,https://damascenashop.net/wp-content/uploads/2022/12/двуфазен-лосион.jpg
